country_geo,year,Log GDP per capita,Social support,Healthy life expectancy at birth,Freedom to make life choices,Generosity,Perceptions of corruption,Positive affect,Negative affect,Life Ladder,Life Ladder Category,region
Afghanistan,2010,7.613899707794189,0.5390751957893372,51.09999847412109,0.6001272201538086,0.1178605407476425,0.7067660689353943,0.5169066786766052,0.2753238081932068,4.758380889892578,Low,Asia
Afghanistan,2011,7.581258773803711,0.52110356092453,51.400001525878906,0.4959014058113098,0.1600984185934066,0.731108546257019,0.4798346757888794,0.2671746909618377,3.831719160079956,Low,Asia
Afghanistan,2012,7.660505771636963,0.5206367373466492,51.70000076293945,0.5309350490570068,0.2341571748256683,0.7756198048591614,0.6135128140449524,0.26791912317276,3.782937526702881,Low,Asia
Afghanistan,2013,7.680333137512207,0.4835518598556518,52.0,0.5779553651809692,0.0592464841902256,0.8232041001319885,0.5474169850349426,0.2733280956745147,3.5721004009246826,Low,Asia
Afghanistan,2014,7.670638084411621,0.525568425655365,52.29999923706055,0.5085140466690063,0.1023299247026443,0.8712419867515564,0.4916410148143768,0.3748607337474823,3.1308956146240234,Low,Asia
Afghanistan,2015,7.653833389282227,0.5285972356796265,52.59999847412109,0.3889275789260864,0.0782182738184928,0.8806383013725281,0.491409957408905,0.3392760455608368,3.982854604721069,Low,Asia
Afghanistan,2016,7.650369644165039,0.5590717792510986,52.92499923706055,0.5225661993026733,0.0404801443219184,0.7932455539703369,0.5014087557792664,0.3483322858810425,4.220168590545654,Low,Asia
Afghanistan,2017,7.647830486297607,0.4908800721168518,53.25,0.4270108640193939,-0.1228477135300636,0.9543925523757936,0.4352699518203735,0.3713261783123016,2.6617181301116943,Low,Asia
Afghanistan,2018,7.630800724029541,0.5075158476829529,53.57500076293945,0.373535543680191,-0.0945523902773857,0.92760568857193,0.3845614790916443,0.4049043953418731,2.694303274154663,Low,Asia
Afghanistan,2019,7.640085697174072,0.4199728667736053,53.900001525878906,0.3936561644077301,-0.1094578579068183,0.9238491058349608,0.324107825756073,0.5024737119674683,2.375091791152954,Low,Asia
Afghanistan,2020,7.482293128967285,0.4370737820863724,54.22500038146973,0.39398105442523956,-0.09705705195665355,0.9350742399692534,0.2514968141913414,0.5545931458473206,2.4055631160736084,Low,Asia
Afghanistan,2021,7.324500560760498,0.4541746973991394,54.54999923706055,0.394305944442749,-0.0846562460064888,0.946299374103546,0.1788858026266098,0.6067125797271729,2.4360344409942627,Low,Asia
Afghanistan,2022,9.50294589996338,0.2282172292470932,54.875,0.368377149105072,-0.0216132979840039,0.7331978678703308,0.2058677822351455,0.5755118727684021,1.2812711000442505,Low,Asia
Afghanistan,2023,9.50294589996338,0.3684781193733215,55.20000076293945,0.2283011972904205,-0.0216132979840039,0.7384709119796753,0.2605132460594177,0.460166871547699,1.445908546447754,Low,Asia
Albania,2010,9.282611846923828,0.7331522703170776,67.5999984741211,0.5689584016799927,-0.1762193590402603,0.7262616753578186,0.5760765671730042,0.3000602424144745,5.268936634063721,Medium,Europe
Albania,2011,9.310437202453612,0.7594338059425354,67.87999725341797,0.4874962568283081,-0.2087150812149047,0.8770025968551636,0.5657588839530945,0.2565765082836151,5.867421627044678,Medium,Europe
Albania,2012,9.32616138458252,0.7845017910003662,68.16000366210938,0.6015121340751648,-0.1729880422353744,0.8476752042770386,0.553473174571991,0.2713932394981384,5.510124206542969,Medium,Europe
Albania,2013,9.337964057922363,0.7594767212867737,68.44000244140625,0.6318302750587463,-0.1313392966985702,0.862904965877533,0.5407509803771973,0.3383785784244537,4.550647735595703,Low,Europe
Albania,2014,9.357623100280762,0.6255869269371033,68.72000122070312,0.7346484065055847,-0.0288011599332094,0.8827044367790222,0.5729450583457947,0.3345426619052887,4.81376314163208,Low,Europe
Albania,2015,9.382479667663574,0.6393561363220215,69.0,0.7038506865501404,-0.0849818587303161,0.8847930431365967,0.5790717005729675,0.3504266738891601,4.6066508293151855,Low,Europe
Albania,2016,9.416690826416016,0.6384114623069763,69.0250015258789,0.7298189401626587,-0.0211359020322561,0.901070773601532,0.5670797228813171,0.3217059969902038,4.511100769042969,Low,Europe
Albania,2017,9.454931259155272,0.6376982927322388,69.05000305175781,0.7496110200881958,-0.0329571776092052,0.8761346340179443,0.5472404360771179,0.3338841199874878,4.639548301696777,Low,Europe
Albania,2018,9.49680519104004,0.6835916638374329,69.07499694824219,0.8242123126983643,0.0047685811296105,0.8991293907165527,0.5920446515083313,0.3189967274665832,5.0044026374816895,Medium,Europe
Albania,2019,9.521727561950684,0.6863648891448975,69.0999984741211,0.777351438999176,-0.1033250391483306,0.9142842888832092,0.5481892824172974,0.2738273739814758,4.995317935943604,Low,Europe
Albania,2020,9.493891716003418,0.7101150155067444,69.125,0.7536710500717163,0.0015586202498525,0.8913589715957642,0.5634861588478088,0.2650661170482635,5.364909648895264,Medium,Europe
Albania,2021,9.588499069213867,0.7018827795982361,69.1500015258789,0.8274527192115784,0.0386028848588466,0.8961266279220581,0.553830087184906,0.2536544799804687,5.255481719970703,Medium,Europe
Albania,2022,9.64870262145996,0.7240896224975586,69.17500305175781,0.8022497892379761,-0.0699520334601402,0.8455019593238831,0.5471259355545044,0.2548255324363708,5.212213039398193,Medium,Europe
Albania,2023,9.688706398010254,0.6907526254653931,69.19999694824219,0.8715454936027527,0.0678853020071983,0.8554250597953796,0.5973492860794067,0.3142271339893341,5.444690704345703,Medium,Europe
Algeria,2010,9.306354522705078,0.8343945443630219,65.5,0.5926958322525024,-0.2122973501682281,0.6180378794670105,0.6634199619293213,0.2621752023696899,5.463566780090332,Medium,Africa
Algeria,2011,9.315958023071287,0.8102344870567322,65.5999984741211,0.5295612812042236,-0.1876236200332641,0.637981653213501,0.5027362704277039,0.2548966407775879,5.31719446182251,Medium,Africa
Algeria,2012,9.329961776733398,0.8393968939781189,65.69999694824219,0.5866634845733643,-0.1791028529405594,0.6901163458824158,0.5400585532188416,0.2297156602144241,5.60459566116333,Medium,Africa
Algeria,2013,9.34268856048584,0.8287931680679321,65.79999923706055,0.6788925230503082,-0.10035807546228165,0.7443064898252487,0.5492088794708252,0.2032908797264099,5.97974705696106,Medium,Africa
Algeria,2014,9.35541534423828,0.8181894421577454,65.9000015258789,0.7711215615272522,-0.0216132979840039,0.7984966337680817,0.5583592057228088,0.1768660992383957,6.354898452758789,Medium,Africa
Algeria,2015,9.369363784790039,0.7833888530731201,66.0,0.7711215615272522,-0.0216132979840039,0.7984966337680817,0.5616925656795502,0.27698903530836105,5.847876071929932,Medium,Africa
Algeria,2016,9.383312225341797,0.7485882639884949,66.0999984741211,0.7711215615272522,-0.0216132979840039,0.7984966337680817,0.5650259256362915,0.3771119713783264,5.340853691101074,Medium,Africa
Algeria,2017,9.37665843963623,0.8067538738250732,66.19999694824219,0.4366704821586609,-0.1739770472049713,0.6997742056846619,0.5545287132263184,0.2887100279331207,5.248912334442139,Medium,Africa
Algeria,2018,9.369553565979004,0.7986513376235962,66.30000305175781,0.5833805799484253,-0.1530694812536239,0.7587041258811951,0.533724844455719,0.2929455637931824,5.043086051940918,Medium,Africa
Algeria,2019,9.361109733581545,0.8032586574554443,66.4000015258789,0.3850834369659424,-0.0022464604116976,0.740609347820282,0.5444278120994568,0.2151977568864822,4.744627475738525,Low,Africa
Algeria,2020,9.291438102722168,0.8676488995552063,66.5,0.5738906860351562,-0.1237000301480293,0.7242636680603027,0.5241692066192627,0.3106297552585602,5.437755107879639,Medium,Africa
Algeria,2021,9.30829620361328,0.8407102823257446,66.5999984741211,0.5584869384765625,-0.1159569695591926,0.7119000554084778,0.4980222880840301,0.2577791512012481,5.217017650604248,Medium,Africa
Algeria,2022,9.322542190551758,0.7834008932113647,66.69999694824219,0.4399707317352295,-0.0449124202132225,0.611082911491394,0.5834293365478516,0.2585958242416382,5.538172245025635,Medium,Africa
Algeria,2023,9.322542190551758,0.7834008932113647,66.69999694824219,0.4399707317352295,-0.0449124202132225,0.611082911491394,0.5834293365478516,0.2585958242416382,5.538172245025635,Medium,Africa
Argentina,2010,10.06566047668457,0.9267985820770264,66.30000305175781,0.7302581667900085,-0.1315066814422607,0.8546954393386841,0.7654804587364197,0.2109754979610443,6.441067218780518,Medium,The Americas
Argentina,2011,10.112436294555664,0.8890734910964966,66.41999816894531,0.8158020377159119,-0.1798323094844818,0.7546457052230835,0.7689425349235535,0.2318551540374755,6.775805473327637,High,The Americas
Argentina,2012,10.090749740600586,0.9017763733863832,66.54000091552734,0.7474983930587769,-0.1534416675567627,0.8165462017059326,0.744064211845398,0.2722191214561462,6.468387126922607,Medium,The Americas
Argentina,2013,10.103326797485352,0.9098742008209229,66.66000366210938,0.7372503876686096,-0.1359540969133377,0.8229002952575684,0.766156792640686,0.2542047202587127,6.5822601318359375,High,The Americas
Argentina,2014,10.066884994506836,0.9178704023361206,66.77999877929688,0.7450577616691589,-0.1699784845113754,0.8541916012763977,0.7694680094718933,0.2379128634929657,6.671114444732666,High,The Americas
Argentina,2015,10.083050727844238,0.9264922738075256,66.9000015258789,0.8812236785888672,-0.1796781569719314,0.8509061932563782,0.7678452730178833,0.3053549230098724,6.6971306800842285,High,The Americas
Argentina,2016,10.051456451416016,0.8828191161155701,66.94999694824219,0.8477022051811218,-0.1975760757923126,0.8509244918823242,0.7317351698875427,0.3116464614868164,6.427221298217773,Medium,The Americas
Argentina,2017,10.068880081176758,0.9066991209983826,67.0,0.8319661617279053,-0.1917345076799392,0.8410524725914001,0.715182363986969,0.2917172610759735,6.039330005645752,Medium,The Americas
Argentina,2018,10.032198905944824,0.8999115824699402,67.05000305175781,0.8458946943283081,-0.216326355934143,0.8552552461624146,0.7320699095726013,0.3205020725727081,5.792796611785889,Medium,The Americas
Argentina,2019,10.002053260803224,0.896370530128479,67.0999984741211,0.8170526027679443,-0.216646522283554,0.8304597735404968,0.7349058389663696,0.3190548419952392,6.08556079864502,Medium,The Americas
Argentina,2020,9.887622833251951,0.8971038460731506,67.1500015258789,0.8233916163444519,-0.1307778656482696,0.8157804608345032,0.6793167591094971,0.3424969315528869,5.900567054748535,Medium,The Americas
Argentina,2021,9.977072715759276,0.8823045492172241,67.19999694824219,0.8194793462753296,-0.0143803218379616,0.8162567019462585,0.6848600506782532,0.3451315760612488,5.908278942108154,Medium,The Americas
Argentina,2022,10.018916130065918,0.8933295607566833,67.25,0.825188934803009,-0.1302094459533691,0.8100374341011047,0.7240683436393738,0.2842791974544525,6.260993480682373,Medium,The Americas
Argentina,2023,9.993596076965332,0.8921175003051758,67.30000305175781,0.8316837549209595,-0.1290609091520309,0.8460935354232788,0.720122218132019,0.3011621832847595,6.393228530883789,Medium,The Americas
Armenia,2010,9.112593650817873,0.6603423357009888,64.80000305175781,0.4592567086219787,-0.1799857020378112,0.890629231929779,0.4367476999759674,0.4264958500862121,4.36781120300293,Low,Asia
Armenia,2011,9.164417266845703,0.7051084637641907,65.04000091552734,0.4645247161388397,-0.2297377288341522,0.8746010065078735,0.410856693983078,0.4590740799903869,4.260491371154785,Low,Asia
Armenia,2012,9.238924980163574,0.6764464378356934,65.27999877929688,0.5018637776374817,-0.2200271785259246,0.8925443887710571,0.4698740541934967,0.4638554453849792,4.319711685180664,Low,Asia
Armenia,2013,9.27587604522705,0.7232600450515747,65.5199966430664,0.5040818452835083,-0.2009808719158172,0.8997967839241028,0.50290447473526,0.4499498307704925,4.277191162109375,Low,Asia
Armenia,2014,9.31519889831543,0.7387635111808777,65.76000213623047,0.5064871311187744,-0.2246278226375579,0.920390486717224,0.5101979970932007,0.4039843380451202,4.453083038330078,Low,Asia
Armenia,2015,9.350626945495604,0.7225510478019714,66.0,0.5510266423225403,-0.2093866020441055,0.901462197303772,0.5268528461456299,0.4379477202892303,4.3483195304870605,Low,Asia
Armenia,2016,9.357068061828612,0.7092183232307434,66.2750015258789,0.6109869480133057,-0.1777603477239608,0.9214210510253906,0.5159894227981567,0.4372278153896332,4.325471878051758,Low,Asia
Armenia,2017,9.43425464630127,0.6979249119758606,66.55000305175781,0.6136970520019531,-0.1547605097293853,0.8646833300590515,0.5524067282676697,0.4371487498283386,4.287736415863037,Low,Asia
Armenia,2018,9.490350723266602,0.8144490122795105,66.82499694824219,0.8076436519622803,-0.1710782647132873,0.6768263578414917,0.5354028344154358,0.4548402726650238,5.062448501586914,Medium,Asia
Armenia,2019,9.569241523742676,0.7816038727760315,67.0999984741211,0.8443241119384766,-0.1814296394586563,0.583472728729248,0.5365626215934753,0.4304634034633636,5.488086700439453,Medium,Asia
Armenia,2020,9.564877033233643,0.7718240022659302,67.375,0.8197469413280487,-0.17008154094219205,0.6444032788276672,0.5511721074581146,0.4540016800165176,5.394327640533447,Medium,Asia
Armenia,2021,9.56051254272461,0.7620441317558289,67.6500015258789,0.7951697707176208,-0.1587334424257278,0.7053338289260864,0.5657815933227539,0.4775399565696716,5.300568580627441,Medium,Asia
Armenia,2022,9.682954788208008,0.8111692667007446,67.92500305175781,0.7895985245704651,-0.1577640324831009,0.7047304511070251,0.5309311747550964,0.5494683384895325,5.3819427490234375,Medium,Asia
Armenia,2023,9.729613304138184,0.819337785243988,68.19999694824219,0.8193762898445129,-0.1794440746307373,0.6807089447975159,0.5747167468070984,0.4226305484771728,5.679090023040772,Medium,Asia
Australia,2010,10.713648796081545,0.9545195698738098,70.19999694824219,0.932058572769165,0.3113341629505157,0.3661274015903473,0.7617155313491821,0.2200732082128524,7.450047016143799,High,Oceania
Australia,2011,10.72338581085205,0.9670292139053344,70.27999877929688,0.944586455821991,0.3639772832393646,0.3817717432975769,0.7241322994232178,0.1953236758708953,7.405616283416748,High,Oceania
Australia,2012,10.744205474853516,0.9445990324020386,70.36000061035156,0.9351462721824646,0.2682772576808929,0.3682517409324646,0.72809237241745,0.2143969088792801,7.19558572769165,High,Oceania
Australia,2013,10.75245475769043,0.9282051920890808,70.44000244140625,0.9333791732788086,0.2634275555610657,0.4315390288829803,0.7701471447944641,0.1771422624588012,7.364169120788574,High,Oceania
Australia,2014,10.763002395629885,0.9237987399101256,70.5199966430664,0.922932267189026,0.3131643533706665,0.442021369934082,0.7398152947425842,0.2453043013811111,7.28855037689209,High,Oceania
Australia,2015,10.769908905029297,0.951861560344696,70.5999984741211,0.9218710064888,0.3265326619148254,0.3565543889999389,0.7495036721229553,0.2096369713544845,7.309060573577881,High,Oceania
Australia,2016,10.78122901916504,0.942334234714508,70.67500305175781,0.9223157167434692,0.2332163602113723,0.3985451161861419,0.7358955144882202,0.2360857874155044,7.250080108642578,High,Oceania
Australia,2017,10.787260055541992,0.9499578475952148,70.75,0.9105501770973206,0.3120236098766327,0.4113465249538421,0.7281498312950134,0.2253609746694564,7.25703763961792,High,Oceania
Australia,2018,10.800652503967283,0.940137267112732,70.82499694824219,0.9160281419754028,0.1411612778902053,0.4046474993228912,0.7059827446937561,0.1874563694000244,7.176993370056152,High,Oceania
Australia,2019,10.80728244781494,0.9427743554115297,70.9000015258789,0.9175369143486024,0.1151714995503425,0.4302086532115936,0.726976215839386,0.2021900713443756,7.233994960784912,High,Oceania
Australia,2020,10.794416427612305,0.9365170001983644,70.9749984741211,0.905282974243164,0.2015148401260376,0.4910948276519775,0.7256889343261719,0.2050776779651641,7.1373677253723145,High,Oceania
Australia,2021,10.815255165100098,0.9197552800178528,71.05000305175781,0.9124022126197816,0.234270691871643,0.4536760449409485,0.7398001551628113,0.2353141754865646,7.111598968505859,High,Oceania
Australia,2022,10.839532852172852,0.9416733384132384,71.125,0.8537769913673401,0.152756467461586,0.545216977596283,0.7107718586921692,0.2439197152853012,7.034696102142334,High,Oceania
Australia,2023,10.846433639526367,0.8964600563049316,71.19999694824219,0.875768780708313,0.1873090416193008,0.4815804660320282,0.7310531139373779,0.2481628209352493,7.024582386016846,High,Oceania
Austria,2010,10.85598373413086,0.914193332195282,69.9000015258789,0.8959797620773315,0.1252141594886779,0.5461448431015015,0.71030193567276,0.15579254925251,7.30267858505249,High,Europe
Austria,2011,10.88142204284668,0.94415682554245,70.0,0.9393556118011476,0.1258932054042816,0.7027209997177124,0.6721920967102051,0.1452375501394271,7.470512866973877,High,Europe
Austria,2012,10.883644104003906,0.945142388343811,70.0999984741211,0.9197039008140564,0.1121185570955276,0.7705857753753662,0.712149977684021,0.1566749960184097,7.400688648223877,High,Europe
Austria,2013,10.878005027770996,0.949809193611145,70.19999694824219,0.9217344522476196,0.1625643968582153,0.6789368987083435,0.7250531911849976,0.1626033186912536,7.498802661895752,High,Europe
Austria,2014,10.87678050994873,0.898920476436615,70.30000305175781,0.8850268721580505,0.1119244396686554,0.5669313073158264,0.7209653258323669,0.1701495498418808,6.949999809265137,High,Europe
Austria,2015,10.875664710998535,0.9281103014945984,70.4000015258789,0.9003051519393921,0.0932100638747215,0.5574796199798584,0.747707724571228,0.1644690334796905,7.076447010040283,High,Europe
Austria,2016,10.884549140930176,0.92631858587265,70.5250015258789,0.88851398229599,0.0741286501288414,0.5236409902572632,0.7134508490562439,0.1974238455295562,7.04807186126709,High,Europe
Austria,2017,10.899937629699709,0.9062178134918212,70.6500015258789,0.890030562877655,0.1275908648967743,0.5183038115501404,0.6988893747329712,0.180268719792366,7.293727874755859,High,Europe
Austria,2018,10.919031143188477,0.9116681218147278,70.7750015258789,0.9041119813919068,0.0479868464171886,0.5230605602264404,0.6946277022361755,0.2260587960481643,7.396001815795898,High,Europe
Austria,2019,10.929644584655762,0.9644888043403624,70.9000015258789,0.9034276604652404,0.0542902834713459,0.4570888876914978,0.7273411154747009,0.2051697373390197,7.195361137390137,High,Europe
Austria,2020,10.858776092529297,0.924831211566925,71.0250015258789,0.9119098782539368,0.0044160457327961,0.4638301730155945,0.7163522839546204,0.2064996510744094,7.213489055633545,High,Europe
Austria,2021,10.898980140686035,0.8629759550094604,71.1500015258789,0.7948459386825562,0.1577580571174621,0.500808596611023,0.7218652367591858,0.259080171585083,7.079640865325928,High,Europe
Austria,2022,10.938103675842283,0.8762874007225037,71.2750015258789,0.8555026054382324,0.1374349147081375,0.524212121963501,0.7176164388656616,0.2263948172330856,6.998997211456299,High,Europe
Austria,2023,10.930412292480469,0.874427318572998,71.4000015258789,0.874083399772644,0.2092682719230651,0.5294297337532043,0.7124965786933899,0.2396080791950225,6.635663986206055,High,Europe
Azerbaijan,2010,9.552669525146484,0.6870009899139404,61.70000076293945,0.5010710954666138,-0.1277264803647995,0.8583466410636902,0.5162716507911682,0.2718733251094818,4.218610763549805,Low,Asia
Azerbaijan,2011,9.54063892364502,0.7251939177513123,61.97999954223633,0.5374842882156372,-0.1102365925908088,0.795119047164917,0.5216935276985168,0.2581173181533813,4.680469512939453,Low,Asia
Azerbaijan,2012,9.548772811889648,0.7618732452392578,62.2599983215332,0.5988590717315674,-0.1456230282783508,0.7631548047065735,0.5233128666877747,0.2660934031009674,4.91077184677124,Low,Asia
Azerbaijan,2013,9.592310905456545,0.7696901559829712,62.540000915527344,0.6719569563865662,-0.1734439879655838,0.6988195776939392,0.5160890817642212,0.2424554526805877,5.481178283691406,Medium,Asia
Azerbaijan,2014,9.606963157653809,0.7994333505630493,62.81999969482422,0.732772946357727,-0.2138164937496185,0.6538453102111816,0.5020862221717834,0.2199821174144745,5.251530170440674,Medium,Asia
Azerbaijan,2015,9.605931282043455,0.7857027649879456,63.09999847412109,0.7642894983291626,-0.2034048736095428,0.615552544593811,0.5204299688339233,0.2061142772436142,5.146774768829346,Medium,Asia
Azerbaijan,2016,9.563261985778809,0.777271032333374,63.22499847412109,0.7125731706619263,-0.2097998857498169,0.6067708134651184,0.5088365077972412,0.1911171972751617,5.303894996643066,Medium,Asia
Azerbaijan,2017,9.555447578430176,0.7870393991470337,63.34999847412109,0.7310304641723633,-0.2307973206043243,0.6525390148162842,0.511526882648468,0.1983186602592468,5.152279376983643,Medium,Asia
Azerbaijan,2018,9.56167221069336,0.7812299132347107,63.47499847412109,0.772449254989624,-0.2372829616069793,0.5612062811851501,0.5270726680755615,0.1913916617631912,5.167995452880859,Medium,Asia
Azerbaijan,2019,9.577898979187012,0.886756420135498,63.59999847412109,0.8542485237121582,-0.2200269848108291,0.4572606682777405,0.576897144317627,0.1639202535152435,5.173389434814453,Medium,Asia
Azerbaijan,2020,9.591531753540039,0.8129158020019531,63.72499847412109,0.8362584511439005,-0.12164613107840218,0.5369890729586283,0.5622008244196574,0.24299906690915424,4.974353472391765,Low,Asia
Azerbaijan,2021,9.605164527893066,0.7390751838684082,63.84999847412109,0.8182683785756429,-0.02326527734597525,0.6167174776395162,0.5475045045216879,0.32207788030306495,4.775317509969075,Low,Asia
Azerbaijan,2022,9.618797302246094,0.6652345657348633,63.97499847412109,0.8002783060073853,0.0751155763864517,0.696445882320404,0.5328081846237183,0.4011566936969757,4.576281547546387,Low,Asia
Azerbaijan,2023,9.636955261230469,0.7134778499603271,64.0999984741211,0.8286861777305603,-0.1601701378822326,0.6266407370567322,0.5090611577033997,0.2213183641433715,5.213894844055176,Medium,Asia
Bahrain,2010,10.72766399383545,0.8771150708198547,65.0,0.8620029091835022,-0.0081723891198635,0.7146201729774475,0.6410390138626099,0.4226707220077514,5.936869144439697,Medium,Asia
Bahrain,2011,10.748598098754885,0.9078677296638488,65.23999786376953,0.8698703646659851,-0.0611709132790565,0.582522451877594,0.5059924721717834,0.5137192010879517,4.823976039886475,Low,Asia
Bahrain,2012,10.774645805358888,0.911349594593048,65.4800033569336,0.6818228960037231,-0.0216132979840039,0.4379152655601501,0.5594157576560974,0.3808147609233856,5.027186870574951,Medium,Asia
Bahrain,2013,10.797850608825684,0.8837805390357971,65.72000122070312,0.809205949306488,-0.0216132979840039,0.5247032642364502,0.711107611656189,0.3062094151973724,6.689711093902588,High,Asia
Bahrain,2014,10.80198097229004,0.8343945443630219,65.95999908447266,0.7711215615272522,-0.0216132979840039,0.7984966337680817,0.6634199619293213,0.2621752023696899,6.165133953094482,Medium,Asia
Bahrain,2015,10.78836441040039,0.852550745010376,66.19999694824219,0.8495211601257324,0.1057531386613845,0.7984966337680817,0.6533447504043579,0.3029721081256866,6.007375240325928,Medium,Asia
Bahrain,2016,10.789036750793455,0.8627001047134399,66.125,0.8886910676956177,0.0815555229783058,0.7984966337680817,0.7362198829650879,0.2834663391113281,6.169673442840576,Medium,Asia
Bahrain,2017,10.798134803771973,0.8757471442222595,66.05000305175781,0.9058585166931152,0.1283646374940872,0.7984966337680817,0.7543330192565918,0.2897595167160034,6.227320671081543,Medium,Asia
Bahrain,2018,10.806641101837158,0.8768382966518402,65.97500228881836,0.9061970114707947,0.08151180483400819,0.7984966337680817,0.7328596413135529,0.30343295633792877,6.66266655921936,High,Asia
Bahrain,2019,10.815147399902344,0.8779294490814209,65.9000015258789,0.906535506248474,0.0346589721739292,0.7984966337680817,0.7113862633705139,0.3171063959598541,7.098012447357178,High,Asia
Bahrain,2020,10.77884006500244,0.8477450609207153,65.82499694824219,0.9452325701713562,0.1150526031851768,0.7984966337680817,0.7295103073120117,0.2968354523181915,6.173175811767578,Medium,Asia
Bahrain,2021,10.81151262919108,0.837655782699585,65.74999745686848,0.919675330320994,0.12824675440788263,0.7984966337680817,0.7098630865414938,0.3098703026771545,6.101806640625,Medium,Asia
Bahrain,2022,10.844185193379719,0.8275665044784546,65.6749979654948,0.894118090470632,0.14144090563058845,0.7984966337680817,0.6902158657709757,0.3229051530361175,6.030437469482422,Medium,Asia
Bahrain,2023,10.87685775756836,0.8174772262573242,65.5999984741211,0.8685608506202698,0.1546350568532943,0.7984966337680817,0.6705686450004578,0.3359400033950805,5.959068298339844,Medium,Asia
Bangladesh,2010,8.130166053771973,0.5493984818458557,61.20000076293945,0.6590056419372559,-0.0330891646444797,0.7735304832458496,0.4957400858402252,0.2924252152442932,4.858481407165527,Low,Asia
Bangladesh,2011,8.180617332458496,0.6064590215682983,61.720001220703125,0.8379953503608704,-0.0861901566386222,0.7570026516914368,0.5013073086738586,0.2349815368652343,4.985649108886719,Low,Asia
Bangladesh,2012,8.23135757446289,0.5817652940750122,62.2400016784668,0.6676822900772095,-0.0511566363275051,0.764894425868988,0.5371347069740295,0.1832453906536102,4.724443912506104,Low,Asia
Bangladesh,2013,8.277083396911621,0.530139684677124,62.7599983215332,0.7415180206298828,-0.0322823412716388,0.7427741885185242,0.4919309020042419,0.2460526674985885,4.660161018371582,Low,Asia
Bangladesh,2014,8.323469161987305,0.5770650506019592,63.27999877929688,0.7355128526687622,-0.1148525848984718,0.7893747091293335,0.6634199619293213,0.2306783646345138,4.635564804077148,Low,Asia
Bangladesh,2015,8.37502670288086,0.6014682650566101,63.79999923706055,0.8147962689399719,-0.0850957855582237,0.7206009030342102,0.543083906173706,0.2257537543773651,4.633473873138428,Low,Asia
Bangladesh,2016,8.431437492370605,0.6491169333457947,63.92499923706055,0.8747004866600037,-0.1052959486842155,0.6878536343574524,0.4366278946399688,0.2350224554538726,4.556140899658203,Low,Asia
Bangladesh,2017,8.482762336730957,0.7125527858734131,64.05000305175781,0.8962171673774719,-0.0043696332722902,0.6350144743919373,0.4364970326423645,0.2135057598352432,4.309771060943604,Low,Asia
Bangladesh,2018,8.541788101196289,0.7055560350418091,64.17500305175781,0.9014708399772644,-0.0589018277823925,0.7014212012290955,0.4329648911952972,0.3612377941608429,4.499217033386231,Low,Asia
Bangladesh,2019,8.606523513793945,0.6731721758842468,64.30000305175781,0.901936650276184,-0.0668229162693023,0.6560046076774597,0.4326653778553009,0.3694715499877929,5.1142168045043945,Medium,Asia
Bangladesh,2020,8.62898063659668,0.7393379211425781,64.42500305175781,0.7774671912193298,-0.0254248306155204,0.7416591644287109,0.4845598936080932,0.3317087888717651,5.27998685836792,Medium,Asia
Bangladesh,2021,8.684572219848633,0.484740287065506,64.55000305175781,0.8930133581161499,0.0889460444450378,0.7462065815925598,0.5035513639450073,0.4482610523700714,4.123318672180176,Low,Asia
Bangladesh,2022,8.742415428161621,0.4037075340747833,64.67500305175781,0.8645762801170349,-0.0575633011758327,0.6168723702430725,0.3935170769691467,0.4480601847171783,3.407532215118408,Low,Asia
Bangladesh,2023,8.782783508300781,0.4498020708560943,64.80000305175781,0.9192094206809998,0.0189974885433912,0.755618155002594,0.4353271722793579,0.4345818161964416,4.113548755645752,Low,Asia
Belarus,2010,9.758502006530762,0.9180001616477966,62.29999923706055,0.7000644207000732,-0.1683467775583267,0.7061206102371216,0.5318477153778076,0.2082721590995788,5.525923252105713,Medium,Europe
Belarus,2011,9.81323528289795,0.9098877906799316,62.86000061035156,0.6560108661651611,-0.1737674325704574,0.6719386577606201,0.4933811724185943,0.2494553923606872,5.225307941436768,Medium,Europe
Belarus,2012,9.83153247833252,0.9019615054130554,63.41999816894531,0.6452488303184509,-0.223155677318573,0.6574302315711975,0.515112578868866,0.1807645261287689,5.7490434646606445,Medium,Europe
Belarus,2013,9.841900825500488,0.9225059747695924,63.97999954223633,0.7234312891960144,-0.1833824217319488,0.6530391573905945,0.5454326272010803,0.2062196582555771,5.876466274261475,Medium,Europe
Belarus,2014,9.858454704284668,0.8802588582038879,64.54000091552734,0.6471845507621765,-0.0541837066411972,0.6815087199211121,0.5750670433044434,0.2085355669260025,5.812400817871094,Medium,Europe
Belarus,2015,9.818076133728027,0.9240726232528688,65.0999984741211,0.6227534413337708,-0.0973012819886207,0.6686781644821167,0.5457346439361572,0.1843099594116211,5.718907833099365,Medium,Europe
Belarus,2016,9.791616439819336,0.926551103591919,65.32499694824219,0.6582288146018982,-0.1314703077077865,0.6640551686286926,0.5026974081993103,0.1821061223745346,5.177899360656738,Medium,Europe
Belarus,2017,9.817715644836426,0.9002557992935181,65.55000305175781,0.6209792494773865,-0.1275939047336578,0.6541134119033813,0.5017356872558594,0.2327680736780166,5.552915096282959,Medium,Europe
Belarus,2018,9.85086441040039,0.9045692682266236,65.7750015258789,0.6436023712158203,-0.1805819272994995,0.7184554934501648,0.4088835716247558,0.2357286214828491,5.23376989364624,Medium,Europe
Belarus,2019,9.86724090576172,0.9167404770851136,66.0,0.656933605670929,-0.1922114193439483,0.5459047555923462,0.5589894652366638,0.1898214071989059,5.821453094482422,Medium,Europe
Belarus,2020,9.86724090576172,0.9167404770851136,66.0,0.656933605670929,-0.1922114193439483,0.5459047555923462,0.5589894652366638,0.1898214071989059,5.821453094482422,Medium,Europe
Belarus,2021,9.86724090576172,0.9167404770851136,66.0,0.656933605670929,-0.1922114193439483,0.5459047555923462,0.5589894652366638,0.1898214071989059,5.821453094482422,Medium,Europe
Belarus,2022,9.86724090576172,0.9167404770851136,66.0,0.656933605670929,-0.1922114193439483,0.5459047555923462,0.5589894652366638,0.1898214071989059,5.821453094482422,Medium,Europe
Belarus,2023,9.86724090576172,0.9167404770851136,66.0,0.656933605670929,-0.1922114193439483,0.5459047555923462,0.5589894652366638,0.1898214071989059,5.821453094482422,Medium,Europe
Belgium,2010,10.7783842086792,0.9305701851844788,69.19999694824219,0.8069302439689636,0.0163074787706136,0.6973655819892883,0.7933443188667297,0.2403643280267715,6.853514194488525,High,Europe
Belgium,2011,10.782177925109863,0.936955451965332,69.36000061035156,0.8801535964012146,-0.020142275840044,0.7110438942909241,0.7520211935043335,0.2250563651323318,7.111363887786865,High,Europe
Belgium,2012,10.78334140777588,0.9271170496940612,69.5199966430664,0.8552666306495667,-0.0560603737831115,0.7575725317001343,0.7181869745254517,0.2382768094539642,6.935122013092041,High,Europe
Belgium,2013,10.783209800720217,0.9091861844062804,69.68000030517578,0.8907110691070557,0.0107008069753646,0.5736643075942993,0.738157331943512,0.2171389460563659,7.103661060333252,High,Europe
Belgium,2014,10.794432640075684,0.9435491561889648,69.83999633789062,0.8609535098075867,-0.004647197201848,0.5119757652282715,0.7436781525611877,0.2515570521354675,6.855329036712647,High,Europe
Belgium,2015,10.808846473693848,0.8852088451385498,70.0,0.8694749474525452,0.0562120452523231,0.4687846302986145,0.7471033334732056,0.2399587035179138,6.904219150543213,High,Europe
Belgium,2016,10.816370964050291,0.9289640784263612,70.1500015258789,0.865759015083313,-0.0616822503507137,0.4966591000556946,0.7010933756828308,0.2596533894538879,6.948936462402344,High,Europe
Belgium,2017,10.828584671020508,0.921639084815979,70.30000305175781,0.8568019866943359,0.0486532859504222,0.5430460572242737,0.713402271270752,0.2335976958274841,6.928347587585449,High,Europe
Belgium,2018,10.841803550720217,0.9298155307769777,70.44999694824219,0.8083866238594055,-0.1304793059825897,0.6304118037223816,0.6817125678062439,0.250297337770462,6.892171859741211,High,Europe
Belgium,2019,10.858762741088867,0.8842304944992065,70.5999984741211,0.7762036323547363,-0.177975907921791,0.6724975109100342,0.6990424990653992,0.2436308413743972,6.7721381187438965,High,Europe
Belgium,2020,10.799335479736328,0.9035586714744568,70.75,0.7669178247451782,-0.1718907505273819,0.6336267590522766,0.619125485420227,0.2601887881755829,6.838760852813721,High,Europe
Belgium,2021,10.855599403381348,0.9148567914962769,70.9000015258789,0.8225030899047852,0.0773552507162094,0.5233678221702576,0.6865835189819336,0.2600309252738952,6.88175630569458,High,Europe
Belgium,2022,10.88098430633545,0.922732710838318,71.05000305175781,0.8898890018463135,0.0950511693954467,0.4833844304084778,0.7184796929359436,0.2347732484340667,6.856874465942383,High,Europe
Belgium,2023,10.883184432983398,0.8959550261497498,71.19999694824219,0.8702002167701721,0.0649402514100074,0.5215713381767273,0.7252440452575684,0.2454957962036132,6.943598747253418,High,Europe
Benin,2010,7.876235485076904,0.4774943888187408,53.2599983215332,0.7729187607765198,-0.1454108953475952,0.8494722247123718,0.5744389295578003,0.2186784595251083,3.870279550552368,Low,Africa
Benin,2011,7.876235485076904,0.4774943888187408,53.2599983215332,0.7729187607765198,-0.1454108953475952,0.8494722247123718,0.5744389295578003,0.2186784595251083,3.870279550552368,Low,Africa
Benin,2012,7.894076347351074,0.5230273008346558,53.52000045776367,0.7689710855484009,-0.114408366382122,0.8059776425361633,0.563014566898346,0.2306645363569259,3.193468809127808,Low,Africa
Benin,2013,7.934523105621338,0.5768230557441711,53.77999877929688,0.7832404971122742,-0.0878068879246711,0.8559555411338806,0.6457338333129883,0.2163391858339309,3.479412794113159,Low,Africa
Benin,2014,7.966898441314697,0.506091296672821,54.040000915527344,0.7755457758903503,-0.0986417233943939,0.8548269271850586,0.5583789944648743,0.2733852565288543,3.347419261932373,Low,Africa
Benin,2015,7.955011367797852,0.434388518333435,54.29999923706055,0.7333835959434509,-0.0294448807835578,0.850098192691803,0.5546494722366333,0.3733965456485748,3.624664306640625,Low,Africa
Benin,2016,7.958364009857178,0.4928158521652221,54.59999847412109,0.779795229434967,-0.0677455961704254,0.837715744972229,0.5782063007354736,0.4557676017284393,4.007357597351074,Low,Africa
Benin,2017,7.984066486358643,0.4358789920806885,54.900001525878906,0.7268082499504089,-0.0675277113914489,0.7672346234321594,0.5978295803070068,0.4579203426837921,4.853180885314941,Low,Africa
Benin,2018,8.019667625427246,0.5035440325737,55.20000076293945,0.7132640480995178,-0.0002698935277294,0.7465107440948486,0.6253089308738708,0.4678718149662018,5.819827079772949,Medium,Africa
Benin,2019,8.057199478149414,0.4421539306640625,55.5,0.770359992980957,-0.0184362828731536,0.6983469724655151,0.6383482813835144,0.4413987696170807,4.97636079788208,Low,Africa
Benin,2020,8.06667423248291,0.5066360831260681,55.79999923706055,0.7831146717071533,-0.0861566439270973,0.5318836569786072,0.5565019845962524,0.3045124411582947,4.407745838165283,Low,Africa
Benin,2021,8.108187675476074,0.4355241954326629,56.09999847412109,0.7240618467330933,-0.0163225084543228,0.6125470995903015,0.5968008637428284,0.4345948994159698,4.493431091308594,Low,Africa
Benin,2022,8.14182186126709,0.3656828105449676,56.400001525878906,0.714036762714386,-0.0332091487944126,0.5796189308166504,0.5709176659584045,0.4438510835170746,4.217325687408447,Low,Africa
Benin,2023,8.17391300201416,0.3981879949569702,56.70000076293945,0.7856008410453796,-0.0725946202874183,0.5753048062324524,0.5730234384536743,0.4280768930912018,4.419834136962891,Low,Africa
Bolivia,2010,8.779529571533203,0.8071855902671814,61.70000076293945,0.7033410668373108,-0.0726677328348159,0.7813425064086914,0.7202175259590149,0.3495973348617553,5.780620098114014,Medium,The Americas
Bolivia,2011,8.813483238220215,0.8167828321456909,61.900001525878906,0.7816737294197083,-0.0433741696178913,0.82485431432724,0.6887155175209045,0.3614855408668518,5.778874397277832,Medium,The Americas
Bolivia,2012,8.846890449523926,0.7808194160461426,62.09999847412109,0.8623796701431274,-0.0190016850829124,0.8397014141082764,0.6993523836135864,0.4088801443576813,6.018894672393799,Medium,The Americas
Bolivia,2013,8.896345138549805,0.8027380704879761,62.29999923706055,0.8459316492080688,-0.0709548667073249,0.8118565678596497,0.7210608720779419,0.41030153632164,5.767428874969482,Medium,The Americas
Bolivia,2014,8.933479309082031,0.8213446140289307,62.5,0.8810588717460632,0.013756881467998,0.8318544626235962,0.7690110802650452,0.3982194662094116,5.864798545837402,Medium,The Americas
Bolivia,2015,8.965176582336426,0.8287057876586914,62.70000076293945,0.8836250901222229,-0.0335693806409835,0.862373948097229,0.7486592531204224,0.3929028511047363,5.834329128265381,Medium,The Americas
Bolivia,2016,8.991458892822266,0.7959587574005127,62.84999847412109,0.8817487359046936,-0.0507638938724994,0.852592945098877,0.7357291579246521,0.3764122426509857,5.769723415374756,Medium,The Americas
Bolivia,2017,9.017354011535645,0.7786617875099182,63.0,0.8839049339294434,-0.1243530660867691,0.8192619681358337,0.6552165746688843,0.4339435398578644,5.650552749633789,Medium,The Americas
Bolivia,2018,9.043848037719728,0.8271594643592834,63.150001525878906,0.8632468581199646,-0.0968099012970924,0.7860445976257324,0.705477774143219,0.3874688744544983,5.91573429107666,Medium,The Americas
Bolivia,2019,9.05119800567627,0.7843014001846313,63.29999923706055,0.8813109397888184,-0.0895677953958511,0.8572204113006592,0.7008264660835266,0.4193282127380371,5.6742706298828125,Medium,The Americas
Bolivia,2020,8.946366310119629,0.8048108816146851,63.45000076293945,0.8770319223403931,-0.0555599890649318,0.8682082891464233,0.7288234233856201,0.3817911744117737,5.559258937835693,Medium,The Americas
Bolivia,2021,8.993698120117188,0.7978104948997498,63.59999847412109,0.861731231212616,-0.0580877065658569,0.8121744394302368,0.7210018038749695,0.4034873247146606,5.568624019622803,Medium,The Americas
Bolivia,2022,9.012033462524414,0.8235102891921997,63.75,0.8650104403495789,-0.0827710404992103,0.840244710445404,0.7380110025405884,0.4256888031959533,5.928882122039795,Medium,The Americas
Bolivia,2023,9.024975776672363,0.786039412021637,63.900001525878906,0.831521213054657,-0.0585208237171173,0.8765882849693298,0.7533968091011047,0.4011139869689941,5.859886169433594,Medium,The Americas
Bosnia and Herzegovina,2010,9.272006034851074,0.7727537155151367,67.0,0.3649668991565704,-0.1305173635482788,0.9330300688743592,0.464506059885025,0.4092131853103637,4.668517589569092,Low,Europe
Bosnia and Herzegovina,2011,9.299545288085938,0.7252428531646729,67.0,0.3333120942115783,-0.0377515815198421,0.9247843623161316,0.5510550737380981,0.3257347047328949,4.994670867919922,Low,Europe
Bosnia and Herzegovina,2012,9.30983543395996,0.7788598537445068,67.0,0.4197893142700195,-0.0158858317881822,0.953421950340271,0.4686013460159302,0.3382406830787658,4.773144721984863,Low,Europe
Bosnia and Herzegovina,2013,9.348645210266112,0.7668277621269226,67.0,0.390341579914093,0.0386559776961803,0.9698362350463868,0.4893005788326263,0.3145160377025604,5.123664379119873,Medium,Europe
Bosnia and Herzegovina,2014,9.373052597045898,0.7876517176628113,67.0,0.4119373857975006,0.2289367914199829,0.9763396382331848,0.4908346831798553,0.2621752023696899,5.2489542961120605,Medium,Europe
Bosnia and Herzegovina,2015,9.428470611572266,0.6557236313819885,67.0,0.630698025226593,-0.0581866167485713,0.9598536491394044,0.485843688249588,0.2862341403961181,5.117177963256836,Medium,Europe
Bosnia and Herzegovina,2016,9.472752571105955,0.8077051043510437,67.05000305175781,0.6334537267684937,0.1301902532577514,0.957311987876892,0.5659803748130798,0.3040802776813507,5.180865287780762,Medium,Europe
Bosnia and Herzegovina,2017,9.51651382446289,0.7752952575683594,67.0999984741211,0.5637986660003662,0.0872029736638069,0.923343062400818,0.5266396403312683,0.2707455158233642,5.089902400970459,Medium,Europe
Bosnia and Herzegovina,2018,9.565740585327148,0.8358895778656006,67.1500015258789,0.6588464379310608,0.1183488443493843,0.9128577709197998,0.5676940679550171,0.2773650586605072,5.887401103973389,Medium,Europe
Bosnia and Herzegovina,2019,9.60586643218994,0.8731419444084167,67.19999694824219,0.7215632200241089,0.0738852098584175,0.9629080295562744,0.5446664094924927,0.238068550825119,6.015522480010986,Medium,Europe
Bosnia and Herzegovina,2020,9.587919235229492,0.8985186815261841,67.25,0.740250825881958,0.1319495290517807,0.9160521626472472,0.6018709540367126,0.3254123032093048,5.51581621170044,Medium,Europe
Bosnia and Herzegovina,2021,9.67363739013672,0.8599535822868347,67.30000305175781,0.7589792013168335,0.2737639248371124,0.9209139347076416,0.6040925979614258,0.3053521513938904,5.748823165893555,Medium,Europe
Bosnia and Herzegovina,2022,9.723370552062988,0.8559615015983582,67.3499984741211,0.7426527738571167,0.1905952543020248,0.9334768652915956,0.5425434708595276,0.2853967845439911,5.8720550537109375,Medium,Europe
Bosnia and Herzegovina,2023,9.759161949157717,0.8787869215011597,67.4000015258789,0.8472372889518738,0.2408037930727005,0.9476993680000304,0.5785500407218933,0.2487222701311111,6.008581161499023,Medium,Europe
Botswana,2010,9.4456787109375,0.8656247854232788,50.59999847412109,0.826219379901886,-0.1406349837779998,0.8139854073524475,0.6169441938400269,0.1721842736005783,3.5530202388763428,Low,Africa
Botswana,2011,9.491771697998049,0.860028088092804,51.040000915527344,0.812514066696167,-0.2478999644517898,0.8161584734916687,0.6472456455230713,0.1597827970981598,3.519921064376831,Low,Africa
Botswana,2012,9.470852851867676,0.8367431163787842,51.47999954223633,0.7994102239608765,-0.1969595849514007,0.8144228458404541,0.6949411630630493,0.1712573617696762,4.835938930511475,Low,Africa
Botswana,2013,9.557082176208496,0.8555707931518555,51.91999816894531,0.7673574090003967,-0.1476245075464248,0.7488477826118469,0.6708789467811584,0.2437710165977478,4.128298759460449,Low,Africa
Botswana,2014,9.59323787689209,0.8594778180122375,52.36000061035156,0.79137122631073,-0.0989263206720352,0.7430738210678101,0.6262581944465637,0.2450514137744903,4.03119707107544,Low,Africa
Botswana,2015,9.523887634277344,0.8156560659408569,52.79999923706055,0.8571689128875732,-0.1076279133558273,0.8602929711341858,0.6757215857505798,0.2614281475543976,3.761964797973633,Low,Africa
Botswana,2016,9.573143005371094,0.7683027982711792,53.07500076293945,0.8516948819160461,-0.2459289282560348,0.7291718125343323,0.6570554971694946,0.2518365979194641,3.498936653137207,Low,Africa
Botswana,2017,9.592658042907717,0.7682586312294006,53.34999847412109,0.8173080086708069,-0.2419304251670837,0.7314414978027344,0.6121892333030701,0.2762525081634521,3.5048811435699463,Low,Africa
Botswana,2018,9.613274574279783,0.7949360013008118,53.625,0.817621111869812,-0.2481058537960052,0.8069454431533813,0.6879932880401611,0.2670837044715881,3.4613656997680664,Low,Africa
Botswana,2019,9.62364101409912,0.7736672163009644,53.900001525878906,0.8325426578521729,-0.2331682741641998,0.792079508304596,0.6650498509407043,0.2727217674255371,3.4710848331451416,Low,Africa
Botswana,2020,9.632346789042154,0.7659112413724264,54.1750005086263,0.8014961282412211,-0.22826360166072843,0.8050331075986227,0.6511503656705221,0.2774542172749837,3.4591482480367026,Low,Africa
Botswana,2021,9.64105256398519,0.7581552664438883,54.449999491373696,0.7704495986302694,-0.22335892915725708,0.8179867068926493,0.6372508804003397,0.2821866671244303,3.447211662928263,Low,Africa
Botswana,2022,9.649758338928224,0.7503992915153503,54.72499847412109,0.7394030690193176,-0.2184542566537857,0.830940306186676,0.6233513951301575,0.2869191169738769,3.435275077819824,Low,Africa
Botswana,2023,9.673301696777344,0.7013584971427917,55.0,0.7412241101264954,-0.2641736268997192,0.8139355778694153,0.6565471887588501,0.2474901229143142,3.3316478729248047,Low,Africa
Brazil,2010,9.604052543640137,0.9055281281471252,63.900001525878906,0.8059492707252502,-0.0594420991837978,0.6560360789299011,0.7259312868118286,0.2498812228441238,6.837331295013428,High,The Americas
Brazil,2011,9.63374137878418,0.9162529110908508,64.05999755859375,0.8336557745933533,-0.0778109431266784,0.6621667146682739,0.6984069347381592,0.2675242125988006,7.037816524505615,High,The Americas
Brazil,2012,9.64376735687256,0.8903141021728516,64.22000122070312,0.8486063480377197,-0.0216132979840039,0.6225431561470032,0.6853108406066895,0.3497586846351623,6.660003662109375,High,The Americas
Brazil,2013,9.664690017700195,0.9104217290878296,64.37999725341797,0.7848149538040161,-0.1001644805073738,0.7069541811943054,0.7247361540794373,0.2756677567958832,7.14028263092041,High,The Americas
Brazil,2014,9.661138534545898,0.8983164429664612,64.54000091552734,0.7138143181800842,-0.1206507831811904,0.7103034257888794,0.7179602384567261,0.2735405266284942,6.980998992919922,High,The Americas
Brazil,2015,9.6165771484375,0.9066931009292604,64.69999694824219,0.7989352941513062,-0.0210222750902175,0.7713390588760376,0.6870636343955994,0.3246991038322449,6.546896934509277,High,The Americas
Brazil,2016,9.575156211853027,0.912455141544342,64.875,0.8065715432167053,-0.1057728230953216,0.7810927629470825,0.7112862467765808,0.302083820104599,6.374817371368408,Medium,The Americas
Brazil,2017,9.58037567138672,0.9046942591667176,65.05000305175781,0.7647925615310669,-0.1805973649024963,0.7944573760032654,0.6691171526908875,0.3077169060707092,6.3329291343688965,Medium,The Americas
Brazil,2018,9.590117454528809,0.8815052509307861,65.2249984741211,0.7506090402603149,-0.1227947697043418,0.7632513046264648,0.676684558391571,0.3496562540531158,6.190921783447266,Medium,The Americas
Brazil,2019,9.594590187072754,0.8991750478744507,65.4000015258789,0.830206036567688,-0.0678164288401603,0.7618405818939209,0.7012503147125244,0.3370513319969177,6.451148986816406,Medium,The Americas
Brazil,2020,9.554622650146484,0.8308321237564087,65.57499694824219,0.7862350940704346,-0.0608062893152236,0.7287722229957581,0.6532996296882629,0.3891385495662689,6.109717845916748,Medium,The Americas
Brazil,2021,9.598020553588867,0.814328670501709,65.75,0.7915077209472656,0.0861844271421432,0.7385714054107666,0.6615504026412964,0.4071829617023468,6.009953498840332,Medium,The Americas
Brazil,2022,9.62201690673828,0.8658097386360168,65.92500305175781,0.8297713398933411,-0.0638932734727859,0.7419635057449341,0.6809125542640686,0.3407750427722931,6.257079601287842,Medium,The Americas
Brazil,2023,9.634684562683104,0.8564527034759521,66.0999984741211,0.8696613311767578,-0.0360353030264377,0.7328492403030396,0.6941930651664734,0.3128325641155243,6.552690982818604,High,The Americas
Bulgaria,2010,9.807011604309082,0.8432720303535461,65.19999694824219,0.5445364117622375,-0.1529652178287506,0.9409700036048888,0.513383150100708,0.237594187259674,3.912276268005371,Low,Europe
Bulgaria,2011,9.83421802520752,0.8602722883224487,65.33999633789062,0.6635279059410095,-0.2363758683204651,0.947978675365448,0.4896421432495117,0.2709310352802276,3.875382423400879,Low,Europe
Bulgaria,2012,9.84753131866455,0.8379666209220886,65.4800033569336,0.6412564516067505,-0.1807703971862793,0.9382086992263794,0.5095552802085876,0.2366328239440918,4.222297191619873,Low,Europe
Bulgaria,2013,9.847506523132324,0.8291323184967041,65.62000274658203,0.603213369846344,-0.1991449445486068,0.9620471000671388,0.5367209315299988,0.278313010931015,3.993020534515381,Low,Europe
Bulgaria,2014,9.862812995910645,0.8859491944313049,65.76000213623047,0.5755959153175354,-0.062365211546421,0.9546369314193726,0.5422828793525696,0.2355937212705612,4.438439846038818,Low,Europe
Bulgaria,2015,9.902899742126465,0.9075170159339904,65.9000015258789,0.6368178129196167,-0.2070072442293167,0.941279947757721,0.5559516549110413,0.2142238318920135,4.865401268005371,Low,Europe
Bulgaria,2016,9.939859390258787,0.9260360598564148,66.0,0.7002655267715454,-0.1768510788679123,0.935988187789917,0.5445662140846252,0.1716998517513275,4.837560653686523,Low,Europe
Bulgaria,2017,9.974410057067873,0.9417545795440674,66.0999984741211,0.6890470385551453,-0.1602938920259475,0.9107997417449952,0.5419514775276184,0.1886373460292816,5.096901893615723,Medium,Europe
Bulgaria,2018,10.00812530517578,0.9238532781600952,66.19999694824219,0.7243359088897705,-0.1820641607046127,0.9520144462585448,0.5539103150367737,0.1890909820795059,5.098813533782959,Medium,Europe
Bulgaria,2019,10.0547513961792,0.9482043981552124,66.30000305175781,0.8219298720359802,-0.1149472743272781,0.9428064823150636,0.5765827894210815,0.1998883187770843,5.108438014984131,Medium,Europe
Bulgaria,2020,10.020362854003906,0.9162423610687256,66.4000015258789,0.8182247877120972,-0.0122536551207304,0.9006329774856567,0.6423875093460083,0.2213510572910308,5.597723007202148,Medium,Europe
Bulgaria,2021,10.102083206176758,0.8836210370063782,66.5,0.8411880731582642,-0.0179043710231781,0.8912484645843506,0.6467598676681519,0.2527767121791839,5.421693325042725,Medium,Europe
Bulgaria,2022,10.197015762329102,0.9527610540390016,66.5999984741211,0.7413594126701355,-0.1515699028968811,0.9416257739067078,0.5819082260131836,0.1653018742799759,5.3783488273620605,Medium,Europe
Bulgaria,2023,10.27278995513916,0.9349161982536316,66.69999694824219,0.7543242573738098,-0.1312975287437439,0.9478561878204346,0.539438784122467,0.191884160041809,5.589599132537842,Medium,Europe
Burkina Faso,2010,7.415699958801269,0.7731035351753235,51.20000076293945,0.586580753326416,-0.0384978018701076,0.7673351168632507,0.5646082758903503,0.2166734784841537,4.035560607910156,Low,Africa
Burkina Faso,2011,7.450127601623535,0.7095281481742859,51.63999938964844,0.7245684862136841,-0.1069593951106071,0.7067983746528625,0.5783284306526184,0.2047358453273773,4.785367488861084,Low,Africa
Burkina Faso,2012,7.482338905334473,0.7437657713890076,52.08000183105469,0.6218487024307251,-0.0719735920429229,0.7262868881225586,0.4865668416023254,0.2997229397296905,3.955008029937744,Low,Africa
Burkina Faso,2013,7.5085649490356445,0.7452166080474854,52.52000045776367,0.7412574291229248,-0.0182151589542627,0.7647214531898499,0.5921029448509216,0.2867657542228699,3.3259496688842773,Low,Africa
Burkina Faso,2014,7.521125793457031,0.742262065410614,52.959999084472656,0.7099645137786865,-0.0060556256212294,0.8007578253746033,0.6039918661117554,0.2556441128253937,3.4813477993011475,Low,Africa
Burkina Faso,2015,7.529865264892578,0.7053934931755066,53.400001525878906,0.659102737903595,0.001228763256222,0.6927239894866943,0.5547075867652893,0.3592876493930816,4.4189300537109375,Low,Africa
Burkina Faso,2016,7.558389663696289,0.7644011378288269,53.775001525878906,0.6446815133094788,-0.0028794971294701,0.7205424308776855,0.5900866389274597,0.337300181388855,4.205634593963623,Low,Africa
Burkina Faso,2017,7.589920043945312,0.784761369228363,54.150001525878906,0.6137747168540955,-0.0656269788742065,0.7274513244628906,0.5798469185829163,0.3538210690021515,4.646891117095947,Low,Africa
Burkina Faso,2018,7.626189231872559,0.6648594737052917,54.525001525878906,0.7207434773445129,-0.01550736092031,0.7573986053466797,0.6561220288276672,0.342865526676178,4.927236080169678,Low,Africa
Burkina Faso,2019,7.654472827911377,0.6831023693084717,54.900001525878906,0.6775468587875366,-0.0065312637016177,0.7293965816497803,0.6562334299087524,0.3647753894329071,4.740892887115479,Low,Africa
Burkina Faso,2020,7.646704196929932,0.6677089929580688,55.275001525878906,0.7502264976501465,0.1195748448371887,0.8087453246116638,0.6045120358467102,0.3884775340557098,4.639639854431152,Low,Africa
Burkina Faso,2021,7.686983585357666,0.6575435996055603,55.650001525878906,0.644101619720459,0.0639509931206703,0.7361589074134827,0.6197159290313721,0.3631058037281036,4.6355085372924805,Low,Africa
Burkina Faso,2022,7.689988613128662,0.6189233362674713,56.025001525878906,0.679734468460083,0.08443129435181615,0.6929257810115814,0.6295879781246185,0.35478891432285303,4.548858165740967,Low,Africa
Burkina Faso,2023,7.692993640899658,0.5803030729293823,56.400001525878906,0.715367317199707,0.104911595582962,0.6496926546096802,0.639460027217865,0.3464720249176025,4.462207794189453,Low,Africa
Cambodia,2010,7.903593063354492,0.6971638202667236,59.0,0.9401311874389648,0.3449602425098419,0.8957144618034363,0.661971390247345,0.4219663441181183,4.1410722732543945,Low,Asia
Cambodia,2011,7.957363128662109,0.7155189514160156,59.34000015258789,0.92746239900589,0.4134814143180847,0.7753556370735168,0.6370125412940979,0.3078686892986297,4.161225318908691,Low,Asia
Cambodia,2012,8.013453483581543,0.6055285930633545,59.68000030517578,0.9555957913398744,0.2415608018636703,0.8901361227035522,0.7134342789649963,0.3518585860729217,3.8987069129943848,Low,Asia
Cambodia,2013,8.070134162902832,0.6505895853042603,60.02000045776367,0.9405929446220398,0.1585094630718231,0.8119916319847107,0.669755756855011,0.4403116703033447,3.674466848373413,Low,Asia
Cambodia,2014,8.125146865844727,0.6934341788291931,60.36000061035156,0.937544584274292,0.2338712364435196,0.8425551056861877,0.6819577217102051,0.4819340109825134,3.883305549621582,Low,Asia
Cambodia,2015,8.178988456726074,0.7286102771759033,60.70000076293945,0.9563198089599608,0.204405277967453,0.8251302242279053,0.7314926981925964,0.3991026878356933,4.162164688110352,Low,Asia
Cambodia,2016,8.232682228088379,0.7459012269973755,60.900001525878906,0.957821488380432,0.0702666938304901,0.8404168486595154,0.712588369846344,0.3982003033161163,4.461259365081787,Low,Asia
Cambodia,2017,8.28720760345459,0.7650949358940125,61.09999847412109,0.9637746810913086,0.0818899497389793,0.8210229277610779,0.6688399910926819,0.4082838296890259,4.585842132568359,Low,Asia
Cambodia,2018,8.347026824951172,0.7946053743362427,61.29999923706055,0.9583048224449158,0.0292820204049348,0.7984966337680817,0.7233442068099976,0.4143458008766174,5.121837615966797,Medium,Asia
Cambodia,2019,8.4038667678833,0.7591754794120789,61.5,0.9567992091178894,0.0066914469934999,0.8284444808959961,0.7037032246589661,0.3895862996578216,4.998284816741943,Low,Asia
Cambodia,2020,8.36081600189209,0.7244226336479187,61.70000076293945,0.9630754590034484,0.0472090654075145,0.8630539774894714,0.7707701921463013,0.3898516297340393,4.3769850730896,Low,Asia
Cambodia,2021,8.378979682922363,0.7127575874328613,61.900001525878906,0.9650933146476746,0.0119830360636115,0.8443530797958374,0.7591469883918762,0.3913096487522125,4.555141448974609,Low,Asia
Cambodia,2022,8.418594360351562,0.7836018800735474,62.09999847412109,0.9462440609931946,0.1507847905158996,0.85968416929245,0.7557610869407654,0.3877838850021362,4.250280857086182,Low,Asia
Cambodia,2023,8.461865425109863,0.7376133799552917,62.29999923706055,0.9606927633285522,0.0699595808982849,0.799151599407196,0.6833860278129578,0.3943013846874237,4.2213454246521,Low,Asia
Cameroon,2010,8.101261138916016,0.758640706539154,49.59999847412109,0.7922201752662659,-0.0076687657274305,0.8747186660766602,0.5936962962150574,0.273786336183548,4.554256916046143,Low,Africa
Cameroon,2011,8.106182098388672,0.7379928231239319,50.040000915527344,0.8166937828063965,-0.0382779873907566,0.8696156740188599,0.6077257990837097,0.2716763317584991,4.433885097503662,Low,Africa
Cameroon,2012,8.12325382232666,0.7428373098373413,50.47999954223633,0.7660642266273499,-0.041452083736658,0.8980287909507751,0.6166397333145142,0.2844478785991668,4.24463415145874,Low,Africa
Cameroon,2013,8.143866539001465,0.7601943612098694,50.91999816894531,0.7940759658813477,-0.0393386036157608,0.8672574162483215,0.6397256851196289,0.2681992352008819,4.271038055419922,Low,Africa
Cameroon,2014,8.169133186340332,0.7777770757675171,51.36000061035156,0.7946455478668213,-0.0800332054495811,0.8558497428894043,0.6042885780334473,0.216039627790451,4.24044132232666,Low,Africa
Cameroon,2015,8.192779541015625,0.6463124752044678,51.79999923706055,0.7914285659790039,0.0409163609147071,0.8680490255355835,0.623713493347168,0.3464300036430359,5.037964820861816,Medium,Africa
Cameroon,2016,8.2072172164917,0.6592997908592224,52.47499847412109,0.7125070095062256,-0.0115760620683431,0.8794505596160889,0.6346314549446106,0.3670933842658996,4.816232204437256,Low,Africa
Cameroon,2017,8.213678359985352,0.6945964097976685,53.150001525878906,0.7669450044631958,-0.0363604202866554,0.8435856103897095,0.6322405338287354,0.3774987459182739,5.074051380157471,Medium,Africa
Cameroon,2018,8.224833488464355,0.676825225353241,53.82500076293945,0.8163049817085266,0.0278344172984361,0.884441614151001,0.6296641826629639,0.3556424081325531,5.25073766708374,Medium,Africa
Cameroon,2019,8.231245040893555,0.7109647393226624,54.5,0.7115002870559692,-0.0151187991723418,0.817170262336731,0.6063922643661499,0.3263950049877167,4.936737537384033,Low,Africa
Cameroon,2020,8.2067232131958,0.7200466394424438,55.17499923706055,0.6745091676712036,0.0417226403951644,0.8365172147750854,0.6262847781181335,0.3864789605140686,5.241077899932861,Medium,Africa
Cameroon,2021,8.21621322631836,0.6949363946914673,55.84999847412109,0.7153017520904541,-0.0291745569556951,0.8487171530723572,0.6120285987854004,0.3465137183666229,4.962747573852539,Low,Africa
Cameroon,2022,8.225029945373535,0.6291086077690125,56.525001525878906,0.6745063662528992,0.0223668832331895,0.8493253588676453,0.5857596397399902,0.3622306585311889,4.712408065795898,Low,Africa
Cameroon,2023,8.237628936767578,0.7158735394477844,57.20000076293945,0.7391365766525269,-0.0275833904743194,0.855074942111969,0.5883089900016785,0.3556301891803741,4.945847034454346,Low,Africa
Canada,2010,10.711356163024902,0.9537654519081116,70.80000305175781,0.933948814868927,0.2247976511716842,0.4126595854759216,0.7910424470901489,0.2331128567457199,7.650346279144287,High,The Americas
Canada,2011,10.732544898986816,0.9216692447662354,70.86000061035156,0.9509252905845642,0.2474919408559799,0.4329915344715118,0.8028998374938965,0.2477286607027053,7.426053524017334,High,The Americas
Canada,2012,10.739143371582031,0.948128342628479,70.91999816894531,0.9179611206054688,0.2843524515628814,0.4656018316745758,0.7755687832832336,0.2293320894241333,7.415144443511963,High,The Americas
Canada,2013,10.751601219177246,0.9362393617630004,70.9800033569336,0.9160138964653016,0.3099820911884308,0.4062361419200897,0.8006340265274048,0.2628503143787384,7.593793869018555,High,The Americas
Canada,2014,10.76984405517578,0.9178363084793092,71.04000091552734,0.9388976097106934,0.2641881108283996,0.4417353272438049,0.7906826734542847,0.2586024105548858,7.304257869720459,High,The Americas
Canada,2015,10.768951416015623,0.9390670657157898,71.0999984741211,0.9314689636230468,0.2471514046192169,0.4271522462368011,0.7917089462280273,0.2862802147865295,7.412772655487059,High,The Americas
Canada,2016,10.76759147644043,0.9243925213813782,71.1500015258789,0.9124239087104796,0.2054930329322815,0.3850904405117035,0.767764687538147,0.2374228686094284,7.244845867156982,High,The Americas
Canada,2017,10.785542488098145,0.9337489604949952,71.19999694824219,0.9451450109481812,0.1573298573493957,0.3620343208312988,0.7993577718734741,0.2179811596870422,7.414868354797363,High,The Americas
Canada,2018,10.798810005187988,0.9227187633514404,71.25,0.9457828998565674,0.0999917462468147,0.371740847826004,0.772559404373169,0.2593976557254791,7.175496578216553,High,The Americas
Canada,2019,10.80315399169922,0.9253039956092834,71.30000305175781,0.9115256071090698,0.1053290963172912,0.4364344179630279,0.7807215452194214,0.2848337590694427,7.109076499938965,High,The Americas
Canada,2020,10.74034023284912,0.930610716342926,71.3499984741211,0.8868921995162964,0.0428314730525016,0.4340123534202575,0.7384853363037109,0.3066737353801727,7.024904727935791,High,The Americas
Canada,2021,10.783488273620604,0.9260764122009276,71.4000015258789,0.89822918176651,0.1888294965028762,0.3839904963970184,0.762826681137085,0.2762328088283539,6.9394354820251465,High,The Americas
Canada,2022,10.79865264892578,0.9291015267372132,71.44999694824219,0.8382639288902283,0.2201413810253143,0.4420001804828644,0.7194826602935791,0.2867477536201477,6.917935371398926,High,The Americas
Canada,2023,10.79428005218506,0.9024729132652284,71.5,0.8470964431762695,0.1960327625274658,0.4679251313209533,0.7263234257698059,0.3036596179008484,6.8412065505981445,High,The Americas
Chad,2010,7.462245941162109,0.7337136268615723,48.59999847412109,0.5046125650405884,0.0195404514670372,0.8576640486717224,0.5601857304573059,0.2872405350208282,3.742871046066284,Low,Africa
Chad,2011,7.42812967300415,0.8188440203666687,48.97999954223633,0.5402679443359375,0.0253360662609338,0.8763836622238159,0.5785965323448181,0.2891464829444885,4.393482208251953,Low,Africa
Chad,2012,7.478353500366211,0.6728664636611938,49.36000061035156,0.5629081130027771,-0.0392358973622322,0.884475827217102,0.4982290863990783,0.3157471418380737,4.032974720001221,Low,Africa
Chad,2013,7.498218059539795,0.7141446471214294,49.7400016784668,0.4882103502750397,-0.0505133531987667,0.8819723725318909,0.4373204410076141,0.3141742348670959,3.507663011550904,Low,Africa
Chad,2014,7.529241561889648,0.7330667972564697,50.119998931884766,0.5667953491210938,-0.0747328773140907,0.8809340000152588,0.5237122178077698,0.3285288512706756,3.460182905197144,Low,Africa
Chad,2015,7.524701118469238,0.7512522339820862,50.5,0.4743608832359314,-0.0335549004375934,0.8886393904685974,0.592612624168396,0.3584379255771637,4.3226752281188965,Low,Africa
Chad,2016,7.428617477416992,0.6162048578262329,50.875,0.52522212266922,0.0471898466348648,0.8197888731956482,0.5635271668434143,0.4675667583942413,4.029350280761719,Low,Africa
Chad,2017,7.365028381347656,0.6606155633926392,51.25,0.6148496866226196,0.0032087760046124,0.7923899292945862,0.5843154191970825,0.538245439529419,4.558937072753906,Low,Africa
Chad,2018,7.354710102081299,0.5772535800933838,51.625,0.6503545641899109,0.0198270082473754,0.7628793120384216,0.5324900150299072,0.543836236000061,4.486325263977051,Low,Africa
Chad,2019,7.353720188140869,0.6404520869255066,52.0,0.5372456908226013,0.0508112460374832,0.8322834968566895,0.5562106966972351,0.4600612819194793,4.250799179077148,Low,Africa
Chad,2020,7.320225874582927,0.6668586532274882,52.375,0.5846569736798605,0.1065681477387746,0.8233304818471273,0.5668710072835287,0.4731049040953318,4.2994147936503095,Low,Africa
Chad,2021,7.286731561024983,0.6932652195294698,52.75,0.6320682565371195,0.162325049440066,0.8143774668375651,0.5775313178698221,0.4861485262711842,4.34803040822347,Low,Africa
Chad,2022,7.253237247467041,0.7196717858314514,53.125,0.6794795393943787,0.2180819511413574,0.8054244518280029,0.5881916284561157,0.4991921484470367,4.396646022796631,Low,Africa
Chad,2023,7.253596782684326,0.6085478663444519,53.5,0.5860631465911865,0.1380545496940612,0.7550275921821594,0.5414711833000183,0.4665063619613647,4.544095516204834,Low,Africa
Chile,2010,9.962940216064451,0.8569552302360535,68.5,0.7863674759864807,0.099770650267601,0.7018247246742249,0.7595384120941162,0.3001166880130768,6.635655879974365,High,The Americas
Chile,2011,10.013404846191406,0.8190788626670837,68.68000030517578,0.7007341384887695,0.1035002842545509,0.7527555227279663,0.7576007843017578,0.3168761730194092,6.526334762573242,High,The Americas
Chile,2012,10.06339168548584,0.8552355766296387,68.86000061035156,0.7336109280586243,0.186461716890335,0.7821174263954163,0.7361389994621277,0.2875921130180359,6.599128723144531,High,The Americas
Chile,2013,10.086292266845703,0.8624047040939331,69.04000091552734,0.7368873357772827,0.0765916109085083,0.7411549091339111,0.7906392812728882,0.2854538857936859,6.740153789520264,High,The Americas
Chile,2014,10.09399127960205,0.8615521788597107,69.22000122070312,0.7333263754844666,0.2089371085166931,0.7584977149963379,0.7999982237815857,0.2761032581329345,6.84423828125,High,The Americas
Chile,2015,10.104988098144531,0.8271418809890747,69.4000015258789,0.7688814401626587,0.032290194183588,0.8115113377571106,0.7521530389785767,0.3327467441558838,6.532749652862549,High,The Americas
Chile,2016,10.11047649383545,0.8413881659507751,69.55000305175781,0.6522897481918335,0.0940105393528938,0.8581249713897705,0.7917251586914062,0.2830421030521393,6.579056262969971,High,The Americas
Chile,2017,10.108341217041016,0.8798407912254333,69.69999694824219,0.7901164889335632,-0.0284965019673109,0.8359875082969666,0.7648398876190186,0.2910420894622803,6.320119380950928,Medium,The Americas
Chile,2018,10.12950611114502,0.8900849223136902,69.8499984741211,0.7885303497314453,-0.0679220110177993,0.8162974119186401,0.7554681301116943,0.2758202254772186,6.436220645904541,Medium,The Americas
Chile,2019,10.118996620178224,0.8691219091415405,70.0,0.659176766872406,-0.1103069111704826,0.8604915738105774,0.7405619621276855,0.3372437953948974,5.94225025177002,Medium,The Americas
Chile,2020,10.04196834564209,0.8884122967720032,70.1500015258789,0.7813835740089417,0.0256150756031274,0.8118188381195068,0.7528846263885498,0.3360286056995392,6.1506428718566895,Medium,The Americas
Chile,2021,10.143006324768066,0.8914605379104614,70.30000305175781,0.803415060043335,-0.0516692586243152,0.8585527539253235,0.7350798845291138,0.2208785712718963,6.435630798339844,Medium,The Americas
Chile,2022,10.16146183013916,0.8867619633674622,70.44999694824219,0.7934855818748474,-0.0136321317404508,0.7963963747024536,0.7752082347869873,0.2525452077388763,6.415198802947998,Medium,The Americas
Chile,2023,10.154905319213867,0.8743805289268494,70.5999984741211,0.814988374710083,-0.0268707424402236,0.8359451293945312,0.7785534858703613,0.2630908489227295,6.229820251464844,Medium,The Americas
China,2010,9.092073440551758,0.7677525877952576,66.69999694824219,0.8047935962677002,-0.1388414055109024,0.7984966337680817,0.658100962638855,0.1580996513366699,4.652736663818359,Low,Asia
China,2011,9.177826881408691,0.7871711850166321,66.95999908447266,0.8241623640060425,-0.1918847262859344,0.7984966337680817,0.7100548148155212,0.1335034519433975,5.03720760345459,Medium,Asia
China,2012,9.246742248535156,0.787818193435669,67.22000122070312,0.808255136013031,-0.1900650709867477,0.7984966337680817,0.6891598105430603,0.1587029993534088,5.094917297363281,Medium,Asia
China,2013,9.314874649047852,0.7778958678245544,67.4800033569336,0.8047239184379578,-0.1630627065896988,0.7984966337680817,0.7171358466148376,0.1422110497951507,5.241090297698975,Medium,Asia
China,2014,9.38020133972168,0.8203660249710083,67.73999786376953,0.7711215615272522,-0.2219897210597992,0.7984966337680817,0.7097631096839905,0.1115177050232887,5.195619106292725,Medium,Asia
China,2015,9.442431449890137,0.7937337160110474,68.0,0.7711215615272522,-0.2496197521686554,0.7984966337680817,0.6668272614479065,0.1713149845600128,5.303877830505371,Medium,Asia
China,2016,9.50294589996338,0.7417030334472656,68.125,0.7711215615272522,-0.2327021807432174,0.7984966337680817,0.6832559108734131,0.1456251591444015,5.324955940246582,Medium,Asia
China,2017,9.564058303833008,0.7720332145690918,68.25,0.877617597579956,-0.1799988001585006,0.7984966337680817,0.6816651821136475,0.2140047550201416,5.099061489105225,Medium,Asia
China,2018,9.624698638916016,0.787605345249176,68.375,0.8953776955604553,-0.1636862605810165,0.7984966337680817,0.7215786576271057,0.1896397918462753,5.131433963775635,Medium,Asia
China,2019,9.678953170776367,0.8219358921051025,68.5,0.9273562431335448,-0.1781239658594131,0.7984966337680817,0.760266900062561,0.1465118378400802,5.144120216369629,Medium,Asia
China,2020,9.698712348937988,0.808334469795227,68.625,0.8911229968070984,-0.108709417283535,0.7984966337680817,0.6629610061645508,0.2449182271957397,5.771064758300781,Medium,Asia
China,2021,9.778915405273438,0.8560069799423218,68.75,0.8747555017471313,0.0196269769221544,0.7984966337680817,0.6978098154067993,0.2396184355020523,5.8628644943237305,Medium,Asia
China,2022,9.819861888885498,0.8264947533607483,68.875,0.8340669274330139,-0.0059719914570450505,0.7984966337680817,0.7028974890708923,0.2249842435121536,6.003814220428467,Medium,Asia
China,2023,9.86080837249756,0.7969825267791748,69.0,0.7933783531188965,-0.0315709598362445,0.7984966337680817,0.7079851627349854,0.2103500515222549,6.144763946533203,Medium,Asia
Colombia,2010,9.38347053527832,0.8929926753044128,67.19999694824219,0.8161211013793945,-0.0550767965614795,0.8145244717597961,0.7915807962417603,0.2646591663360595,6.408113479614258,Medium,The Americas
Colombia,2011,9.439705848693848,0.9041473269462584,67.41999816894531,0.8109074234962463,-0.0789596661925315,0.8472685217857361,0.7847921848297119,0.285958856344223,6.463952541351318,Medium,The Americas
Colombia,2012,9.467689514160156,0.9143726229667664,67.63999938964844,0.8278681039810181,-0.0148060014471411,0.8683715462684631,0.8285505771636963,0.2937023937702179,6.374879837036133,Medium,The Americas
Colombia,2013,9.507854461669922,0.9007778763771056,67.86000061035156,0.8411731719970703,-0.0761980712413787,0.898202121257782,0.8148239850997925,0.2781139314174652,6.606550693511963,High,The Americas
Colombia,2014,9.542390823364258,0.9074026346206664,68.08000183105469,0.8011914491653442,-0.0957154780626297,0.8866457343101501,0.8247725367546082,0.2780564427375793,6.448789119720459,Medium,The Americas
Colombia,2015,9.562101364135742,0.8899000287055969,68.30000305175781,0.7908979654312134,-0.1056863963603973,0.8428993225097656,0.8033921122550964,0.2917693853378296,6.387571811676025,Medium,The Americas
Colombia,2016,9.572073936462402,0.8819003701210022,68.4749984741211,0.8349661231040955,-0.1061130911111831,0.8975538611412048,0.7704694271087646,0.2942227721214294,6.233715057373047,Medium,The Americas
Colombia,2017,9.570453643798828,0.9092499613761902,68.6500015258789,0.8375546336174011,-0.1629018485546112,0.8750181198120117,0.7902570962905884,0.2993089556694031,6.157341957092285,Medium,The Americas
Colombia,2018,9.576817512512209,0.8709704279899597,68.82499694824219,0.8507657647132874,-0.1540030092000961,0.8548209071159363,0.7745379209518433,0.3006241023540497,5.9835124015808105,Medium,The Americas
Colombia,2019,9.58988094329834,0.8725789189338684,69.0,0.8215007185935974,-0.1772514730691909,0.8536461591720581,0.7905794978141785,0.3218062818050384,6.350297927856445,Medium,The Americas
Colombia,2020,9.499893188476562,0.7970352172851562,69.17500305175781,0.8401861190795898,-0.0906074568629264,0.807964026927948,0.7585428953170776,0.3401585817337036,5.709175109863281,Medium,The Americas
Colombia,2021,9.592960357666016,0.7928306460380554,69.3499984741211,0.7746684551239014,-0.0653591006994247,0.8313309550285339,0.7516583800315857,0.3483323156833648,5.289958477020264,Medium,The Americas
Colombia,2022,9.658327102661133,0.8769494295120239,69.5250015258789,0.7991837859153748,-0.164073958992958,0.8626412153244019,0.7617444396018982,0.3055039048194885,5.891712188720703,Medium,The Americas
Colombia,2023,9.666558265686035,0.833208441734314,69.69999694824219,0.8234710693359375,-0.142464593052864,0.8702266812324524,0.754103422164917,0.2854169011116028,5.904404163360596,Medium,The Americas
Comoros,2010,8.014837265014648,0.721342921257019,57.0,0.5286752581596375,-0.0034360431600362,0.7411817312240601,0.6641676425933838,0.1779480576515197,3.812191009521485,Low,Africa
Comoros,2011,8.03425121307373,0.7218327522277832,57.2400016784668,0.4996738731861114,-0.0838517397642135,0.7315084934234619,0.6221240162849426,0.1733230054378509,3.8384859561920166,Low,Africa
Comoros,2012,8.044060707092285,0.7192178964614868,57.47999954223633,0.5340409278869629,-0.1299671679735183,0.6510092616081238,0.6161512136459351,0.2118438184261322,3.9556403160095215,Low,Africa
Comoros,2013,8.053402264912924,0.7028987407684326,57.68749936421712,0.5383978287378947,-0.09572520107030863,0.6748007734616598,0.62819704413414,0.23278545836607614,3.9585035244623823,Low,Africa
Comoros,2014,8.06274382273356,0.6865795850753784,57.894999186197914,0.5427547295888265,-0.06148323416709896,0.6985922853151957,0.640242874622345,0.2537270983060201,3.9613667329152427,Low,Africa
Comoros,2015,8.0720853805542,0.6702604293823242,58.10249900817871,0.5471116304397583,-0.027241267263889285,0.7223837971687317,0.6522887051105499,0.27466873824596405,3.964229941368103,Low,Africa
Comoros,2016,8.081426938374838,0.65394127368927,58.3099988301595,0.5514685312906901,0.0070006996393203735,0.7461753090222677,0.6643345355987549,0.295610378185908,3.967093149820964,Low,Africa
Comoros,2017,8.090768496195475,0.6376221179962158,58.51749865214029,0.555825432141622,0.04124266654253003,0.7699668208758036,0.6763803660869598,0.316552018125852,3.9699563582738246,Low,Africa
Comoros,2018,8.100110054016113,0.6213029623031616,58.72499847412109,0.5601823329925537,0.0754846334457397,0.7937583327293396,0.6884261965751648,0.3374936580657959,3.972819566726685,Low,Africa
Comoros,2019,8.098840713500977,0.6320129632949829,58.900001525878906,0.5382615327835083,0.0673433542251586,0.7622324824333191,0.6651622653007507,0.3361628949642181,4.608616352081299,Low,Africa
Comoros,2020,8.094263076782227,0.5786156157652537,59.07500076293945,0.5190255443255106,0.038814722870786925,0.7522585988044739,0.6442758440971375,0.34129034479459125,4.254145463307698,Low,Africa
Comoros,2021,8.089685440063477,0.5252182682355245,59.25,0.499789555867513,0.010286091516415262,0.7422847151756287,0.6233894228935242,0.34641779462496436,3.899674574534098,Low,Africa
Comoros,2022,8.085107803344727,0.4718209207057953,59.42499923706055,0.4805535674095154,-0.0182425398379564,0.7323108315467834,0.6025030016899109,0.3515452444553375,3.545203685760498,Low,Africa
Comoros,2023,8.094624519348145,0.4825874865055084,59.59999847412109,0.4522113502025604,0.0041974494233727,0.7041265368461609,0.5350395441055298,0.4046812057495117,3.588056325912476,Low,Africa
Costa Rica,2010,9.721186637878418,0.9151412844657898,69.19999694824219,0.8810296058654785,0.0384529903531074,0.7625872492790222,0.8265313506126404,0.2212412506341934,7.271053791046143,High,The Americas
Costa Rica,2011,9.751876831054688,0.892048180103302,69.36000061035156,0.926105797290802,-0.0420610271394252,0.8365832567214966,0.7935234308242798,0.2692252099514007,7.228888511657715,High,The Americas
Costa Rica,2012,9.787511825561523,0.9022068977355956,69.5199966430664,0.9289140701293944,0.0367355234920978,0.7943013906478882,0.8367536067962646,0.2630271315574646,7.272250175476074,High,The Americas
Costa Rica,2013,9.800621032714844,0.9020692706108092,69.68000030517578,0.8978793025016785,0.008821009658277,0.8128631114959717,0.8089151978492737,0.278147429227829,7.158000469207764,High,The Americas
Costa Rica,2014,9.824480056762695,0.9142112135887146,69.83999633789062,0.92670738697052,0.0003204775857739,0.7880374789237976,0.7970132827758789,0.2895289063453674,7.247086048126221,High,The Americas
Costa Rica,2015,9.849885940551758,0.8782729506492615,70.0,0.9069256782531738,-0.0684276148676872,0.761419415473938,0.810668408870697,0.2864403128623962,6.854004383087158,High,The Americas
Costa Rica,2016,9.880914688110352,0.9007012844085693,70.0,0.8729719519615173,-0.0418100655078887,0.7805620431900024,0.83001309633255,0.2814222872257232,7.135617733001709,High,The Americas
Costa Rica,2017,9.911863327026367,0.9216971397399902,70.0,0.9356184601783752,-0.0858396813273429,0.7423507571220398,0.7906283140182495,0.2754400670528412,7.225181579589844,High,The Americas
Costa Rica,2018,9.928339958190918,0.8758724331855774,70.0,0.9418883323669434,-0.1166064590215683,0.7813017964363098,0.8015931844711304,0.3258666396141052,7.1410746574401855,High,The Americas
Costa Rica,2019,9.943575859069824,0.9060774445533752,70.0,0.9268301129341124,-0.1559308171272277,0.83562833070755,0.7912708520889282,0.3033272325992584,6.997618675231934,High,The Americas
Costa Rica,2020,9.892345428466797,0.8341995477676392,70.0,0.8893997669219971,-0.1385057121515274,0.7721642851829529,0.7589249014854431,0.3495484590530395,6.338472366333008,Medium,The Americas
Costa Rica,2021,9.961270332336426,0.8760523200035095,70.0,0.8866522312164307,-0.028736475855112,0.781826913356781,0.774057924747467,0.3178403377532959,6.408448219299316,Medium,The Americas
Costa Rica,2022,9.99821949005127,0.901608407497406,70.0,0.9100263118743896,-0.049201563000679,0.750560998916626,0.7930323481559753,0.2719056010246277,7.076658248901367,High,The Americas
Costa Rica,2023,10.020896911621094,0.8745720386505127,70.0,0.9333814978599548,-0.0666854977607727,0.7669379115104675,0.8063220977783203,0.2817946076393127,7.384068965911865,High,The Americas
Croatia,2010,10.109936714172363,0.7963916063308716,67.30000305175781,0.5643726587295532,-0.2442686408758163,0.9727389812469482,0.5535520315170288,0.2588868737220764,5.595575332641602,Medium,Europe
Croatia,2011,10.112523078918455,0.7897387146949768,67.41999816894531,0.5169324278831482,-0.2049840986728668,0.9767774939537048,0.5518577098846436,0.2729797065258026,5.385372638702393,Medium,Europe
Croatia,2012,10.091986656188965,0.77581787109375,67.54000091552734,0.5419097542762756,-0.2495937645435333,0.9238600134849548,0.5716532468795776,0.27104052901268,6.027634620666504,Medium,Europe
Croatia,2013,10.090785026550291,0.7512620687484741,67.66000366210938,0.626699686050415,-0.211284339427948,0.936059832572937,0.5540811419487,0.2847299575805664,5.885462760925293,Medium,Europe
Croatia,2014,10.090556144714355,0.6456977725028992,67.77999877929688,0.5188780426979065,0.124925710260868,0.9177351593971252,0.544727087020874,0.2858951091766357,5.380692481994629,Medium,Europe
Croatia,2015,10.123706817626951,0.7683634161949158,67.9000015258789,0.6935230493545532,-0.103702001273632,0.8485455513000488,0.570057213306427,0.294019341468811,5.205438137054443,Medium,Europe
Croatia,2016,10.16566562652588,0.798332154750824,68.07499694824219,0.671970546245575,-0.071900650858879,0.8840597867965698,0.5689613819122314,0.3365412652492523,5.41687536239624,Medium,Europe
Croatia,2017,10.211227416992188,0.7703096866607666,68.25,0.7158222794532776,-0.1118353977799415,0.8915597200393677,0.6182564496994019,0.3164882361888885,5.343165874481201,Medium,Europe
Croatia,2018,10.247783660888672,0.9098068475723268,68.42500305175781,0.6908556222915649,-0.1583262830972671,0.9254083037376404,0.5123899579048157,0.2903759777545929,5.536271095275879,Medium,Europe
Croatia,2019,10.28696346282959,0.93598872423172,68.5999984741211,0.7393006086349487,-0.1453561037778854,0.931614637374878,0.5038063526153564,0.2691545188426971,5.625743865966797,Medium,Europe
Croatia,2020,10.20158576965332,0.9229134917259216,68.7750015258789,0.8366576433181763,-0.0713879689574241,0.9609392881393432,0.6814067959785461,0.2856097519397735,6.507992267608643,High,Europe
Croatia,2021,10.367008209228516,0.9177415370941162,68.94999694824219,0.8418378829956055,0.0009323216509073,0.9336503744125366,0.6401486992835999,0.2741971611976623,6.286790370941162,Medium,Europe
Croatia,2022,10.434864044189451,0.9099843502044678,69.125,0.593485951423645,-0.2129137814044952,0.875081479549408,0.5731527209281921,0.2668541371822357,5.578691482543945,Medium,Europe
Croatia,2023,10.461684226989746,0.9085949659347534,69.30000305175781,0.5732210874557495,-0.2053699046373367,0.8104672431945801,0.6098355054855347,0.2303737998008728,5.958378791809082,Medium,Europe
Cyprus,2010,10.555774688720703,0.8221237063407898,70.80000305175781,0.7553628087043762,0.0662370920181274,0.8334270119667053,0.699333131313324,0.2957058548927307,6.3865461349487305,Medium,Asia
Cyprus,2011,10.534419059753418,0.8436545133590698,70.95999908447266,0.7454688549041748,0.1733346134424209,0.840676486492157,0.6823908090591431,0.272299587726593,6.689608573913574,High,Asia
Cyprus,2012,10.484100341796877,0.7671771049499512,71.12000274658203,0.7246295809745789,0.0917680114507675,0.87069171667099,0.6870852708816528,0.3686329126358032,6.180507183074951,Medium,Asia
Cyprus,2013,10.418280601501465,0.744032084941864,71.27999877929688,0.6562679409980774,0.0956822484731674,0.8673104643821716,0.6568310856819153,0.4202587008476257,5.438952445983887,Medium,Asia
Cyprus,2014,10.41136646270752,0.7701759934425354,71.44000244140625,0.7150656580924988,0.0535113662481308,0.8682375550270081,0.661480188369751,0.3971729874610901,5.627123832702637,Medium,Asia
Cyprus,2015,10.450677871704102,0.7695561051368713,71.5999984741211,0.6280348300933838,0.1074582785367965,0.8927951455116272,0.6599417328834534,0.3831064105033874,5.43916130065918,Medium,Asia
Cyprus,2016,10.509756088256836,0.7864384651184082,71.80000305175781,0.7562209963798523,-0.0364781469106674,0.8976395130157471,0.6310487985610962,0.3363446891307831,5.794618606567383,Medium,Asia
Cyprus,2017,10.55620574951172,0.8186710476875305,72.0,0.8116706609725952,0.036032535135746,0.8512064218521118,0.6697354316711426,0.3005166053771972,6.062051296234131,Medium,Asia
Cyprus,2018,10.59894847869873,0.825573205947876,72.19999694824219,0.7942150235176086,-0.0305559933185577,0.8483372330665588,0.6629883050918579,0.298021137714386,6.276443004608154,Medium,Asia
Cyprus,2019,10.639202117919922,0.7760780453681946,72.4000015258789,0.7400580048561096,-0.0175196640193462,0.8652942180633545,0.6634199619293213,0.2902252078056335,6.1368327140808105,Medium,Asia
Cyprus,2020,10.583157539367676,0.8055593967437744,72.5999984741211,0.7627823352813721,-0.0861657857894897,0.8162317276000977,0.6708356738090515,0.2835224568843841,6.259810447692871,Medium,Asia
Cyprus,2021,10.638118743896484,0.8553572297096252,72.80000305175781,0.7176392674446106,-0.0382257886230945,0.8764560222625732,0.641120970249176,0.2746836245059967,6.26920223236084,Medium,Asia
Cyprus,2022,10.683274269104004,0.8195474743843079,73.0,0.6984071135520935,0.0075156921520829,0.8873282670974731,0.6593262553215027,0.2969986796379089,5.8647565841674805,Medium,Asia
Cyprus,2023,9.50294589996338,0.80283123254776,73.19999694824219,0.729809582233429,-0.0216132979840039,0.8398323655128479,0.6815126538276672,0.2968635261058807,6.070594310760498,Medium,Asia
Czech Republic,2010,10.418797492980955,0.9341611266136168,67.69999694824219,0.7791122198104858,-0.0476924404501915,0.9259641170501708,0.6478385925292969,0.2440843433141708,6.249617576599121,Medium,Europe
Czech Republic,2011,10.43418025970459,0.9135107398033142,67.81999969482422,0.7871800065040588,-0.1123379170894622,0.9497878551483154,0.6232005953788757,0.2528088688850403,6.331490993499756,Medium,Europe
Czech Republic,2012,10.42490005493164,0.912426769733429,67.94000244140625,0.7398087382316589,-0.1596400588750839,0.9567996859550476,0.6349714994430542,0.2565081417560577,6.334149360656738,Medium,Europe
Czech Republic,2013,10.42410945892334,0.8880433440208435,68.05999755859375,0.7259456515312195,-0.1619187593460083,0.915898859500885,0.6562649011611938,0.2526526153087616,6.69765567779541,High,Europe
Czech Republic,2014,10.445425033569336,0.8779152035713196,68.18000030517578,0.8004209995269775,-0.1738369017839431,0.8968806862831116,0.6377720832824707,0.2352205663919448,6.483729839324951,Medium,Europe
Czech Republic,2015,10.495941162109377,0.9113625884056092,68.30000305175781,0.8084841966629028,-0.15181764960289,0.886467456817627,0.6893541216850281,0.2060805261135101,6.608017444610596,High,Europe
Czech Republic,2016,10.51907730102539,0.9305928945541382,68.42500305175781,0.850328266620636,-0.2035031020641327,0.9004307389259338,0.7102274894714355,0.2010416388511657,6.735627174377441,High,Europe
Czech Republic,2017,10.566816329956056,0.9009689688682556,68.55000305175781,0.8317855000495911,-0.183118924498558,0.8665249943733215,0.6722728610038757,0.2266497910022735,6.789567947387695,High,Europe
Czech Republic,2018,10.595166206359863,0.929163932800293,68.67500305175781,0.7901324033737183,-0.2987183034420013,0.8513822555541992,0.6744130849838257,0.1780681014060974,7.034165382385254,High,Europe
Czech Republic,2019,10.578604698181152,0.9466088116168976,68.80000305175781,0.84827721118927,-0.21699798107147214,0.8675409257411957,0.7113777697086334,0.23425489664077756,6.965628385543823,High,Europe
Czech Republic,2020,10.56204319000244,0.9640536904335022,68.92500305175781,0.9064220190048218,-0.135277658700943,0.8836995959281921,0.7483424544334412,0.2904416918754577,6.897091388702393,High,Europe
Czech Republic,2021,10.615072250366213,0.9502267837524414,69.05000305175781,0.8905214667320251,0.157264307141304,0.8625741004943848,0.7161665558815002,0.2398486286401748,6.9424967765808105,High,Europe
Czech Republic,2022,10.637453079223633,0.9436010122299194,69.17500305175781,0.907834529876709,0.0934512764215469,0.8310014605522156,0.7425069808959961,0.2459902614355087,6.695077419281006,High,Europe
Czech Republic,2023,10.638617515563965,0.9266955852508544,69.30000305175781,0.9060654044151306,0.0252480115741491,0.8316906690597534,0.7501183152198792,0.2543324828147888,6.827006340026856,High,Europe
Democratic Republic of the Congo,2010,6.768578052520752,0.7439466714859009,50.400001525878906,0.6311085820198059,-0.0280942693352699,0.8564949035644531,0.5645737648010254,0.2083522975444793,4.516963958740234,Low,Africa
Democratic Republic of the Congo,2011,6.768578052520752,0.7439466714859009,50.400001525878906,0.6311085820198059,-0.0280942693352699,0.8564949035644531,0.5645737648010254,0.2083522975444793,4.516963958740234,Low,Africa
Democratic Republic of the Congo,2012,6.803482055664063,0.7695459723472595,50.900001525878906,0.5572862029075623,-0.0373273193836212,0.8074066042900085,0.6261304020881653,0.2296513766050338,4.639227390289307,Low,Africa
Democratic Republic of the Congo,2013,6.850804328918457,0.8298520445823669,51.400001525878906,0.4803941547870636,0.0094115464016795,0.9129915237426758,0.5555940866470337,0.1870946586132049,4.497477054595947,Low,Africa
Democratic Republic of the Congo,2014,6.906826972961426,0.822286069393158,51.900001525878906,0.5560992956161499,0.0064954478293657,0.8136759996414185,0.5193702578544617,0.30463507771492,4.414299964904785,Low,Africa
Democratic Republic of the Congo,2015,6.939807891845703,0.7672355771064758,52.400001525878906,0.5737637877464294,-0.0502252578735351,0.8663780093193054,0.5376502871513367,0.3010493814945221,3.902741670608521,Low,Africa
Democratic Republic of the Congo,2016,6.928858280181885,0.8641545176506042,52.82500076293945,0.6373667120933533,-0.0269014872610569,0.8749996423721313,0.6102307438850403,0.2224114835262298,4.52193546295166,Low,Africa
Democratic Republic of the Congo,2017,6.9310221672058105,0.6696884036064148,53.25,0.704239547252655,0.0660029202699661,0.8091818690299988,0.5406472086906433,0.4042620658874511,4.311033248901367,Low,Africa
Democratic Republic of the Congo,2018,6.951281547546387,0.6665670037269592,53.675,0.696211862564087,0.06887774318456646,0.8144736647605896,0.5451942563056946,0.41569433808326717,4.090265941619873,Low,Africa
Democratic Republic of the Congo,2019,6.971540927886963,0.6634456038475036,54.1,0.6881841778755188,0.07175256609916682,0.8197654604911804,0.5497413039207458,0.4271266102790832,3.869498634338379,Low,Africa
Democratic Republic of the Congo,2020,6.991800308227539,0.6603242039680481,54.525,0.6801564931869507,0.07462738901376718,0.8250572562217713,0.5542883515357971,0.43855888247489927,3.648731327056885,Low,Africa
Democratic Republic of the Congo,2021,7.012059688568115,0.6572028040885926,54.95,0.6721288084983825,0.07750221192836754,0.8303490519523621,0.5588353991508483,0.44999115467071527,3.4279640197753904,Low,Africa
Democratic Republic of the Congo,2022,7.032319068908691,0.654081404209137,55.375,0.6641011238098145,0.0803770348429679,0.8356408476829529,0.5633824467658997,0.4614234268665313,3.2071967124938965,Low,Africa
Democratic Republic of the Congo,2023,7.075861930847168,0.5722747445106506,55.79999923706055,0.6873031854629517,0.152351975440979,0.8372732996940613,0.5457320213317871,0.4973513185977936,3.3833975791931152,Low,Africa
Denmark,2010,10.836152076721191,0.9749770760536194,69.4000015258789,0.9436308145523072,0.2365505099296569,0.174896091222763,0.7962087392807007,0.1545629352331161,7.770515441894531,High,Europe
Denmark,2011,10.845314025878906,0.9617361426353456,69.62000274658203,0.9347601532936096,0.2916363179683685,0.2200430780649185,0.7778918743133545,0.1748833805322647,7.78823184967041,High,Europe
Denmark,2012,10.843812942504885,0.9514371752738952,69.83999633789062,0.9326279163360596,0.1328665614128112,0.1874076128005981,0.7827155590057373,0.2085695117712021,7.519909381866455,High,Europe
Denmark,2013,10.848934173583984,0.9647079706192015,70.05999755859375,0.920254647731781,0.2088967561721801,0.1700421720743179,0.8256011605262756,0.1946737915277481,7.588606834411621,High,Europe
Denmark,2014,10.859928131103516,0.9563443064689636,70.27999877929688,0.9415722489356996,0.1121382415294647,0.2372183352708816,0.7798677682876587,0.2326127737760543,7.507559299468994,High,Europe
Denmark,2015,10.876019477844238,0.9597012996673584,70.5,0.9414364099502563,0.2161795347929,0.1910163909196853,0.8014328479766846,0.217577576637268,7.514424800872803,High,Europe
Denmark,2016,10.90015983581543,0.9544515013694764,70.625,0.9482305645942688,0.1318957358598709,0.2098933756351471,0.7860076427459717,0.2075834274291992,7.557782649993896,High,Europe
Denmark,2017,10.921552658081056,0.9521000981330872,70.75,0.9554163217544556,0.1489696949720382,0.1811475604772567,0.778525173664093,0.2057753056287765,7.59370231628418,High,Europe
Denmark,2018,10.936294555664062,0.9582188725471495,70.875,0.935437798500061,0.0118101509287953,0.1506074368953704,0.7730328440666199,0.2060528099536895,7.648785591125488,High,Europe
Denmark,2019,10.947537422180176,0.9577063918113708,71.0,0.963318407535553,0.0146909113973379,0.1741505861282348,0.7968595027923584,0.1810706257820129,7.693003177642822,High,Europe
Denmark,2020,10.924473762512209,0.9473713636398317,71.125,0.9379318356513976,0.0451702959835529,0.2138417512178421,0.7525736689567566,0.2271018922328949,7.514631271362305,High,Europe
Denmark,2021,10.967554092407228,0.9449267387390136,71.25,0.9334392547607422,0.1298342794179916,0.1726809442043304,0.7918907999992371,0.206422209739685,7.698747158050537,High,Europe
Denmark,2022,10.99715805053711,0.9703063368797302,71.375,0.9295474886894226,0.2222746908664703,0.2031404972076416,0.7868204116821289,0.2054410427808761,7.544964790344238,High,Europe
Denmark,2023,10.996293067932127,0.915669560432434,71.5,0.9227390885353088,0.0894335359334945,0.1835667788982391,0.7570056915283203,0.2294894456863403,7.50419282913208,High,Europe
Dominican Republic,2010,9.447546005249023,0.8599693179130554,64.4000015258789,0.8239028453826904,-0.079893060028553,0.7797421216964722,0.7066255211830139,0.2816948592662811,4.735021114349365,Low,The Americas
Dominican Republic,2011,9.465392112731934,0.872086226940155,64.16000366210938,0.8479753136634827,0.0089678112417459,0.7882547378540039,0.7380866408348083,0.2998392879962921,5.396535396575928,Medium,The Americas
Dominican Republic,2012,9.479447364807127,0.8791581988334656,63.91999816894531,0.8401293754577637,-0.0666650459170341,0.7273002862930298,0.7247923016548157,0.2970431447029114,4.7533111572265625,Low,The Americas
Dominican Republic,2013,9.514548301696776,0.8784491419792175,63.68000030517578,0.8885660767555237,0.0157702770084142,0.7517508268356323,0.7663236856460571,0.2951314449310303,5.015515327453613,Medium,The Americas
Dominican Republic,2014,9.570441246032717,0.8905880451202393,63.43999862670898,0.9045743942260742,-0.0252765975892543,0.7600234746932983,0.7724763751029968,0.3000991940498352,5.387331962585449,Medium,The Americas
Dominican Republic,2015,9.62545680999756,0.893197774887085,63.20000076293945,0.8560253381729126,-0.0702197030186653,0.7552881836891174,0.6953850984573364,0.2952530980110168,5.061862468719482,Medium,The Americas
Dominican Republic,2016,9.678292274475098,0.8947534561157227,63.400001525878906,0.8727124333381653,-0.0849553421139717,0.7371829748153687,0.7252313494682312,0.2780951261520386,5.238698482513428,Medium,The Americas
Dominican Republic,2017,9.712601661682127,0.8943681120872498,63.59999847412109,0.8553590178489685,-0.1262716203927993,0.7604896426200867,0.7100050449371338,0.2747455239295959,5.605202674865723,Medium,The Americas
Dominican Republic,2018,9.769048690795898,0.8619863390922546,63.79999923706055,0.8666415810585022,-0.1551028043031692,0.7622735500335693,0.7193699479103088,0.2914030253887176,5.433215618133545,Medium,The Americas
Dominican Republic,2019,9.80758571624756,0.8840898871421814,64.0,0.8774062395095825,-0.127474308013916,0.7456153631210327,0.7470079064369202,0.2640541195869446,6.004237174987793,Medium,The Americas
Dominican Republic,2020,9.727252960205078,0.8061176538467407,64.19999694824219,0.8346429467201233,-0.1281881928443908,0.6361165642738342,0.7236680388450623,0.3139283061027527,5.168409824371338,Medium,The Americas
Dominican Republic,2021,9.832318305969238,0.8571069836616516,64.4000015258789,0.8593583106994629,-0.0884153395891189,0.6774082183837891,0.7336589097976685,0.275468111038208,6.030537128448486,Medium,The Americas
Dominican Republic,2022,9.869828224182127,0.8204224705696106,64.5999984741211,0.8533018827438354,-0.0857802182435989,0.6559762358665466,0.7232317924499512,0.3058151602745056,5.518415927886963,Medium,The Americas
Dominican Republic,2023,9.90037727355957,0.8602536916732788,64.80000305175781,0.8667314052581787,-0.1067438572645187,0.6674948334693909,0.7302570343017578,0.2555694282054901,5.921262264251709,Medium,The Americas
Ecuador,2010,9.245304107666016,0.8392797112464905,65.80000305175781,0.7230790853500366,-0.0689037963747978,0.80563884973526,0.7709160447120667,0.2200137078762054,5.8380513191223145,Medium,The Americas
Ecuador,2011,9.304624557495115,0.8180513381958008,66.13999938964844,0.7883056998252869,-0.1606727689504623,0.701595664024353,0.8059061169624329,0.2706876695156097,5.795088291168213,Medium,The Americas
Ecuador,2012,9.34348487854004,0.7852010130882263,66.4800033569336,0.8252751231193542,-0.0893261656165123,0.7299788594245911,0.7666010856628418,0.3333090543746948,5.960716247558594,Medium,The Americas
Ecuador,2013,9.37644100189209,0.8012509346008301,66.81999969482422,0.7867981195449829,-0.1960926055908203,0.6458486318588257,0.823896586894989,0.2665040493011474,6.0192060470581055,Medium,The Americas
Ecuador,2014,9.398794174194336,0.8309631943702698,67.16000366210938,0.7191048264503479,-0.1728024184703827,0.6609349250793457,0.8405736684799194,0.3057929575443268,5.945851802825928,Medium,The Americas
Ecuador,2015,9.384984016418455,0.8558892011642456,67.5,0.8008704781532288,-0.1196067482233047,0.6658275127410889,0.8164869546890259,0.3229461014270782,5.964075088500977,Medium,The Americas
Ecuador,2016,9.357709884643556,0.8423520922660828,67.75,0.846336305141449,-0.0210621729493141,0.7740841507911682,0.8068519234657288,0.3652465939521789,6.1154375076293945,Medium,The Americas
Ecuador,2017,9.36558437347412,0.8489417433738708,68.0,0.8791281580924988,-0.1730222404003143,0.7335887551307678,0.793201208114624,0.3143434822559356,5.8395185470581055,Medium,The Americas
Ecuador,2018,9.359485626220703,0.8513450026512146,68.25,0.8693637251853943,-0.1050659343600273,0.8307431936264038,0.8174198865890503,0.328171044588089,6.128010272979736,Medium,The Americas
Ecuador,2019,9.340510368347168,0.8084858059883118,68.5,0.8295736908912659,-0.1205283552408218,0.8394950032234192,0.7500731945037842,0.3735581934452057,5.809131145477295,Medium,The Americas
Ecuador,2020,9.245415687561035,0.8040085434913635,68.75,0.8285115361213684,-0.1627734750509262,0.8547804951667786,0.7549710273742676,0.4160279631614685,5.354461669921875,Medium,The Americas
Ecuador,2021,9.27507495880127,0.7855318784713745,69.0,0.8210253715515137,-0.0855634808540344,0.7745082974433899,0.741730272769928,0.4031713902950287,5.434872150421143,Medium,The Americas
Ecuador,2022,9.292769432067873,0.8251397013664246,69.25,0.7585872411727905,-0.0827344730496406,0.8657894730567932,0.7768358588218689,0.3559397161006927,5.887132167816162,Medium,The Americas
Ecuador,2023,9.307243347167969,0.7823009490966797,69.5,0.7307334542274475,-0.106206864118576,0.839505136013031,0.7630280256271362,0.3589973449707031,5.85175371170044,Medium,The Americas
Egypt,2010,9.243124961853027,0.7686752676963806,61.70000076293945,0.4862790405750274,-0.0812085941433906,0.8263351917266846,0.4908358454704284,0.2763456106185913,4.66891622543335,Low,Africa
Egypt,2011,9.238539695739746,0.7533944845199585,61.7599983215332,0.5895377993583679,-0.1568742394447326,0.8585962653160095,0.4562940895557403,0.3534169793128967,4.174158573150635,Low,Africa
Egypt,2012,9.23794174194336,0.7366451025009155,61.81999969482422,0.4515433609485626,-0.1432439535856247,0.8803830742835999,0.4584507942199707,0.3984230160713196,4.204156875610352,Low,Africa
Egypt,2013,9.236404418945312,0.6751881241798401,61.880001068115234,0.4737745523452759,-0.1466325670480728,0.913228452205658,0.4869132936000824,0.4833790063858032,3.5585203170776367,Low,Africa
Egypt,2014,9.241708755493164,0.618550717830658,61.93999862670898,0.5779379606246948,-0.1317151933908462,0.749142587184906,0.4771801233291626,0.3273501694202423,4.885072708129883,Low,Africa
Egypt,2015,9.262447357177734,0.7297442555427551,62.0,0.6592614650726318,-0.0938970372080802,0.6844980716705322,0.5544593930244446,0.3443315029144287,4.762538433074951,Low,Africa
Egypt,2016,9.28413200378418,0.8092185854911804,62.25,0.6558452248573303,-0.1468276083469391,0.8175274133682251,0.5379222631454468,0.3704982101917267,4.556740760803223,Low,Africa
Egypt,2017,9.30519676208496,0.6382263898849487,62.5,0.5925047993659973,-0.1578197181224823,0.7984966337680817,0.4584104120731354,0.4144937992095947,3.9293441772460938,Low,Africa
Egypt,2018,9.338146209716797,0.7588240504264832,62.75,0.6816544532775879,-0.2209923863410949,0.7984966337680817,0.4066040515899658,0.2851837873458862,4.00545072555542,Low,Africa
Egypt,2019,9.374239921569824,0.7721286416053772,63.0,0.7739510536193848,-0.2044293135404586,0.7984966337680817,0.4202765822410583,0.3127633929252624,4.327831745147705,Low,Africa
Egypt,2020,9.39179515838623,0.6727254986763,63.25,0.7695503234863281,-0.1186070218682289,0.7984966337680817,0.5434516668319702,0.442033588886261,4.4723968505859375,Low,Africa
Egypt,2021,9.407588005065918,0.7170223593711853,63.5,0.70444256067276,-0.2325450181961059,0.5804541707038879,0.3873543739318847,0.3249498605728149,4.025747776031494,Low,Africa
Egypt,2022,9.455696105957031,0.7692161202430725,63.75,0.732525110244751,-0.213936910033226,0.7984966337680817,0.4856265485286712,0.3070108294486999,4.023561000823975,Low,Africa
Egypt,2023,9.479594230651855,0.7296708822250366,64.0,0.6253407597541809,-0.2102522403001785,0.7984966337680817,0.4358569085597992,0.3523299396038055,3.8806402683258057,Low,Africa
El Salvador,2010,8.910987854003906,0.756653904914856,64.4000015258789,0.6693378686904907,-0.0701554268598556,0.6941800713539124,0.8227529525756836,0.302185982465744,6.739911079406738,High,The Americas
El Salvador,2011,8.944543838500977,0.7312778830528259,64.22000122070312,0.7472463846206665,-0.1326830387115478,0.7065528035163879,0.8300427794456482,0.3363215327262878,4.741294860839844,Low,The Americas
El Salvador,2012,8.968485832214355,0.8060147166252136,64.04000091552734,0.6827448010444641,-0.1612097918987274,0.7862948179244995,0.7836958765983582,0.3652208149433136,5.934371471405029,Medium,The Americas
El Salvador,2013,8.986650466918945,0.8268588781356812,63.86000061035156,0.7155704498291016,-0.1560393124818802,0.7717508673667908,0.8010079264640808,0.3174763917922973,6.325063228607178,Medium,The Americas
El Salvador,2014,8.999739646911621,0.7976121306419373,63.68000030517578,0.7780146598815918,-0.2005803436040878,0.7814598083496094,0.8010958433151245,0.3298508524894714,5.856523513793945,Medium,The Americas
El Salvador,2015,9.019993782043455,0.7907553911209106,63.5,0.7333559393882751,-0.1627504974603653,0.8045442700386047,0.8161571621894836,0.3326468467712402,6.018496036529541,Medium,The Americas
El Salvador,2016,9.041951179504396,0.7936599850654602,63.84999847412109,0.7998470067977905,-0.1915902495384216,0.7973120212554932,0.7424082159996033,0.3457364737987518,6.139824867248535,Medium,The Americas
El Salvador,2017,9.061598777770996,0.8289526104927063,64.19999694824219,0.7578273415565491,-0.1787703037261963,0.7777485847473145,0.8004894256591797,0.2684483528137207,6.33931827545166,Medium,The Americas
El Salvador,2018,9.083892822265623,0.8202997446060181,64.55000305175781,0.863334596157074,-0.1024052128195762,0.8006995320320129,0.817010223865509,0.2695855796337127,6.241199493408203,Medium,The Americas
El Salvador,2019,9.107535362243652,0.7643905282020569,64.9000015258789,0.8773906826972961,-0.1163593381643295,0.6815764904022217,0.8264221549034119,0.2714750468730926,6.45482063293457,Medium,The Americas
El Salvador,2020,9.023484230041504,0.6956243515014648,65.25,0.9239448308944702,-0.1323100626468658,0.5830363631248474,0.8105266094207764,0.3294397890567779,5.461926937103272,Medium,The Americas
El Salvador,2021,9.126046180725098,0.796106219291687,65.5999984741211,0.9149038791656494,-0.0847649723291397,0.6632885932922363,0.825840413570404,0.2899767160415649,6.4314470291137695,Medium,The Americas
El Salvador,2022,9.148201942443848,0.7723808288574219,65.94999694824219,0.914063274860382,-0.1158192828297615,0.6210974454879761,0.8227249383926392,0.2963068783283233,6.492156028747559,Medium,The Americas
El Salvador,2023,9.167494773864746,0.743965208530426,66.30000305175781,0.9420214891433716,-0.1037502437829971,0.4955852925777435,0.8119229078292847,0.3180385529994964,6.481846809387207,Medium,The Americas
England,2010,10.646039962768556,0.9550681710243224,69.4000015258789,0.841306746006012,0.3973859548568725,0.5868131518363953,0.7534587979316711,0.1763429492712021,7.029364109039307,High,Europe
England,2011,10.648844718933104,0.9487106800079346,69.45999908447266,0.899774432182312,0.3305873274803161,0.4375953078269958,0.742470383644104,0.1739084124565124,6.869248867034912,High,Europe
England,2012,10.656271934509276,0.9345749616622924,69.5199966430664,0.8889704942703247,0.3658523559570312,0.4251699149608612,0.7386267185211182,0.1842445284128189,6.880784034729004,High,Europe
England,2013,10.667609214782717,0.936884105205536,69.58000183105469,0.9052780270576476,0.3410728871822357,0.5680431723594666,0.7189127802848816,0.2520957887172699,6.918055057525635,High,Europe
England,2014,10.691740036010742,0.9102473258972168,69.63999938964844,0.8570396900177002,0.3491040766239166,0.4841184318065643,0.7402334809303284,0.2511403262615204,6.758147716522217,High,Europe
England,2015,10.70746612548828,0.9359857439994812,69.69999694824219,0.8329260945320129,0.29444020986557,0.4561337232589721,0.7395622730255127,0.2192618548870086,6.515445232391357,High,Europe
England,2016,10.721307754516602,0.9540681838989258,69.80000305175781,0.8211921453475952,0.2444659918546676,0.4583132863044739,0.7324212193489075,0.2295867800712585,6.824283599853516,High,Europe
England,2017,10.738656044006348,0.9374952912330629,69.9000015258789,0.8127332925796509,0.2850033938884735,0.4186113476753235,0.7124046683311462,0.2095724195241928,7.103273391723633,High,Europe
England,2018,10.749503135681152,0.9284839034080504,70.0,0.8375083804130554,0.2197916209697723,0.4042760133743286,0.7362332344055176,0.2282756119966507,7.233445167541504,High,Europe
England,2019,10.759778022766112,0.942681074142456,70.0999984741211,0.8540395498275757,0.2639268338680267,0.485092282295227,0.7387860417366028,0.2510144412517547,7.157151222229004,High,Europe
England,2020,10.639239311218262,0.9293532371520996,70.19999694824219,0.8846240043640137,0.1955483853816986,0.4902039468288421,0.7174813151359558,0.2246551215648651,6.798177242279053,High,Europe
England,2021,10.713285446166992,0.8540295958518982,70.30000305175781,0.8150771856307983,0.2518331706523895,0.4475265741348266,0.683882474899292,0.2656258940696716,6.86696195602417,High,Europe
England,2022,10.754302024841309,0.8634395003318787,70.4000015258789,0.857062578201294,0.3075888752937317,0.4260548055171966,0.7227641940116882,0.2701621353626251,6.721779823303223,High,Europe
England,2023,10.758543014526367,0.8858657479286194,70.5,0.8744441270828247,0.2697200775146484,0.4900300204753876,0.7190335988998413,0.2723240852355957,6.658042907714844,High,Europe
Estonia,2010,10.23960781097412,0.90871262550354,67.18000030517578,0.7352253794670105,-0.1734534353017807,0.6867839097976685,0.6408694386482239,0.2051584273576736,5.486819744110107,Medium,Europe
Estonia,2011,10.23960781097412,0.90871262550354,67.18000030517578,0.7352253794670105,-0.1734534353017807,0.6867839097976685,0.6408694386482239,0.2051584273576736,5.486819744110107,Medium,Europe
Estonia,2012,10.274958610534668,0.8894545435905457,67.45999908447266,0.6968257427215576,-0.1972086280584335,0.7928526997566223,0.6270431280136108,0.1989667415618896,5.363927841186523,Medium,Europe
Estonia,2013,10.292996406555176,0.900721788406372,67.73999786376953,0.7535586953163147,-0.2062732428312301,0.7263563871383667,0.6505120992660522,0.1990181654691696,5.367445945739746,Medium,Europe
Estonia,2014,10.325288772583008,0.9171017408370972,68.0199966430664,0.773327112197876,-0.1584761291742324,0.6524474620819092,0.6196213960647583,0.2034391164779663,5.55598258972168,Medium,Europe
Estonia,2015,10.34299373626709,0.9179296493530272,68.30000305175781,0.8146923780441284,-0.1692007333040237,0.5687344670295715,0.6487849354743958,0.1826947778463363,5.628908634185791,Medium,Europe
Estonia,2016,10.373770713806152,0.9377151131629944,68.5250015258789,0.8427706956863403,-0.1549419313669204,0.6390852928161621,0.6568225622177124,0.1768692582845688,5.649675369262695,Medium,Europe
Estonia,2017,10.42886447906494,0.9356863498687744,68.75,0.8617492318153381,-0.1065644398331642,0.6684022545814514,0.7400963306427002,0.1601641029119491,5.938395977020264,Medium,Europe
Estonia,2018,10.462528228759766,0.9326937794685364,68.9749984741211,0.8856183886528015,-0.1466171890497207,0.6206779479980469,0.7302648425102234,0.1631821095943451,6.091302394866943,Medium,Europe
Estonia,2019,10.495527267456056,0.9340643286705016,69.19999694824219,0.8865043520927429,-0.1005905792117118,0.5757541656494141,0.7384289503097534,0.1562790125608444,6.034641265869141,Medium,Europe
Estonia,2020,10.48802661895752,0.9577704668045044,69.42500305175781,0.954200565814972,-0.0903353095054626,0.3978347778320312,0.7616904377937317,0.1876794993877411,6.452563762664795,Medium,Europe
Estonia,2021,10.564051628112791,0.945865035057068,69.6500015258789,0.9258183240890504,0.0455199219286441,0.4414257705211639,0.760608434677124,0.1762580424547195,6.553915500640869,High,Europe
Estonia,2022,10.540752410888672,0.9333325028419496,69.875,0.9039506912231444,0.1360719501972198,0.3903009295463562,0.7669572830200195,0.1868105679750442,6.357114315032959,Medium,Europe
Estonia,2023,10.516721725463867,0.958171248435974,70.0999984741211,0.9145733118057252,0.0315010398626327,0.3337305784225464,0.7648999094963074,0.1822958439588546,6.429872989654541,Medium,Europe
Ethiopia,2010,7.252150535583496,0.6587942838668823,56.31999969482422,0.7763082385063171,-0.0473819896578788,0.7984966337680817,0.5557349324226379,0.1371661275625229,4.561168670654297,Low,Africa
Ethiopia,2011,7.252150535583496,0.6587942838668823,56.31999969482422,0.7763082385063171,-0.0473819896578788,0.7984966337680817,0.5557349324226379,0.1371661275625229,4.561168670654297,Low,Africa
Ethiopia,2012,7.252150535583496,0.6587942838668823,56.31999969482422,0.7763082385063171,-0.0473819896578788,0.7984966337680817,0.5557349324226379,0.1371661275625229,4.561168670654297,Low,Africa
Ethiopia,2013,7.325243473052978,0.6024816632270813,56.97999954223633,0.7067962288856506,-0.0114592714235186,0.7504782676696777,0.5700726509094238,0.2133508771657943,4.444827079772949,Low,Africa
Ethiopia,2014,7.395837783813477,0.6404521465301514,57.63999938964844,0.693558931350708,0.0764402076601982,0.7018002867698669,0.6436508297920227,0.302858293056488,4.506646633148193,Low,Africa
Ethiopia,2015,7.467755317687988,0.625596821308136,58.29999923706055,0.8026425838470459,0.1088451445102691,0.5670273303985596,0.6234564781188965,0.2366290390491485,4.573154926300049,Low,Africa
Ethiopia,2016,7.5307416915893555,0.7187187075614929,58.70000076293945,0.7443076968193054,0.0345563888549804,0.702880859375,0.6271452903747559,0.2539405226707458,4.297848701477051,Low,Africa
Ethiopia,2017,7.594868659973144,0.7335397601127625,59.09999847412109,0.7171012163162231,-0.0024557083379477,0.7568989396095276,0.5143284201622009,0.3044361770153045,4.1803154945373535,Low,Africa
Ethiopia,2018,7.634074211120605,0.740154504776001,59.5,0.7403430938720703,0.035602930933237,0.7994662523269653,0.5615941286087036,0.2717539668083191,4.379262447357178,Low,Africa
Ethiopia,2019,7.687840938568115,0.7480577826499939,59.900001525878906,0.7535155415534973,0.0487161129713058,0.7318453192710876,0.5193136930465698,0.282738596200943,4.099555015563965,Low,Africa
Ethiopia,2020,7.720122814178467,0.8231375813484192,60.29999923706055,0.768694281578064,0.1827409863471985,0.7838224172592163,0.6145911812782288,0.2515143454074859,4.549219608306885,Low,Africa
Ethiopia,2021,7.747734069824219,0.7816525995731354,60.69999885559082,0.721176415681839,0.26966430246829987,0.788463830947876,0.5873639583587646,0.29313869774341583,4.088645577430725,Low,Africa
Ethiopia,2022,7.775345325469971,0.7401676177978516,61.09999847412109,0.673658549785614,0.3565876185894012,0.7931052446365356,0.5601367354393005,0.3347630500793457,3.628071546554565,Low,Africa
Ethiopia,2023,7.809025287628174,0.6703498363494873,61.5,0.6311467885971069,0.2118439972400665,0.800479531288147,0.538413941860199,0.2989624738693237,4.092648506164551,Low,Africa
Finland,2010,10.733668327331545,0.9354813694953918,69.5999984741211,0.9160091280937196,0.0851202681660652,0.4125156998634338,0.7580845355987549,0.2020946592092514,7.393264293670654,High,Europe
Finland,2011,10.754190444946287,0.9378568530082704,69.81999969482422,0.9364483952522278,0.0954518839716911,0.3195931911468506,0.7088621854782104,0.2052386403083801,7.354225158691406,High,Europe
Finland,2012,10.735358238220217,0.9277393817901612,70.04000091552734,0.9209681153297424,-0.0070867338217794,0.3607339560985565,0.74223393201828,0.2016544342041015,7.4202094078063965,High,Europe
Finland,2013,10.72169303894043,0.9408690929412842,70.26000213623047,0.9186253547668456,0.0335434861481189,0.3057704567909241,0.7516428828239441,0.194672554731369,7.44463586807251,High,Europe
Finland,2014,10.71390151977539,0.952016532421112,70.4800033569336,0.9330439567565918,-0.0068079205229878,0.2654798924922943,0.7664982080459595,0.1988138854503631,7.384571075439453,High,Europe
Finland,2015,10.716029167175291,0.9478005766868592,70.69999694824219,0.9298619031906128,0.1052399724721908,0.2233696579933166,0.7364262342453003,0.1910575926303863,7.447925567626953,High,Europe
Finland,2016,10.74088191986084,0.953940451145172,70.7750015258789,0.9483721852302552,-0.0328765250742435,0.2496595680713653,0.7688056826591492,0.1819984465837478,7.659843444824219,High,Europe
Finland,2017,10.769960403442385,0.9638264179229736,70.8499984741211,0.9621989727020264,-0.0083097405731678,0.1924127787351608,0.7558576464653015,0.1760657876729965,7.788251876831055,High,Europe
Finland,2018,10.779966354370115,0.9621550440788268,70.92500305175781,0.9378073811531068,-0.1332129389047622,0.1986048370599746,0.7488264441490173,0.1817806512117386,7.858107089996338,High,Europe
Finland,2019,10.791037559509276,0.9374155402183532,71.0,0.947616696357727,-0.0575179196894168,0.1953384280204773,0.7322823405265808,0.1807328760623932,7.78034782409668,High,Europe
Finland,2020,10.765769958496094,0.9616207480430604,71.07499694824219,0.9624236822128296,-0.1226661950349807,0.1636358946561813,0.7479390501976013,0.1928975731134414,7.889349937438965,High,Europe
Finland,2021,10.793706893920898,0.9702892899513244,71.1500015258789,0.9631898403167723,-0.0391509383916854,0.1917536556720733,0.7516117095947266,0.1754486262798309,7.79437780380249,High,Europe
Finland,2022,10.811471939086914,0.9743951559066772,71.2249984741211,0.958609104156494,0.1006097644567489,0.190206691622734,0.7413228750228882,0.1914731115102768,7.728998184204102,High,Europe
Finland,2023,10.80845069885254,0.946864664554596,71.30000305175781,0.9434178471565248,-0.0011296799639239,0.1852294355630874,0.7167778015136719,0.1728303283452987,7.698929309844971,High,Europe
France,2010,10.648887634277344,0.9429547786712646,71.19999694824219,0.8497021794319153,-0.1091730371117591,0.622954249382019,0.728971004486084,0.2605681121349334,6.797901153564453,High,Europe
France,2011,10.66575050354004,0.9212855696678162,71.30000305175781,0.9033666253089904,-0.1081112474203109,0.6266245245933533,0.7183658480644226,0.2809947729110718,6.959185123443604,High,Europe
France,2012,10.664037704467772,0.937097430229187,71.4000015258789,0.8413203358650208,-0.1547306925058365,0.6079052686691284,0.7054621577262878,0.2529880106449127,6.649365425109863,High,Europe
France,2013,10.664618492126465,0.9076908230781556,71.5,0.8777957558631897,-0.130178764462471,0.6990693807601929,0.7410864233970642,0.2049696892499923,6.667121410369873,High,Europe
France,2014,10.669452667236328,0.8775045275688171,71.5999984741211,0.8034741878509521,-0.1237663328647613,0.6556374430656433,0.7586711049079895,0.2158938348293304,6.466867923736572,Medium,Europe
France,2015,10.67696475982666,0.8957194089889526,71.69999694824219,0.8170362114906311,-0.1449432522058487,0.6406020522117615,0.7404272556304932,0.2154002785682678,6.3576250076293945,Medium,Europe
France,2016,10.685220718383787,0.8849229216575623,71.80000305175781,0.7867804765701294,-0.0969616472721099,0.6226970553398132,0.7149360775947571,0.2700362503528595,6.475208759307861,Medium,Europe
France,2017,10.704975128173828,0.9314945936203004,71.9000015258789,0.8338901400566101,-0.1290569901466369,0.6014860272407532,0.7158063054084778,0.2419839352369308,6.635222434997559,High,Europe
France,2018,10.719868659973145,0.9214630722999572,72.0,0.8163772225379944,-0.1434064358472824,0.5817753076553345,0.7053083777427673,0.2824513614177704,6.665903568267822,High,Europe
France,2019,10.734716415405272,0.9583480954170228,72.0999984741211,0.8272408246994019,-0.1387930065393448,0.5682722926139832,0.692844808101654,0.2504155337810516,6.68964433670044,High,Europe
France,2020,10.650960922241213,0.947354018688202,72.19999694824219,0.8233863115310669,-0.1755139231681823,0.5646405816078186,0.6896242499351501,0.2309504300355911,6.714111804962158,High,Europe
France,2021,10.71426486968994,0.914597511291504,72.30000305175781,0.8369176983833313,-0.1040871664881706,0.5608129501342773,0.6846013069152832,0.2684174478054046,6.656206607818604,High,Europe
France,2022,10.736824035644531,0.8655146360397339,72.4000015258789,0.798249363899231,-0.0267580728977918,0.5327767133712769,0.688189685344696,0.2487234622240066,6.61380672454834,High,Europe
France,2023,10.741768836975098,0.8495709300041199,72.5,0.7755240797996521,0.0095427241176366,0.5577877759933472,0.675797164440155,0.2280012965202331,6.556921482086182,High,Europe
Gabon,2010,9.557162284851074,0.6527015566825867,54.459999084472656,0.7718719244003296,-0.2134251296520233,0.8508309125900269,0.5644175410270691,0.2639551162719726,4.255400657653809,Low,Africa
Gabon,2011,9.557162284851074,0.6527015566825867,54.459999084472656,0.7718719244003296,-0.2134251296520233,0.8508309125900269,0.5644175410270691,0.2639551162719726,4.255400657653809,Low,Africa
Gabon,2012,9.572758674621582,0.7360961437225342,54.91999816894531,0.5659658312797546,-0.1972583085298538,0.8101196885108948,0.5035544633865356,0.2657430768013,3.9720592498779297,Low,Africa
Gabon,2013,9.592561721801758,0.7334875464439392,55.380001068115234,0.6824901103973389,-0.1479545384645462,0.7804388999938965,0.5185444355010986,0.2870970070362091,3.8002870082855225,Low,Africa
Gabon,2014,9.601395606994627,0.8285971283912659,55.84000015258789,0.60661381483078,-0.200559452176094,0.7816584706306458,0.5330895781517029,0.2930424213409424,3.918073177337648,Low,Africa
Gabon,2015,9.60858154296875,0.7558619976043701,56.29999923706055,0.6713007092475891,-0.1963481605052948,0.8667774796485901,0.5996432304382324,0.3716563284397125,4.661012649536133,Low,Africa
Gabon,2016,9.601238250732422,0.7800489664077759,56.625,0.6989423632621765,-0.2069890350103378,0.8165635466575623,0.625076174736023,0.4324046671390533,4.831764221191406,Low,Africa
Gabon,2017,9.580394744873049,0.8069411516189575,56.95000076293945,0.6523595452308655,-0.2311576753854751,0.868305504322052,0.6379749178886414,0.4461242854595184,4.782382965087891,Low,Africa
Gabon,2018,9.564825057983398,0.7848275899887085,57.275001525878906,0.7191354036331177,-0.2002001255750656,0.8228634595870972,0.6138117909431458,0.4176609814167022,4.783009052276611,Low,Africa
Gabon,2019,9.580385208129885,0.7630516886711121,57.59999847412109,0.736349880695343,-0.2062898129224777,0.8462542295455933,0.6383766531944275,0.4129609763622284,4.914393424987793,Low,Africa
Gabon,2020,9.539880752563477,0.701217532157898,57.92499923706055,0.5283749103546143,-0.1942215114831924,0.7887093424797058,0.5676388144493103,0.4160360395908355,4.886549949645996,Low,Africa
Gabon,2021,9.53347396850586,0.7538716197013855,58.25,0.6990566849708557,-0.2073222249746322,0.765906810760498,0.620008111000061,0.3619288504123688,5.075422286987305,Medium,Africa
Gabon,2022,9.543173789978027,0.7752477526664734,58.57500076293945,0.6992760300636292,-0.1670695096254348,0.8027749061584473,0.6607577204704285,0.4136542081832886,5.139500617980957,Medium,Africa
Gabon,2023,9.553695678710938,0.7345706224441528,58.900001525878906,0.7223499417304993,-0.1596172749996185,0.821529746055603,0.6196807622909546,0.4236416816711426,5.104125022888184,Medium,Africa
Georgia,2010,9.183660507202148,0.5403889417648315,63.70000076293945,0.5578579306602478,-0.2531647086143493,0.4597363173961639,0.4017163515090942,0.2425363063812255,4.101837158203125,Low,Asia
Georgia,2011,9.26307201385498,0.502937376499176,63.79999923706055,0.6324645280838013,-0.260438323020935,0.3533464074134826,0.4212740659713745,0.2467704266309738,4.203030586242676,Low,Asia
Georgia,2012,9.332181930541992,0.5325864553451538,63.900001525878906,0.6587240099906921,-0.2745648920536041,0.3208875954151153,0.4434860646724701,0.2500878572463989,4.254445552825928,Low,Asia
Georgia,2013,9.37076473236084,0.5591657757759094,64.0,0.7221276164054871,-0.2596762478351593,0.348713606595993,0.4670817255973816,0.1999070793390274,4.348920822143555,Low,Asia
Georgia,2014,9.413660049438477,0.5584200024604797,64.0999984741211,0.7197811603546143,-0.2385817766189575,0.4155256450176239,0.4581109583377838,0.2043275088071823,4.287508010864258,Low,Asia
Georgia,2015,9.44186019897461,0.5173715949058533,64.19999694824219,0.6399449706077576,-0.2104281187057495,0.5024167895317078,0.4477141499519348,0.2331920862197876,4.121940612792969,Low,Asia
Georgia,2016,9.469911575317385,0.5334122776985168,64.32499694824219,0.6064683794975281,-0.2548143863677978,0.5609240531921387,0.4748525619506836,0.223224475979805,4.448386192321777,Low,Asia
Georgia,2017,9.517067909240724,0.5904951691627502,64.44999694824219,0.820908784866333,-0.2495434433221817,0.589631974697113,0.495819479227066,0.2096396088600158,4.450774669647217,Low,Asia
Georgia,2018,9.564751625061035,0.617218554019928,64.57499694824219,0.775144100189209,-0.2383835017681121,0.7548537850379944,0.479062020778656,0.2437789142131805,4.659097194671631,Low,Asia
Georgia,2019,9.615089416503906,0.6749760508537292,64.69999694824219,0.8105341196060181,-0.265289843082428,0.647223174571991,0.5028348565101624,0.2437100261449813,4.891835689544678,Low,Asia
Georgia,2020,9.544404029846191,0.7183459401130676,64.82499694824219,0.7643523812294006,-0.2250129729509353,0.5827347040176392,0.5725843906402588,0.2945120632648468,5.123143196105957,Medium,Asia
Georgia,2021,9.647734642028809,0.6706894636154175,64.94999694824219,0.7770613431930542,-0.2897113561630249,0.7234069108963013,0.5096328258514404,0.240043506026268,4.91127347946167,Low,Asia
Georgia,2022,9.7429838180542,0.7544909715652466,65.07499694824219,0.8209031820297241,-0.2549088597297668,0.6551721096038818,0.5033212304115295,0.2333244383335113,5.292755126953125,Medium,Asia
Georgia,2023,9.78503704071045,0.7790393829345703,65.19999694824219,0.876941442489624,-0.2682105004787445,0.7058841586112976,0.5417845249176025,0.2310466766357422,5.350635051727295,Medium,Asia
Germany,2010,10.75788688659668,0.9393086433410645,70.0,0.8426564335823059,0.0889904797077179,0.6880059838294983,0.6975303888320923,0.1823441386222839,6.724531173706055,High,Europe
Germany,2011,10.81492519378662,0.9472366571426392,70.0199966430664,0.9062932729721068,0.0267688799649477,0.6771721243858337,0.6857212781906128,0.1651995331048965,6.621312141418457,High,Europe
Germany,2012,10.81722354888916,0.9264066219329834,70.04000091552734,0.904440462589264,0.0648575872182846,0.6792367100715637,0.6990493535995483,0.1695761680603027,6.702362060546875,High,Europe
Germany,2013,10.81886100769043,0.9314205646514891,70.05999755859375,0.8943129777908325,0.0181393027305603,0.5657942295074463,0.6931337714195251,0.2049959152936935,6.96512508392334,High,Europe
Germany,2014,10.8365478515625,0.9375589489936828,70.08000183105469,0.8986834287643433,0.081714391708374,0.4739529192447662,0.7389421463012695,0.1878448724746704,6.9842143058776855,High,Europe
Germany,2015,10.84269905090332,0.925923228263855,70.0999984741211,0.8894288539886475,0.1716277301311493,0.4121682941913605,0.7223848104476929,0.2027051597833633,7.037137508392334,High,Europe
Germany,2016,10.856682777404783,0.9060292840003968,70.30000305175781,0.8705150485038757,0.1422893702983856,0.4459221363067627,0.7093761563301086,0.1872549355030059,6.873763084411621,High,Europe
Germany,2017,10.87939453125,0.8921660780906677,70.5,0.8407278656959534,0.1389836519956588,0.4140211939811706,0.7071136832237244,0.196434810757637,7.074324607849121,High,Europe
Germany,2018,10.886154174804688,0.9197631478309632,70.69999694824219,0.8768875002861023,0.0281755998730659,0.4956739544868469,0.7401749491691589,0.2432145774364471,7.118364334106445,High,Europe
Germany,2019,10.8944091796875,0.8856673240661621,70.9000015258789,0.884751558303833,0.0509414970874786,0.4622551500797272,0.7124611139297485,0.2261712104082107,7.035472393035889,High,Europe
Germany,2020,10.855923652648926,0.905080497264862,71.0999984741211,0.8643560409545898,-0.0677168145775795,0.4240887761116028,0.6982660889625549,0.2059271186590194,7.311897754669189,High,Europe
Germany,2021,10.881431579589844,0.8675825595855713,71.30000305175781,0.778439998626709,0.0736780241131782,0.4175819158554077,0.7033330202102661,0.2511946856975555,6.754523754119873,High,Europe
Germany,2022,10.888559341430664,0.9158080220222472,71.5,0.8952218890190125,0.0799513235688209,0.4165771603584289,0.6680371165275574,0.200957253575325,6.608206748962402,High,Europe
Germany,2023,10.877864837646484,0.8948324918746948,71.69999694824219,0.8447375297546387,0.106207937002182,0.4601833522319793,0.7063045501708984,0.2312359660863876,6.792490482330322,High,Europe
Ghana,2010,8.218624114990234,0.7385586500167847,54.29999923706055,0.8911299109458923,0.068841814994812,0.8748491406440735,0.6934365034103394,0.1841287165880203,4.6062517166137695,Low,Africa
Ghana,2011,8.32568359375,0.7242972254753113,54.7400016784668,0.8518961668014526,0.0057055205106735,0.7904443144798279,0.6576182842254639,0.2092126309871673,5.608199596405029,Medium,Africa
Ghana,2012,8.389938354492188,0.6851118803024292,55.18000030517578,0.6794184446334839,0.0351446941494941,0.8978361487388611,0.7090039253234863,0.1523763835430145,5.057261943817139,Medium,Africa
Ghana,2013,8.435989379882812,0.6762892007827759,55.619998931884766,0.7937937378883362,-0.0702086314558982,0.8801784515380859,0.6601694822311401,0.2108187228441238,4.965053081512451,Low,Africa
Ghana,2014,8.440074920654297,0.6514687538146973,56.060001373291016,0.6769160628318787,-0.0035229581408202,0.9126823544502258,0.681699812412262,0.2803210318088531,3.860351085662842,Low,Africa
Ghana,2015,8.437417984008789,0.6874485611915588,56.5,0.8520161509513855,-0.0428435429930686,0.9454361200332642,0.6747850775718689,0.265278548002243,3.985916137695313,Low,Africa
Ghana,2016,8.447202682495117,0.6473031640052795,56.875,0.7511683702468872,0.085191436111927,0.8939552307128906,0.6589245796203613,0.3049097061157226,4.514411449432373,Low,Africa
Ghana,2017,8.503006935119629,0.6691110730171204,57.25,0.7830463647842407,0.0743275880813598,0.8386099934577942,0.7147892713546753,0.2475189417600631,5.481310844421387,Medium,Africa
Ghana,2018,8.5419340133667,0.7607167959213257,57.625,0.8166804909706116,0.0577655807137489,0.8463284969329834,0.7158196568489075,0.2500012516975403,5.003693103790283,Medium,Africa
Ghana,2019,8.58409309387207,0.7462478280067444,58.0,0.7874477505683899,0.1114733144640922,0.856665849685669,0.6446554064750671,0.2699401080608368,4.966809749603272,Low,Africa
Ghana,2020,8.568556785583496,0.6427033543586731,58.375,0.8237200379371643,0.1957698464393615,0.8470249176025391,0.6746811866760254,0.2527284324169159,5.319483280181885,Medium,Africa
Ghana,2021,8.600658416748047,0.6327296495437622,58.75,0.7302647233009338,0.1051248982548713,0.8877704739570618,0.5875943303108215,0.295109748840332,4.377950668334961,Low,Africa
Ghana,2022,8.613152503967285,0.6281613111495972,59.125,0.7864399552345276,0.1144571378827095,0.9088888764381408,0.620285153388977,0.2915018796920776,4.190854549407959,Low,Africa
Ghana,2023,8.609566688537598,0.6614665985107422,59.5,0.834113597869873,0.0931529030203819,0.892141580581665,0.6377432346343994,0.2538945376873016,4.29845142364502,Low,Africa
Greece,2010,10.42505168914795,0.8684224486351013,70.0,0.4841109812259674,-0.308237761259079,0.9541138410568236,0.5807563066482544,0.2915163934230804,5.8395586013793945,Medium,Europe
Greece,2011,10.319510459899902,0.8515549898147583,70.08000183105469,0.5281259417533875,-0.3209643959999084,0.9411525130271912,0.5519905686378479,0.3227908015251159,5.372039794921875,Medium,Europe
Greece,2012,10.25141429901123,0.8121411204338074,70.16000366210938,0.3726104199886322,-0.3095762729644775,0.9589089751243592,0.5444107055664062,0.3515062928199768,5.096354007720947,Medium,Europe
Greece,2013,10.233183860778809,0.6866500377655029,70.23999786376953,0.4259665310382843,-0.2772378325462341,0.9413098692893982,0.5708364248275757,0.4821831583976745,4.720251083374023,Low,Europe
Greece,2014,10.244590759277344,0.8323332071304321,70.31999969482422,0.3691563308238983,-0.2929417490959167,0.9302138090133668,0.5970151424407959,0.3854333162307739,4.756237030029297,Low,Europe
Greece,2015,10.249216079711914,0.8348246812820435,70.4000015258789,0.5317363142967224,-0.277164876461029,0.8239596486091614,0.6365904211997986,0.2774125337600708,5.622519016265869,Medium,Europe
Greece,2016,10.248492240905762,0.8026058673858643,70.5250015258789,0.4816168546676636,-0.2651339769363403,0.8984708189964294,0.5938278436660767,0.3362075090408325,5.302619457244873,Medium,Europe
Greece,2017,10.26133155822754,0.7528995275497437,70.6500015258789,0.4383000135421753,-0.2947407960891723,0.8722394704818726,0.5159084796905518,0.3328307569026947,5.1482415199279785,Medium,Europe
Greece,2018,10.2799072265625,0.7935007810592651,70.7750015258789,0.5644556879997253,-0.3395468294620514,0.8603023886680603,0.5636278390884399,0.2550065815448761,5.409289360046387,Medium,Europe
Greece,2019,10.29962921142578,0.8908095359802246,70.9000015258789,0.6135841012001038,-0.2931655943393707,0.8480038046836853,0.5597583651542664,0.2359464615583419,5.952157497406006,Medium,Europe
Greece,2020,10.207419395446776,0.7785365581512451,71.0250015258789,0.5646136403083801,-0.2461641281843185,0.7643245458602905,0.6293821334838867,0.3216842114925384,5.787615776062012,Medium,Europe
Greece,2021,10.29377269744873,0.8503261804580688,71.1500015258789,0.574029803276062,-0.1607071906328201,0.7518168687820435,0.6235564947128296,0.3108518719673157,6.104214191436768,Medium,Europe
Greece,2022,10.358270645141602,0.8753129839897156,71.2750015258789,0.5625561475753784,-0.3180114924907684,0.8742860555648804,0.5886290669441223,0.1827140003442764,5.900459289550781,Medium,Europe
Greece,2023,10.386622428894045,0.8184308409690857,71.4000015258789,0.5891226530075073,-0.2228036969900131,0.8053824305534363,0.6079389452934265,0.3113133609294891,5.79606294631958,Medium,Europe
Guatemala,2010,8.90054702758789,0.8590524792671204,60.09999847412109,0.6958629488945007,0.160768449306488,0.7948353886604309,0.8047306537628174,0.23561792075634,6.289748668670654,Medium,The Americas
Guatemala,2011,8.923148155212402,0.7681124210357666,60.380001068115234,0.7629631161689758,0.0034077519085258,0.8630393743515015,0.7918756008148193,0.2893579006195068,5.743353843688965,Medium,The Americas
Guatemala,2012,8.934686660766602,0.8021489977836609,60.65999984741211,0.8654720187187195,0.0147933177649974,0.8209239840507507,0.8084442615509033,0.3494049608707428,5.855717182159424,Medium,The Americas
Guatemala,2013,8.953396797180176,0.8296504020690918,60.93999862670898,0.8840050101280212,0.0394461788237094,0.8167698383331299,0.8222169876098633,0.3325242698192596,5.9846014976501465,Medium,The Americas
Guatemala,2014,8.979589462280273,0.8339746594429016,61.220001220703125,0.843398928642273,0.1020324155688285,0.8044625520706177,0.8155189752578735,0.3051146864891052,6.5360307693481445,High,The Americas
Guatemala,2015,9.002781867980957,0.8228374719619751,61.5,0.8686397671699524,0.0457966774702072,0.8216549158096313,0.8261231184005737,0.3105537891387939,6.464986801147461,Medium,The Americas
Guatemala,2016,9.01262664794922,0.8112354874610901,61.70000076293945,0.8626757264137268,0.0059591089375317,0.812030017375946,0.8154767155647278,0.3213571906089782,6.358916282653809,Medium,The Americas
Guatemala,2017,9.026683807373049,0.8264920711517334,61.900001525878906,0.9145216941833496,-0.0640777572989463,0.799747884273529,0.8188397884368896,0.3080861568450928,6.325118541717529,Medium,The Americas
Guatemala,2018,9.044180870056152,0.8411072492599487,62.09999847412109,0.9095380306243896,-0.015748880803585,0.7654544115066528,0.8274214267730713,0.2624112665653229,6.626591682434082,High,The Americas
Guatemala,2019,9.067970275878906,0.774074375629425,62.29999923706055,0.9006763100624084,-0.0681134387850761,0.7725779414176941,0.8196608424186707,0.3107892572879791,6.2621750831604,Medium,The Americas
Guatemala,2020,9.086255391438803,0.7847217122713724,62.5,0.8858320315678915,-0.06554812937974927,0.7935094237327576,0.8247339725494385,0.29491644104321796,6.224893887837728,Medium,The Americas
Guatemala,2021,9.104540506998697,0.7953690489133199,62.70000076293945,0.8709877530733744,-0.06298281997442243,0.814440906047821,0.8298071026802063,0.27904362479845685,6.187612692515056,Medium,The Americas
Guatemala,2022,9.122825622558594,0.8060163855552673,62.900001525878906,0.8561434745788574,-0.0604175105690956,0.8353723883628845,0.8348802328109741,0.2631708085536957,6.150331497192383,Medium,The Americas
Guatemala,2023,9.14017105102539,0.7961934804916382,63.09999847412109,0.8730798363685608,-0.0490502603352069,0.8120350241661072,0.8431468605995178,0.3026299774646759,6.42129373550415,Medium,The Americas
Guinea,2010,7.556332588195801,0.5984655618667603,51.02000045776367,0.7968302369117737,0.0363949052989482,0.7432562708854675,0.6697989106178284,0.2601331770420074,4.044569492340088,Low,Africa
Guinea,2011,7.556332588195801,0.5984655618667603,51.02000045776367,0.7968302369117737,0.0363949052989482,0.7432562708854675,0.6697989106178284,0.2601331770420074,4.044569492340088,Low,Africa
Guinea,2012,7.589314460754394,0.5422952771186829,51.13999938964844,0.6461878418922424,-0.0031657144427299,0.7944502234458923,0.657049834728241,0.2845733761787414,3.651554822921753,Low,Africa
Guinea,2013,7.60359001159668,0.5668665766716003,51.2599983215332,0.6927366256713867,0.0869976207613945,0.8154816031455994,0.6055405735969543,0.3480570018291473,3.9017930030822754,Low,Africa
Guinea,2014,7.6150593757629395,0.6377137303352356,51.380001068115234,0.6835575699806213,0.0021368032321333,0.7052463889122009,0.6433825492858887,0.3512645363807678,3.412482500076294,Low,Africa
Guinea,2015,7.627111911773682,0.5788596272468567,51.5,0.6659530401229858,0.0027316228952258,0.7621520161628723,0.6581036448478699,0.2677412331104278,3.5046935081481934,Low,Africa
Guinea,2016,7.703959465026855,0.6754470467567444,51.95000076293945,0.725685179233551,-0.0601916089653968,0.8027811646461487,0.6761224865913391,0.3743937909603119,3.6028547286987305,Low,Africa
Guinea,2017,7.776358127593994,0.6340255737304688,52.400001525878906,0.7382128238677979,0.0338028520345687,0.7500262260437012,0.7017887234687805,0.4224608838558197,4.873722553253174,Low,Africa
Guinea,2018,7.812669277191162,0.6304331421852112,52.84999847412109,0.7311572432518005,0.0876702144742012,0.7783938050270081,0.7272707223892212,0.44043830037117,5.252226829528809,Medium,Africa
Guinea,2019,7.841940879821777,0.6551241874694824,53.29999923706055,0.691399097442627,0.0922043994069099,0.7555854916572571,0.6695582866668701,0.4733884334564209,4.767684459686279,Low,Africa
Guinea,2020,7.864849090576172,0.7319285273551941,53.75,0.5981076955795288,0.0751270204782486,0.7904626727104187,0.7063520550727844,0.3460219800472259,4.972168445587158,Low,Africa
Guinea,2021,7.878664493560791,0.6272392272949219,54.20000076293945,0.676289975643158,0.1570706218481063,0.7835156917572021,0.6717168092727661,0.450476735830307,4.944539546966553,Low,Africa
Guinea,2022,7.900684356689453,0.5820174217224121,54.650001525878906,0.7292320728302002,0.1357904821634292,0.7703503966331482,0.6988968849182129,0.4923366904258728,5.317492961883545,Medium,Africa
Guinea,2023,7.931992053985596,0.576948881149292,55.09999847412109,0.7431830763816833,0.1867412030696869,0.7905811071395874,0.6519498229026794,0.5155653953552246,4.827179908752441,Low,Africa
Haiti,2010,7.987371444702148,0.5540307760238647,28.0,0.3729413151741028,0.1673401147127151,0.8480067849159241,0.4950694143772125,0.2925568222999573,3.7659988403320312,Low,The Americas
Haiti,2011,8.025838851928711,0.5670390129089355,33.31999969482422,0.4125877916812897,0.1943689137697219,0.6819601058959961,0.5502581000328064,0.2448556423187255,4.844573974609375,Low,The Americas
Haiti,2012,8.01547622680664,0.7486627101898193,38.63999938964844,0.4824858605861664,0.2425664663314819,0.7171663641929626,0.5565828680992126,0.2838064134120941,4.413475036621094,Low,The Americas
Haiti,2013,8.042824745178223,0.6483508944511414,43.959999084472656,0.6104100346565247,0.2428828030824661,0.6689757108688354,0.5282512903213501,0.3266555368900299,4.621962070465088,Low,The Americas
Haiti,2014,8.05664348602295,0.55414879322052,49.27999877929688,0.5088054537773132,0.2382466942071914,0.7075212597846985,0.5733241438865662,0.3272084593772888,3.8887784481048575,Low,The Americas
Haiti,2015,8.056147575378418,0.5643196702003479,54.59999847412109,0.3982954919338226,0.2592841386795044,0.7774039506912231,0.5975968241691589,0.3325396776199341,3.5697624683380127,Low,The Americas
Haiti,2016,8.060001373291016,0.5837424397468567,54.900001525878906,0.3035404086112976,0.2444607019424438,0.8385231494903564,0.5322052836418152,0.367341011762619,3.35230016708374,Low,The Americas
Haiti,2017,8.070919036865234,0.6469849944114685,55.20000076293945,0.4844291508197784,0.3332625925540924,0.64719158411026,0.570106565952301,0.3216927647590637,3.823865652084351,Low,The Americas
Haiti,2018,8.073848724365234,0.5379759073257446,55.5,0.5914683938026428,0.3737184703350067,0.7204447388648987,0.5806729793548584,0.3587200343608856,3.614928007125856,Low,The Americas
Haiti,2019,8.073848724365234,0.5379759073257446,55.5,0.5914683938026428,0.3737184703350067,0.7204447388648987,0.5806729793548584,0.3587200343608856,3.614928007125856,Low,The Americas
Haiti,2020,8.073848724365234,0.5379759073257446,55.5,0.5914683938026428,0.3737184703350067,0.7204447388648987,0.5806729793548584,0.3587200343608856,3.614928007125856,Low,The Americas
Haiti,2021,8.073848724365234,0.5379759073257446,55.5,0.5914683938026428,0.3737184703350067,0.7204447388648987,0.5806729793548584,0.3587200343608856,3.614928007125856,Low,The Americas
Haiti,2022,8.073848724365234,0.5379759073257446,55.5,0.5914683938026428,0.3737184703350067,0.7204447388648987,0.5806729793548584,0.3587200343608856,3.614928007125856,Low,The Americas
Haiti,2023,8.073848724365234,0.5379759073257446,55.5,0.5914683938026428,0.3737184703350067,0.7204447388648987,0.5806729793548584,0.3587200343608856,3.614928007125856,Low,The Americas
Honduras,2010,8.474308967590332,0.8029389977455139,62.29999923706055,0.6455284953117371,0.1012230888009071,0.8199400901794434,0.745393693447113,0.2599462568759918,5.86613130569458,Medium,The Americas
Honduras,2011,8.491849899291992,0.7657018303871155,62.09999847412109,0.7833690643310547,0.0913221016526222,0.8839631676673889,0.7567948698997498,0.3074709773063659,4.961031436920166,Low,The Americas
Honduras,2012,8.512798309326172,0.7791948914527893,61.900001525878906,0.7004520893096924,-0.0073118535801768,0.871437132358551,0.7963443398475647,0.2935912609100342,4.602218151092529,Low,The Americas
Honduras,2013,8.521371841430664,0.7919602394104004,61.70000076293945,0.6984003782272339,-0.0312630087137222,0.8676997423171997,0.7949846982955933,0.2832813262939453,4.713358402252197,Low,The Americas
Honduras,2014,8.533008575439453,0.7902145385742188,61.5,0.6959825754165649,0.0110865533351898,0.8343501091003418,0.7940577864646912,0.2993884980678558,5.055726051330566,Medium,The Americas
Honduras,2015,8.552596092224121,0.7723755240440369,61.29999923706055,0.5340576767921448,-0.1007754504680633,0.8480827212333679,0.8293653726577759,0.3107661604881286,4.8454365730285645,Low,The Americas
Honduras,2016,8.573054313659668,0.7739099860191345,61.72499847412109,0.850046694278717,0.0760992690920829,0.7928751707077026,0.7900410890579224,0.2968466877937317,5.6481547355651855,Medium,The Americas
Honduras,2017,8.602948188781738,0.8433549404144287,62.150001525878906,0.8983774185180664,0.0682433545589447,0.7834294438362122,0.7961581349372864,0.248383343219757,6.019985675811768,Medium,The Americas
Honduras,2018,8.623580932617188,0.8270670175552368,62.57500076293945,0.8721616864204407,0.0952391698956489,0.8035647869110107,0.8218622803688049,0.287357896566391,5.908423900604248,Medium,The Americas
Honduras,2019,8.63295841217041,0.7971483469009399,63.0,0.8461900353431702,0.0587633922696113,0.8149629235267639,0.7890506982803345,0.278882086277008,5.930051326751709,Medium,The Americas
Honduras,2020,8.629249572753906,0.8015646040439606,63.42499923706055,0.8406178951263428,0.08468749746680254,0.8310941755771637,0.7983867526054382,0.2740480452775955,6.021843671798706,Medium,The Americas
Honduras,2021,8.625540733337402,0.8059808611869812,63.84999847412109,0.8350457549095154,0.1106116026639938,0.8472254276275635,0.807722806930542,0.269214004278183,6.113636016845703,Medium,The Americas
Honduras,2022,8.649821281433105,0.7286148071289062,64.2750015258789,0.8511993885040283,0.0780047848820686,0.83424973487854,0.7745558023452759,0.2889293134212494,5.9318037033081055,Medium,The Americas
Honduras,2023,8.669590950012207,0.7312758564949036,64.69999694824219,0.8781616687774658,0.0785972028970718,0.783737063407898,0.7671729922294617,0.2853439450263977,5.860568046569824,Medium,The Americas
Hungary,2010,10.105344772338867,0.8956937193870544,65.80000305175781,0.5138353705406189,-0.1508684009313583,0.9832760095596312,0.5743855237960815,0.2348130494356155,4.725132465362549,Low,Europe
Hungary,2011,10.12667465209961,0.8936622142791748,65.95999908447266,0.6311001181602478,-0.0948558822274208,0.9399080276489258,0.5860920548439026,0.3045195639133453,4.9176025390625,Low,Europe
Hungary,2012,10.119257926940918,0.9061139822006226,66.12000274658203,0.5692315101623535,-0.1420387476682663,0.930297315120697,0.5819487571716309,0.3153980076313019,4.683358192443848,Low,Europe
Hungary,2013,10.13987636566162,0.8773183226585388,66.27999877929688,0.6737282872200012,-0.118784986436367,0.9115331768989564,0.6466063261032104,0.3067241311073303,4.914466857910156,Low,Europe
Hungary,2014,10.18402099609375,0.8447352647781372,66.44000244140625,0.494474709033966,-0.1556605100631714,0.8553614020347595,0.5779167413711548,0.2376196384429931,5.180563449859619,Medium,Europe
Hungary,2015,10.22280216217041,0.8587338328361511,66.5999984741211,0.5577213764190674,-0.2036500424146652,0.9075303077697754,0.649912416934967,0.2445363849401474,5.344383239746094,Medium,Europe
Hungary,2016,10.24752426147461,0.8995115756988525,66.75,0.5539517402648926,-0.1927042305469513,0.9241858124732972,0.5899617075920105,0.2433257699012756,5.448901653289795,Medium,Europe
Hungary,2017,10.292015075683594,0.8767475485801697,66.9000015258789,0.6611659526824951,-0.145132914185524,0.886361300945282,0.6436054706573486,0.180921271443367,6.065038681030273,Medium,Europe
Hungary,2018,10.345518112182615,0.9405913949012756,67.05000305175781,0.6926270723342896,-0.2486373633146286,0.9112774133682252,0.5946771502494812,0.2010828852653503,5.935770988464356,Medium,Europe
Hungary,2019,10.39346694946289,0.9465155601501464,67.19999694824219,0.798041045665741,-0.2008789330720901,0.883571445941925,0.6528927683830261,0.180348128080368,6.000259876251221,Medium,Europe
Hungary,2020,10.349202156066896,0.9434003829956056,67.3499984741211,0.7709680795669556,-0.1273200809955597,0.8361051082611084,0.6616453528404236,0.2400519400835037,6.038049697875977,Medium,Europe
Hungary,2021,10.42286491394043,0.947892129421234,67.5,0.7274899482727051,-0.0461044572293758,0.8315553665161133,0.6681486368179321,0.1919491738080978,6.226647853851318,Medium,Europe
Hungary,2022,10.470348358154297,0.9370588660240172,67.6500015258789,0.7755020260810852,-0.0093920137733221,0.8482493758201599,0.6282212734222412,0.2501358985900879,5.861183166503906,Medium,Europe
Hungary,2023,10.472707748413086,0.9542263746261596,67.80000305175781,0.7547153234481812,-0.0021450684871524,0.8474809527397156,0.6730110049247742,0.1885889023542404,5.9651780128479,Medium,Europe
Iceland,2010,10.788086891174316,0.9789652824401855,71.5999984741211,0.9046545028686525,0.2345773577690124,0.7585856318473816,0.8169490694999695,0.1571538150310516,7.590660095214844,High,Europe
Iceland,2011,10.788086891174316,0.9789652824401855,71.5999984741211,0.9046545028686525,0.2345773577690124,0.7585856318473816,0.8169490694999695,0.1571538150310516,7.590660095214844,High,Europe
Iceland,2012,10.788086891174316,0.9789652824401855,71.5999984741211,0.9046545028686525,0.2345773577690124,0.7585856318473816,0.8169490694999695,0.1571538150310516,7.590660095214844,High,Europe
Iceland,2013,10.82314682006836,0.9671449065208436,71.69999694824219,0.923207700252533,0.298813134431839,0.7125987410545349,0.8022662401199341,0.1562755703926086,7.501394271850586,High,Europe
Iceland,2014,10.842445373535156,0.9737140536308289,71.79999923706055,0.931846410036087,0.2964660972356796,0.6756302714347839,0.7982786893844604,0.16789000481367106,7.499732494354248,High,Europe
Iceland,2015,10.861743927001951,0.9802832007408142,71.9000015258789,0.9404851198196412,0.2941190600395202,0.638661801815033,0.7942911386489868,0.1795044392347335,7.49807071685791,High,Europe
Iceland,2016,10.908992767333984,0.9849400520324708,71.92500305175781,0.9516095519065856,0.2743895351886749,0.7192995548248291,0.807857871055603,0.1581691652536392,7.510034561157227,High,Europe
Iceland,2017,10.926630973815918,0.966752827167511,71.94999694824219,0.9387832880020142,0.2395819127559662,0.726845383644104,0.8232097625732422,0.1481600105762481,7.4762139320373535,High,Europe
Iceland,2018,10.935057640075684,0.9742887020111084,71.9749984741211,0.9491266906261444,0.10898430738598114,0.7127766609191895,0.8052161931991577,0.1629317700862884,7.504359245300293,High,Europe
Iceland,2019,10.94348430633545,0.9818245768547058,72.0,0.9594700932502748,-0.0216132979840039,0.6987079381942749,0.7872226238250732,0.1777035295963287,7.532504558563232,High,Europe
Iceland,2020,10.852078437805176,0.9832860827445984,72.0250015258789,0.9486271739006042,0.1522171944379806,0.6440638899803162,0.8081478476524353,0.1717951446771621,7.575489521026611,High,Europe
Iceland,2021,10.878107070922852,0.9798582196235656,72.05000305175781,0.9232433438301086,0.2569889426231384,0.664465606212616,0.8058084845542908,0.1591031998395919,7.564624786376953,High,Europe
Iceland,2022,10.915693283081056,0.9848011136054992,72.07499694824219,0.9356690049171448,0.2216350138187408,0.6924341320991516,0.7683941721916199,0.1779928207397461,7.448794364929199,High,Europe
Iceland,2023,10.93416690826416,0.9787889122962952,72.0999984741211,0.9183768033981324,0.2991569936275482,0.6974747180938721,0.7930626273155212,0.1850205063819885,7.561609268188477,High,Europe
India,2010,8.346015930175781,0.6048097610473633,57.29999923706055,0.7830603718757629,0.0528401732444763,0.8625480532646179,0.579225480556488,0.2665020227432251,4.989277362823486,Low,Asia
India,2011,8.3834867477417,0.5525931119918823,57.65999984741211,0.8375516533851624,-0.042788166552782,0.9077935218811036,0.4797596037387848,0.2315944880247116,4.634871482849121,Low,Asia
India,2012,8.42329216003418,0.5105745792388916,58.02000045776367,0.6093201041221619,0.0623600669205188,0.8296147584915161,0.5435065031051636,0.2948410212993622,4.720146656036377,Low,Asia
India,2013,8.472221374511719,0.5528263449668884,58.380001068115234,0.7401766180992126,0.0793551355600357,0.832356333732605,0.6082829833030701,0.3304373621940613,4.427788734436035,Low,Asia
India,2014,8.531302452087402,0.6214666366577148,58.7400016784668,0.8093829154968262,-0.0306421481072902,0.8321419954299927,0.6510428190231323,0.2845820486545563,4.424379348754883,Low,Asia
India,2015,8.59635066986084,0.6101332902908325,59.09999847412109,0.7772252559661865,-0.0099614122882485,0.7764349579811096,0.6572009325027466,0.3218294382095337,4.342079162597656,Low,Asia
India,2016,8.66383171081543,0.6135293841362,59.400001525878906,0.8200687766075134,0.0411419197916984,0.7647221088409424,0.645889163017273,0.3456814587116241,4.179177284240723,Low,Asia
India,2017,8.71802043914795,0.606767475605011,59.70000076293945,0.8858504295349121,-0.0463805422186851,0.7808027863502502,0.5788310766220093,0.3179367780685425,4.046111106872559,Low,Asia
India,2018,8.769686698913574,0.6380519866943359,60.0,0.8904433846473694,0.0799645110964775,0.805263340473175,0.5905601978302002,0.357458084821701,3.818068742752075,Low,Asia
India,2019,8.797416687011719,0.5607807636260986,60.29999923706055,0.8755403161048889,0.1078087612986564,0.751979410648346,0.5604031682014465,0.4663356244564056,3.248769760131836,Low,Asia
India,2020,8.727785110473633,0.6164115071296692,60.59999847412109,0.9064159393310548,0.0675698220729827,0.7801271080970764,0.6864772439002991,0.3832931220531463,4.223865509033203,Low,Asia
India,2021,8.806451797485352,0.5697329044342041,60.900001525878906,0.8661109209060669,0.0521226860582828,0.756820023059845,0.5473084449768066,0.4291378855705261,3.558253765106201,Low,Asia
India,2022,8.867334365844727,0.6080451011657715,61.20000076293945,0.8931310176849365,0.0854641050100326,0.7707419991493225,0.596354603767395,0.4322643578052521,3.929816246032715,Low,Asia
India,2023,8.91947078704834,0.6328966021537781,61.5,0.8996010422706604,0.1208869218826294,0.769851803779602,0.6987650990486145,0.3885256946086883,4.676008701324463,Low,Asia
Indonesia,2010,9.013428688049316,0.8160215020179749,61.20000076293945,0.6996575593948364,0.4426548779010772,0.954049587249756,0.7169575095176697,0.2179079949855804,5.45729923248291,Medium,Asia
Indonesia,2011,9.060741424560549,0.8249770402908325,61.41999816894531,0.8782871961593628,0.4330004155635834,0.96229487657547,0.7476766705513,0.2734160423278808,5.172608375549316,Medium,Asia
Indonesia,2012,9.106734275817873,0.8336211442947388,61.63999938964844,0.7703193426132202,0.3490613102912903,0.9615888595581056,0.7635718584060669,0.2289796024560928,5.36777400970459,Medium,Asia
Indonesia,2013,9.148689270019531,0.7937608361244202,61.86000061035156,0.7806907892227173,0.3708779811859131,0.9726685881614684,0.7772572636604309,0.249146357178688,5.292237758636475,Medium,Asia
Indonesia,2014,9.18594741821289,0.9048278331756592,62.08000183105469,0.7194132804870605,0.4027087688446045,0.9701442122459412,0.7570469975471497,0.2416782081127166,5.597375392913818,Medium,Asia
Indonesia,2015,9.222451210021973,0.8094781041145325,62.29999923706055,0.7794183492660522,0.4659602344036102,0.9459672570228576,0.7962190508842468,0.2742922008037567,5.042799949645996,Medium,Asia
Indonesia,2016,9.260966300964355,0.7918305993080139,62.42499923706055,0.8299416303634644,0.4942834377288818,0.8896774053573608,0.7477544546127319,0.3415735960006714,5.136325359344482,Medium,Asia
Indonesia,2017,9.3003568649292,0.7955892086029053,62.54999923706055,0.8650262951850891,0.4822440147399902,0.9004164338111877,0.7812778353691101,0.3191715776920318,5.098401546478272,Medium,Asia
Indonesia,2018,9.341143608093262,0.8093788623809814,62.67499923706055,0.8793743848800659,0.5062282085418701,0.8677294254302979,0.7960307002067566,0.2959868013858795,5.340295791625977,Medium,Asia
Indonesia,2019,9.38074016571045,0.8019180297851562,62.79999923706055,0.8658591508865356,0.5494587421417236,0.8607847690582275,0.8002039194107056,0.3017027974128723,5.346512794494629,Medium,Asia
Indonesia,2020,9.351465225219728,0.750896155834198,62.92499923706055,0.8533263802528381,0.529078483581543,0.9138129949569702,0.7422149777412415,0.3513779640197754,4.828147411346436,Low,Asia
Indonesia,2021,9.380879402160645,0.8169246912002563,63.04999923706055,0.8848558664321899,0.5404853224754333,0.8450802564620972,0.7985467314720154,0.2727530598640442,5.433173179626465,Medium,Asia
Indonesia,2022,9.42623805999756,0.8340766429901123,63.17499923706055,0.9032506942749025,0.5162824988365173,0.8617085218429565,0.8182287216186523,0.2687752246856689,5.584685802459717,Medium,Asia
Indonesia,2023,9.465581893920898,0.7805444598197937,63.29999923706055,0.9004279375076294,0.5895543694496155,0.8662374019622803,0.813895046710968,0.2894721627235412,5.694869518280029,Medium,Asia
Iran,2010,9.635751724243164,0.5822370648384094,65.13999938964844,0.7975736856460571,0.1883785426616668,0.6645815372467041,0.5125404596328735,0.3590679764747619,4.767507076263428,Low,Asia
Iran,2011,9.635751724243164,0.5822370648384094,65.13999938964844,0.7975736856460571,0.1883785426616668,0.6645815372467041,0.5125404596328735,0.3590679764747619,4.767507076263428,Low,Asia
Iran,2012,9.584786415100098,0.5995426177978516,65.27999877929688,0.7644184231758118,-0.0216132979840039,0.6777071356773376,0.5292984843254089,0.5249687433242798,4.6089277267456055,Low,Asia
Iran,2013,9.55488395690918,0.6637067198753357,65.41999816894531,0.7302147150039673,0.2019353210926056,0.685038149356842,0.5749024152755737,0.5518397092819214,5.1395792961120605,Medium,Asia
Iran,2014,9.58455753326416,0.6440637707710266,65.55999755859375,0.7668229937553406,0.2272287309169769,0.639682412147522,0.5498918294906616,0.511569082736969,4.682224273681641,Low,Asia
Iran,2015,9.547588348388672,0.5724068880081177,65.69999694824219,0.7803832292556763,0.1636726409196853,0.698951244354248,0.5480201244354248,0.519858181476593,4.749955654144287,Low,Asia
Iran,2016,9.613709449768066,0.5662811994552612,65.8499984741211,0.773303747177124,0.17619588971138,0.712782621383667,0.5923522710800171,0.5258768200874329,4.652730941772461,Low,Asia
Iran,2017,9.626632690429688,0.7142329216003418,66.0,0.7306351661682129,0.2097706347703933,0.7149413228034973,0.5898975133895874,0.4385339021682739,4.716783046722412,Low,Asia
Iran,2018,9.590757369995115,0.673764705657959,66.1500015258789,0.6033198833465576,0.0726350843906402,0.7034397721290588,0.4816772937774658,0.4931488931179046,4.278117656707764,Low,Asia
Iran,2019,9.552820205688477,0.698293149471283,66.30000305175781,0.6232820749282837,0.1282813549041748,0.7283065319061279,0.5247208476066589,0.4485256671905517,5.00614595413208,Medium,Asia
Iran,2020,9.577228546142578,0.7572186589241028,66.44999694824219,0.5995944738388062,0.1302978098392486,0.7099016904830933,0.5046365857124329,0.4702450037002563,4.864528179168701,Low,Asia
Iran,2021,9.616117477416992,0.7714695334434509,66.5999984741211,0.6093102693557739,0.1721063554286956,0.7611703276634216,0.5179298520088196,0.4271637499332428,4.787814140319824,Low,Asia
Iran,2022,9.636131286621094,0.8000702857971191,66.75,0.5702034831047058,0.209394633769989,0.7660799026489258,0.5210179686546326,0.4659169912338257,4.976995468139648,Low,Asia
Iran,2023,9.650888442993164,0.8094788789749146,66.9000015258789,0.6154001355171204,0.2536029815673828,0.7642531394958496,0.5333526134490967,0.4246327579021454,5.0042805671691895,Medium,Asia
Iraq,2010,9.00924015045166,0.8541178107261658,60.900001525878906,0.4190641045570373,-0.1227851584553718,0.858734667301178,0.4967024028301239,0.4309343993663788,5.065462112426758,Medium,Asia
Iraq,2011,9.04700756072998,0.7507486343383789,60.880001068115234,0.3474140465259552,-0.067558467388153,0.7800272107124329,0.4731912612915039,0.5570986866950989,4.725366115570068,Low,Asia
Iraq,2012,9.132593154907228,0.7301182150840759,60.86000061035156,0.3145646154880523,-0.0176858585327863,0.7891906499862671,0.4104500412940979,0.4490588903427124,4.65950870513916,Low,Asia
Iraq,2013,9.15945529937744,0.7282854318618774,60.84000015258789,0.7711215615272522,-0.0467935875058174,0.7097261548042297,0.6634199619293213,0.5542787313461304,4.725017070770264,Low,Asia
Iraq,2014,9.126399993896484,0.7251507043838501,60.81999969482422,0.6460065841674805,0.0022370826918631,0.7260081171989441,0.5388572812080383,0.5636311173439026,4.541502475738525,Low,Asia
Iraq,2015,9.145398139953612,0.6844348311424255,60.79999923706055,0.5994599461555481,0.0207313913851976,0.7621671557426453,0.4784125983715057,0.5812669396400452,4.493377208709717,Low,Asia
Iraq,2016,9.24996566772461,0.718956708908081,61.275001525878906,0.6661601662635803,-0.0502426102757453,0.7988664507865906,0.4711867868900299,0.5697580575942993,4.412537097930908,Low,Asia
Iraq,2017,9.208023071289062,0.6951093673706055,61.75,0.6277220249176025,0.0007406912627629,0.7571088075637817,0.4870179295539856,0.590538740158081,4.462399005889893,Low,Asia
Iraq,2018,9.209845542907717,0.7635089159011841,62.22499847412109,0.5978227853775024,-0.0692225098609924,0.8866996169090271,0.5517740249633789,0.4820267856121063,4.886400699615479,Low,Asia
Iraq,2019,9.148902893066406,0.7356781959533691,62.69999885559082,0.6490186750888824,-0.044920241460204104,0.8679041862487793,0.56856769323349,0.5067828446626663,4.835783004760742,Low,Asia
Iraq,2020,9.087960243225098,0.7078474760055542,63.17499923706055,0.7002145648002625,-0.0206179730594158,0.8491087555885315,0.5853613615036011,0.5315389037132263,4.785165309906006,Low,Asia
Iraq,2021,9.080981254577637,0.7302128672599792,63.650001525878906,0.5944667458534241,0.0062597608193755,0.9006400108337402,0.5774005651473999,0.4742285013198852,5.093667984008789,Medium,Asia
Iraq,2022,9.12685203552246,0.7530482411384583,64.125,0.660884439945221,0.0678903684020042,0.8552064299583435,0.5646862387657166,0.4992436468601227,4.927995681762695,Low,Asia
Iraq,2023,9.093181610107422,0.7341683506965637,64.5999984741211,0.6584085822105408,-0.0174491107463836,0.8510727882385254,0.5865992903709412,0.4686653316020965,5.475371837615967,Medium,Asia
Ireland,2010,10.89027214050293,0.9728859066963196,70.0999984741211,0.8560295701026917,0.3411027491092682,0.6180241107940674,0.7628112435340881,0.2006554156541824,7.257389545440674,High,Europe
Ireland,2011,10.89421558380127,0.9773775935173036,70.22000122070312,0.9520343542099,0.376204252243042,0.5899126529693604,0.7864438891410828,0.1903094500303268,7.006904125213623,High,Europe
Ireland,2012,10.889922142028809,0.9617859125137328,70.33999633789062,0.9021945595741272,0.2951722145080566,0.5726322531700134,0.7213983535766602,0.2366615682840347,6.964645385742188,High,Europe
Ireland,2013,10.895851135253906,0.9551883339881896,70.45999908447266,0.8837720155715942,0.3245031833648681,0.558394193649292,0.744001567363739,0.2452678233385086,6.760085105895996,High,Europe
Ireland,2014,10.97149658203125,0.9677446484565736,70.58000183105469,0.9216295480728148,0.2566363513469696,0.4060362577438354,0.7360910773277283,0.2287230491638183,7.018379211425781,High,Europe
Ireland,2015,11.180142402648926,0.9529425501823424,70.69999694824219,0.89227694272995,0.2259845435619354,0.4087569117546081,0.7482663989067078,0.2253492474555969,6.830125331878662,High,Europe
Ireland,2016,11.188721656799316,0.9581440091133118,70.80000305175781,0.8745891451835632,0.1688106060028076,0.3985443115234375,0.744257926940918,0.2110633105039596,7.040731430053711,High,Europe
Ireland,2017,11.26406192779541,0.943481981754303,70.9000015258789,0.9053411483764648,0.2104263007640838,0.3370847404003143,0.7712081074714661,0.2127841264009475,7.060155391693115,High,Europe
Ireland,2018,11.33350658416748,0.9378623962402344,71.0,0.8614715933799744,0.1378890872001648,0.3622102439403534,0.7536033391952515,0.2130500674247741,6.962335586547852,High,Europe
Ireland,2019,11.372811317443848,0.943726360797882,71.0999984741211,0.8924586772918701,0.0672667399048805,0.3728035688400268,0.7584224939346313,0.2232998609542846,7.254841327667236,High,Europe
Ireland,2020,11.422528266906738,0.9603110551834106,71.19999694824219,0.8820982575416565,0.0004562513495329,0.3556327223777771,0.7526087760925293,0.2464472651481628,7.03493070602417,High,Europe
Ireland,2021,11.540399551391602,0.849838137626648,71.30000305175781,0.8463441133499146,0.1311513930559158,0.3604233860969543,0.7327337265014648,0.2452105730772018,6.827651977539063,High,Europe
Ireland,2022,11.64281940460205,0.9060792922973632,71.4000015258789,0.8950095176696777,0.1376845985651016,0.3578122556209564,0.7378602027893066,0.2341256886720657,6.869863986968994,High,Europe
Ireland,2023,11.67558765411377,0.921253502368927,71.5,0.9027664065361024,0.1821778863668441,0.3733170926570892,0.741769552230835,0.2453001886606216,6.816531181335449,High,Europe
Israel,2010,10.44437026977539,0.8818298578262329,71.4000015258789,0.5614778995513916,0.1451367884874344,0.9021826982498168,0.6278626918792725,0.3623943626880646,7.358916282653809,High,Asia
Israel,2011,10.480010032653809,0.8926965594291687,71.4800033569336,0.7222692370414734,0.1355759054422378,0.8912953734397888,0.6544812321662903,0.3844750225543976,7.43314790725708,High,Asia
Israel,2012,10.487095832824709,0.9034155011177064,71.55999755859375,0.681439220905304,0.1472899764776229,0.8623272776603699,0.6112784743309021,0.3192314505577087,7.110854625701904,High,Asia
Israel,2013,10.511643409729004,0.9085158705711364,71.63999938964844,0.7390016317367554,0.1446702182292938,0.8485378623008728,0.6485661864280701,0.4085761606693268,7.320563316345215,High,Asia
Israel,2014,10.530890464782717,0.8890697360038757,71.72000122070312,0.7069746255874634,0.0877207964658737,0.8180399537086487,0.5671811103820801,0.2712557017803192,7.400570392608643,High,Asia
Israel,2015,10.535632133483888,0.8641301989555359,71.80000305175781,0.7527839541435242,0.102507546544075,0.7894299030303955,0.6516321897506714,0.2562582492828369,7.079411029815674,High,Asia
Israel,2016,10.56025218963623,0.8896607756614685,71.94999694824219,0.7722973227500916,0.146814689040184,0.8040565848350525,0.6018273234367371,0.2630902230739593,7.159010887145996,High,Asia
Israel,2017,10.582741737365724,0.9164408445358276,72.0999984741211,0.7680763006210327,0.1384697258472442,0.7926522493362427,0.6209673881530762,0.2764431536197662,7.33103609085083,High,Asia
Israel,2018,10.60337257385254,0.9095954298973083,72.25,0.7246623039245605,0.0479828119277954,0.7701348066329956,0.6118062138557434,0.2820625603199005,6.927178859710693,High,Asia
Israel,2019,10.625003814697266,0.9460106492042542,72.4000015258789,0.8344919085502625,0.0777034685015678,0.7428677678108215,0.597811222076416,0.2658916711807251,7.331779956817627,High,Asia
Israel,2020,10.588619232177734,0.9590721726417542,72.55000305175781,0.831315815448761,-0.0589667484164238,0.7476390600204468,0.5644036531448364,0.2428257316350937,7.194928169250488,High,Asia
Israel,2021,10.65512752532959,0.916583240032196,72.69999694824219,0.8197770118713379,-0.0083371615037322,0.7260037660598755,0.5582947134971619,0.2165428102016449,7.57752799987793,High,Asia
Israel,2022,10.698113441467283,0.9536527395248412,72.8499984741211,0.7749474048614502,-0.0070902672596275,0.6546988487243652,0.5826253294944763,0.1829020231962204,7.662397384643555,High,Asia
Israel,2023,10.707268714904783,0.9518911838531494,73.0,0.797024130821228,0.1461836844682693,0.6355089545249939,0.4842758178710937,0.5159156918525696,6.783402442932129,High,Asia
Italy,2010,10.66111946105957,0.8723841309547424,71.0999984741211,0.7377389073371887,-0.0651821419596672,0.921075165271759,0.5353158712387085,0.2358799427747726,6.354238033294678,Medium,Europe
Italy,2011,10.666447639465332,0.9133093357086182,71.19999694824219,0.56773841381073,-0.0234724953770637,0.9334609508514404,0.6101437211036682,0.2655679285526275,6.05708646774292,Medium,Europe
Italy,2012,10.633489608764648,0.8694866299629211,71.30000305175781,0.5700949430465698,0.1071810275316238,0.9083236455917358,0.6514341235160828,0.3876522481441498,5.839313983917236,Medium,Europe
Italy,2013,10.603315353393556,0.9162960648536682,71.4000015258789,0.4991687536239624,-0.1079385951161384,0.9426392912864684,0.7018231749534607,0.356616199016571,6.009373664855957,Medium,Europe
Italy,2014,10.594094276428224,0.897899329662323,71.5,0.6235312223434448,-0.0705166310071945,0.919959545135498,0.6587449312210083,0.3560196161270141,6.026585102081299,Medium,Europe
Italy,2015,10.602810859680176,0.908986508846283,71.5999984741211,0.5747657418251038,-0.0698490440845489,0.9127530455589294,0.6461016535758972,0.3292090892791748,5.847683906555176,Medium,Europe
Italy,2016,10.617362022399902,0.9272128343582152,71.67500305175781,0.623741626739502,-0.0861873552203178,0.9028012156486512,0.6324813365936279,0.3391735851764679,5.954524040222168,Medium,Europe
Italy,2017,10.635401725769045,0.9197912216186525,71.75,0.6328432559967041,-0.0407053418457508,0.8666679263114929,0.6128391623497009,0.3228461444377899,6.1988701820373535,Medium,Europe
Italy,2018,10.646517753601074,0.9126561284065248,71.82499694824219,0.650009274482727,-0.0269564744085073,0.8878248333930969,0.5979762077331543,0.4029753506183624,6.516526699066162,High,Europe
Italy,2019,10.66286849975586,0.8384024500846863,71.9000015258789,0.7094788551330566,-0.0881169885396957,0.8655280470848083,0.5688936114311218,0.3279600739479065,6.445416927337647,Medium,Europe
Italy,2020,10.573657989501951,0.8898240327835083,71.9749984741211,0.7181554436683655,-0.1567099392414093,0.8440945744514465,0.6138409376144409,0.3110021650791168,6.488356113433838,Medium,Europe
Italy,2021,10.646746635437012,0.8855336308479309,72.05000305175781,0.7028452157974243,-0.0961468741297721,0.8623175024986267,0.6342868208885193,0.318436861038208,6.466744899749756,Medium,Europe
Italy,2022,10.68712043762207,0.8693636059761047,72.125,0.710519015789032,0.0263544879853725,0.8187083005905151,0.6241306066513062,0.2981303036212921,6.258476734161377,Medium,Europe
Italy,2023,10.702875137329102,0.8510008454322815,72.19999694824219,0.6985619068145752,-0.0525361262261867,0.8190128803253174,0.6359078288078308,0.2934224307537079,6.24511194229126,Medium,Europe
Ivory Coast,2010,8.284656524658203,0.7085711359977722,51.29999923706055,0.7391932606697083,-0.0367073379456996,0.6911175847053528,0.661407470703125,0.3060657382011413,3.739365577697754,Low,Africa
Ivory Coast,2011,8.284656524658203,0.7085711359977722,51.29999923706055,0.7391932606697083,-0.0367073379456996,0.6911175847053528,0.661407470703125,0.3060657382011413,3.739365577697754,Low,Africa
Ivory Coast,2012,8.284656524658203,0.7085711359977722,51.29999923706055,0.7391932606697083,-0.0367073379456996,0.6911175847053528,0.661407470703125,0.3060657382011413,3.739365577697754,Low,Africa
Ivory Coast,2013,8.284656524658203,0.7085711359977722,51.29999923706055,0.7391932606697083,-0.0367073379456996,0.6911175847053528,0.661407470703125,0.3060657382011413,3.739365577697754,Low,Africa
Ivory Coast,2014,8.351089477539062,0.7109916806221008,51.900001525878906,0.7807731032371521,-0.0866333693265914,0.6713562607765198,0.6033515334129333,0.2906505465507507,3.570368528366089,Low,Africa
Ivory Coast,2015,8.394760131835938,0.7039916515350342,52.5,0.799745500087738,-0.0588238164782524,0.7442496418952942,0.6141157150268555,0.3472286760807037,4.445038795471191,Low,Africa
Ivory Coast,2016,8.438225746154785,0.6174007654190063,53.07500076293945,0.7687893509864807,-0.0481076277792453,0.7574533820152283,0.6926950216293335,0.3780294060707092,4.542545795440674,Low,Africa
Ivory Coast,2017,8.483853340148926,0.6613753437995911,53.650001525878906,0.7320979237556458,-0.1159551441669464,0.7709402441978455,0.6624361872673035,0.3574557900428772,5.0377349853515625,Medium,Africa
Ivory Coast,2018,8.505483627319336,0.6208825707435608,54.22499847412109,0.7125900387763977,-0.0541049875319004,0.7909668684005737,0.6589143872261047,0.3856313824653625,5.268374919891357,Medium,Africa
Ivory Coast,2019,8.543317794799805,0.6793860197067261,54.79999923706055,0.7357119917869568,-0.0211602319031953,0.7992712259292603,0.6634755730628967,0.4254071712493896,5.392012119293213,Medium,Africa
Ivory Coast,2020,8.535457611083984,0.6131063103675842,55.375,0.7699980139732361,0.012312427163124,0.7766872644424438,0.6551474332809448,0.3399190902709961,5.256503582000732,Medium,Africa
Ivory Coast,2021,8.578563690185547,0.5542248487472534,55.95000076293945,0.7171052694320679,-0.0043429196812212,0.7158969640731812,0.6257954239845276,0.3446903824806213,5.055806636810303,Medium,Africa
Ivory Coast,2022,8.619275093078613,0.536297082901001,56.525001525878906,0.7133498191833496,-0.0085874386131763,0.7428398728370667,0.6286621689796448,0.3992744386196136,4.8486738204956055,Low,Africa
Ivory Coast,2023,8.655770301818848,0.6227868795394897,57.09999847412109,0.7531749606132507,-0.0574532933533191,0.6759107112884521,0.6695907711982727,0.3065430819988251,5.336585521697998,Medium,Africa
Jamaica,2010,9.192560195922852,0.8545842170715332,66.5999984741211,0.7956135272979736,-0.0712541118264198,0.9091161489486694,0.7644627690315247,0.2371588200330734,5.374446392059326,Medium,The Americas
Jamaica,2011,9.192560195922852,0.8545842170715332,66.5999984741211,0.7956135272979736,-0.0712541118264198,0.9091161489486694,0.7644627690315247,0.2371588200330734,5.374446392059326,Medium,The Americas
Jamaica,2012,9.187180042266846,0.8597638010978699,66.5999984741211,0.7944042384624481,-0.049930242821574156,0.9199192225933075,0.7292579114437103,0.2748218402266502,5.541666507720947,Medium,The Americas
Jamaica,2013,9.18179988861084,0.8649433851242065,66.5999984741211,0.7931949496269226,-0.0286063738167285,0.9307222962379456,0.694053053855896,0.312484860420227,5.708886623382568,Medium,The Americas
Jamaica,2014,9.184566497802734,0.8742315173149109,66.5999984741211,0.8089731335639954,-0.0083767771720886,0.8611325025558472,0.7082093358039856,0.3099849224090576,5.310538768768311,Medium,The Americas
Jamaica,2015,9.192643165588379,0.887164294719696,66.5999984741211,0.8262075384457906,-0.051568225026130635,0.8683537244796753,0.705480178197225,0.28778982659180957,5.503612200419108,Medium,The Americas
Jamaica,2016,9.200719833374023,0.9000970721244812,66.5999984741211,0.8434419433275858,-0.09475967288017266,0.8755749464035034,0.7027510205904642,0.2655947307745615,5.696685632069906,Medium,The Americas
Jamaica,2017,9.208796501159668,0.9130298495292664,66.5999984741211,0.8606763482093811,-0.1379511207342147,0.8827961683273315,0.7000218629837036,0.2433996349573135,5.889759063720703,Medium,The Americas
Jamaica,2018,9.221639633178711,0.8954221606254578,66.5999984741211,0.8756735920906067,-0.14188181608915323,0.8840630948543549,0.710872620344162,0.21934188902378082,6.099498987197876,Medium,The Americas
Jamaica,2019,9.234482765197754,0.8778144717216492,66.5999984741211,0.8906708359718323,-0.1458125114440918,0.8853300213813782,0.7217233777046204,0.1952841430902481,6.309238910675049,Medium,The Americas
Jamaica,2020,9.127867698669434,0.8695536851882935,66.5999984741211,0.8647778034210205,-0.1522385329008102,0.8364131450653076,0.7120029330253601,0.266417920589447,5.424990653991699,Medium,The Americas
Jamaica,2021,9.170270919799805,0.8573675751686096,66.5999984741211,0.7306572794914246,-0.0843438729643821,0.8827446103096008,0.6885959506034851,0.3078785836696625,5.813733577728272,Medium,The Americas
Jamaica,2022,9.211524963378906,0.8680406808853149,66.5999984741211,0.8742675185203552,-0.0911594778299331,0.9096440672874452,0.7183552980422974,0.2689413428306579,5.870189189910889,Medium,The Americas
Jamaica,2023,9.211524963378906,0.8680406808853149,66.5999984741211,0.8742675185203552,-0.0911594778299331,0.9096440672874452,0.7183552980422974,0.2689413428306579,5.870189189910889,Medium,The Americas
Japan,2010,10.547181129455566,0.9019249081611632,73.0,0.7717223763465881,-0.1473055034875869,0.7695570588111877,0.7792192697525024,0.1877030730247497,6.056752681732178,Medium,Asia
Japan,2011,10.549270629882812,0.9167037010192872,73.12000274658203,0.8143964409828186,-0.0589624382555484,0.7337989807128906,0.7135642170906067,0.1810554713010788,6.26279354095459,Medium,Asia
Japan,2012,10.56452178955078,0.905295431613922,73.23999786376953,0.7528315186500549,-0.0216132979840039,0.6923874020576477,0.7084200382232666,0.1714747101068496,5.968216419219971,Medium,Asia
Japan,2013,10.585817337036133,0.9236883521080016,73.36000061035156,0.8214165568351746,-0.1539206951856613,0.6504982113838196,0.718607485294342,0.1746215373277664,5.959361553192139,Medium,Asia
Japan,2014,10.590102195739746,0.900040328502655,73.4800033569336,0.8380517363548279,-0.1463152766227722,0.6174831390380859,0.6869840025901794,0.1894328296184539,5.92262077331543,Medium,Asia
Japan,2015,10.606649398803713,0.9226571917533876,73.5999984741211,0.8316941857337952,-0.1624202579259872,0.654443085193634,0.7022688984870911,0.1764086335897445,5.879684448242188,Medium,Asia
Japan,2016,10.614670753479004,0.8997738361358643,73.7249984741211,0.8360646367073059,-0.0694528743624687,0.6976393461227417,0.6895833015441895,0.192402645945549,5.95465087890625,Medium,Asia
Japan,2017,10.63210391998291,0.8819612860679626,73.8499984741211,0.8493965864181519,-0.212972491979599,0.6591986417770386,0.6917625665664673,0.1755121797323227,5.9106764793396,Medium,Asia
Japan,2018,10.639785766601562,0.8864319324493408,73.9749984741211,0.7734721302986145,-0.2684555649757385,0.6867845058441162,0.6494027972221375,0.1853001564741134,5.793575286865234,Medium,Asia
Japan,2019,10.637160301208496,0.8776509165763855,74.0999984741211,0.8064715266227722,-0.2610065340995788,0.6171878576278687,0.6932767629623413,0.1944103837013244,5.908039093017578,Medium,Asia
Japan,2020,10.59637451171875,0.8872491121292114,74.2249984741211,0.806036114692688,-0.2659346461296081,0.6086985468864441,0.6805382370948792,0.1864610016345977,6.1179633140563965,Medium,Asia
Japan,2021,10.622172355651855,0.8957377076148987,74.3499984741211,0.8013503551483154,-0.2133346050977707,0.6695467233657837,0.6743742823600769,0.1892460435628891,6.091324806213379,Medium,Asia
Japan,2022,10.636844635009766,0.8986499309539795,74.4749984741211,0.7888569831848145,-0.2373665571212768,0.6430096626281738,0.6696168780326843,0.1646630465984344,6.178009986877441,Medium,Asia
Japan,2023,10.653786659240724,0.8422733545303345,74.5999984741211,0.7769917845726013,-0.2219926565885543,0.5936000943183899,0.6376104354858398,0.1779548674821853,5.910115718841553,Medium,Asia
Jordan,2010,9.38150691986084,0.917988896369934,66.69999694824219,0.7880731225013733,-0.0566425547003746,0.7984966337680817,0.5643734335899353,0.3434187471866607,5.569942474365234,Medium,Asia
Jordan,2011,9.383052825927734,0.8779187798500061,66.87999725341797,0.7595645189285278,-0.1551297903060913,0.7984966337680817,0.5509335398674011,0.2603241503238678,5.539327621459961,Medium,Asia
Jordan,2012,9.392827987670898,0.8294963240623474,67.05999755859375,0.6931421160697937,-0.1751288026571273,0.7984966337680817,0.4692285656929016,0.3453364074230194,5.131996154785156,Medium,Asia
Jordan,2013,9.35377311706543,0.8403792381286621,67.23999786376953,0.6922270059585571,-0.1306324154138565,0.7984966337680817,0.5972898006439209,0.2860333025455475,5.171952724456787,Medium,Asia
Jordan,2014,9.269113540649414,0.8161309957504272,67.41999816894531,0.7287431955337524,-0.113047607243061,0.7984966337680817,0.6018679141998291,0.3126460909843445,5.333021640777588,Medium,Asia
Jordan,2015,9.201573371887209,0.8304438591003418,67.5999984741211,0.7665170431137085,-0.0509371310472488,0.7984966337680817,0.6166209578514099,0.3051957786083221,5.404593467712402,Medium,Asia
Jordan,2016,9.17296028137207,0.8199447393417358,67.5999984741211,0.771350622177124,-0.0420126281678676,0.7984966337680817,0.5977168083190918,0.3119133710861206,5.271284580230713,Medium,Asia
Jordan,2017,9.172545433044434,0.8146645426750183,67.5999984741211,0.7662624716758728,-0.1560838669538498,0.7984966337680817,0.5544319152832031,0.3915051817893982,4.808082580566406,Low,Asia
Jordan,2018,9.167902946472168,0.7995443344116211,67.5999984741211,0.7624202966690063,-0.1894188821315765,0.7984966337680817,0.6634199619293213,0.2621752023696899,4.6389336585998535,Low,Asia
Jordan,2019,9.162689208984377,0.7925596833229065,67.5999984741211,0.7257558107376099,-0.1675848066806793,0.7984966337680817,0.6634199619293213,0.2621752023696899,4.452548027038574,Low,Asia
Jordan,2020,9.125218391418455,0.7088398933410645,67.5999984741211,0.7785334587097168,-0.1535932719707489,0.7984966337680817,0.6634199619293213,0.2621752023696899,4.093991756439209,Low,Asia
Jordan,2021,9.127314567565918,0.7029181718826294,67.5999984741211,0.7731134295463562,-0.1480653285980224,0.655549168586731,0.4795041084289551,0.429252564907074,3.909149169921875,Low,Asia
Jordan,2022,9.139777183532717,0.774262011051178,67.5999984741211,0.7594186663627625,-0.1559695452451706,0.7145845890045166,0.5205573439598083,0.434516966342926,4.355606555938721,Low,Asia
Jordan,2023,9.151368141174316,0.7207711935043335,67.5999984741211,0.7544203996658325,-0.1433659493923187,0.6512880325317383,0.5183835625648499,0.4417031705379486,4.2920331954956055,Low,Asia
Kazakhstan,2010,9.940361976623535,0.9037864804267884,60.400001525878906,0.7848518490791321,-0.220891922712326,0.8227036595344543,0.6554728746414185,0.1489506959915161,5.514286518096924,Medium,Asia
Kazakhstan,2011,9.9974365234375,0.9049713611602784,61.0,0.8778880834579468,-0.2412003278732299,0.8017241954803467,0.6224705576896667,0.1544339805841446,5.735662937164307,Medium,Asia
Kazakhstan,2012,10.030233383178713,0.8917166590690613,61.59999847412109,0.8398323059082031,-0.1768766045570373,0.8766818046569824,0.6667917370796204,0.1843814998865127,5.759469509124756,Medium,Asia
Kazakhstan,2013,10.074108123779297,0.8890097141265869,62.20000076293945,0.7815910577774048,-0.2350366860628128,0.8199893832206726,0.6290112733840942,0.1644440293312072,5.835483074188232,Medium,Asia
Kazakhstan,2014,10.100523948669434,0.7952934503555298,62.79999923706055,0.7994629740715027,-0.0018264827085658,0.8053512573242188,0.6709543466567993,0.1694567054510116,5.970097541809082,Medium,Asia
Kazakhstan,2015,10.097837448120115,0.931349277496338,63.400001525878906,0.7401328086853027,-0.0428279004991054,0.7138442993164062,0.6820675134658813,0.1739940047264099,5.949995040893555,Medium,Asia
Kazakhstan,2016,10.09455680847168,0.9278106689453124,63.79999923706055,0.7828055620193481,-0.0418898239731788,0.7020166516304016,0.6406584978103638,0.15541473031044,5.533551692962647,Medium,Asia
Kazakhstan,2017,10.121134757995604,0.9140931963920592,64.19999694824219,0.7452439665794373,-0.0406705848872661,0.7552506923675537,0.697624921798706,0.1714864075183868,5.882351398468018,Medium,Asia
Kazakhstan,2018,10.148171424865724,0.9366567134857178,64.5999984741211,0.8401829600334167,-0.1038702726364135,0.8237829804420471,0.6108769774436951,0.1615422815084457,6.007636070251465,Medium,Asia
Kazakhstan,2019,10.179291725158691,0.951050102710724,65.0,0.8523874282836914,-0.0608780533075332,0.7082791924476624,0.7114754915237427,0.1391329318284988,6.272268295288086,Medium,Asia
Kazakhstan,2020,10.140987396240234,0.966448962688446,65.4000015258789,0.8721001148223877,-0.0624268241226673,0.6607988476753235,0.6199889779090881,0.1503599137067794,6.168269157409668,Medium,Asia
Kazakhstan,2021,10.170093536376951,0.906053364276886,65.80000305175781,0.8074890971183777,0.0343427434563636,0.7824940085411072,0.6628369688987732,0.1223011463880539,6.259634017944336,Medium,Asia
Kazakhstan,2022,10.16943359375,0.923373281955719,66.19999694824219,0.8829379677772522,0.0215879864990711,0.7201685309410095,0.6524381041526794,0.1319486945867538,6.006279468536377,Medium,Asia
Kazakhstan,2023,10.171749114990234,0.9290642738342284,66.5999984741211,0.9007052779197693,0.0495081022381782,0.8120614886283875,0.6262810230255127,0.113802433013916,6.299432754516602,Medium,Asia
Kenya,2010,8.225715637207031,0.8053264617919922,53.5,0.6354572176933289,0.005158849991858,0.917921245098114,0.7582440376281738,0.1232017800211906,4.255859375,Low,Africa
Kenya,2011,8.249103546142578,0.8463075757026672,54.02000045776367,0.7086591720581055,0.0089634330943226,0.9226641654968262,0.705513060092926,0.2279724925756454,4.405310153961182,Low,Africa
Kenya,2012,8.268518447875977,0.8314101099967957,54.540000915527344,0.6276541948318481,0.052789106965065,0.9112730622291564,0.6672117114067078,0.1941772401332855,4.547335147857666,Low,Africa
Kenya,2013,8.281694412231445,0.8248060345649719,55.060001373291016,0.7083322405815125,0.200699433684349,0.8610033988952637,0.7287451028823853,0.1613313108682632,3.7953832149505615,Low,Africa
Kenya,2014,8.307733535766602,0.7654364109039307,55.58000183105469,0.819018542766571,0.1605844497680664,0.8491942286491394,0.7786993980407715,0.2210967093706131,4.904579639434815,Low,Africa
Kenya,2015,8.334213256835938,0.7769230604171753,56.09999847412109,0.7929903268814087,0.2092961966991424,0.8525498509407043,0.6734850406646729,0.1724221110343933,4.3576178550720215,Low,Africa
Kenya,2016,8.353463172912598,0.7059215903282166,56.5,0.7485082745552063,0.2879396378993988,0.8284115791320801,0.7298745512962341,0.2256476581096649,4.396127700805664,Low,Africa
Kenya,2017,8.369367599487305,0.7146043181419373,56.900001525878906,0.8533943891525269,0.2245628833770752,0.8540003895759583,0.7538604140281677,0.2302103042602539,4.475654125213623,Low,Africa
Kenya,2018,8.403982162475586,0.7067198753356934,57.29999923706055,0.821412980556488,0.281633585691452,0.8442440629005432,0.746773898601532,0.2369207739830017,4.655702590942383,Low,Africa
Kenya,2019,8.434075355529785,0.6759316325187683,57.70000076293945,0.8177574872970581,0.3004039227962494,0.7943702936172485,0.7276407480239868,0.2506871223449707,4.618850231170654,Low,Africa
Kenya,2020,8.411246299743652,0.6737176179885864,58.09999847412109,0.7020344734191895,0.2513728141784668,0.8365160226821899,0.7382336854934692,0.2969804108142853,4.546584129333496,Low,Africa
Kenya,2021,8.464981079101562,0.702200710773468,58.5,0.6781082153320312,0.3129857182502746,0.841331422328949,0.7448379397392273,0.2529630959033966,4.464540958404541,Low,Africa
Kenya,2022,8.49321460723877,0.6905949711799622,58.900001525878906,0.705976128578186,0.2917731404304504,0.8777757287025452,0.7249465584754944,0.2807210385799408,4.447946548461914,Low,Africa
Kenya,2023,8.523473739624023,0.702744722366333,59.29999923706055,0.735895037651062,0.3162458539009094,0.7997993230819702,0.7556939125061035,0.2446381896734237,4.49622917175293,Low,Africa
Kosovo,2010,8.939566612243652,0.7079588770866394,65.0999984741211,0.4514437913894653,0.1708641648292541,0.9672717452049256,0.6729828715324402,0.1177174225449562,5.176601409912109,Medium,Europe
Kosovo,2011,8.992258071899414,0.7591015696525574,65.0999984741211,0.5889787673950195,0.0035335926804691,0.9192119836807252,0.6037397384643555,0.1244376599788665,4.859501838684082,Low,Europe
Kosovo,2012,9.000282287597656,0.7571471333503723,65.0999984741211,0.6357933878898621,0.027779983356595,0.9496514201164246,0.5618537664413452,0.0996303856372833,5.639588356018066,Medium,Europe
Kosovo,2013,9.046239852905272,0.7207503914833069,65.0999984741211,0.568463146686554,0.1141884624958038,0.9350945949554444,0.6499571204185486,0.2027312368154525,6.125758171081543,Medium,Europe
Kosovo,2014,9.082123756408691,0.7056323289871216,65.0999984741211,0.4413912296295166,0.0098844086751341,0.775200605392456,0.5517186522483826,0.2059502452611923,5.000375270843506,Medium,Europe
Kosovo,2015,9.15325164794922,0.805270791053772,65.0999984741211,0.5610482692718506,0.1773806661367416,0.8506470918655396,0.6845784783363342,0.1799888163805008,5.077460765838623,Medium,Europe
Kosovo,2016,9.21343994140625,0.8238027095794678,65.0999984741211,0.8273985981941223,0.1203578040003776,0.9408979415893556,0.5884125828742981,0.1496067196130752,5.759412288665772,Medium,Europe
Kosovo,2017,9.253032684326172,0.7920872569084167,65.0999984741211,0.8576767444610596,0.1122422739863395,0.9251918196678162,0.6169121861457825,0.1858790963888168,6.149199962615967,Medium,Europe
Kosovo,2018,9.28314208984375,0.822406530380249,65.0999984741211,0.8897370100021362,0.2641344666481018,0.9220781922340392,0.642223596572876,0.1702484637498855,6.391825675964356,Medium,Europe
Kosovo,2019,9.334190368652344,0.8425111770629883,65.0999984741211,0.8411896228790283,0.2416997700929641,0.9202972650527954,0.6116000413894653,0.1407923549413681,6.425144195556641,Medium,Europe
Kosovo,2020,9.278607368469238,0.7923744916915894,65.0999984741211,0.8798375725746155,0.3018060028553009,0.9098938703536988,0.5926777124404907,0.2014580368995666,6.294414043426514,Medium,Europe
Kosovo,2021,9.382963180541992,0.8488386273384094,65.0999984741211,0.840116560459137,0.2581380903720855,0.8423787951469421,0.5782843232154846,0.1160783171653747,6.648499488830566,High,Europe
Kosovo,2022,9.431036949157717,0.8876391053199768,65.0999984741211,0.8648658990859985,0.207567811012268,0.8459503054618835,0.5492900013923645,0.1424203366041183,6.159853458404541,Medium,Europe
Kosovo,2023,9.480271339416504,0.807212769985199,65.0999984741211,0.899681031703949,0.2851782441139221,0.8109320402145386,0.6821652054786682,0.1397805660963058,6.877792835235596,High,Europe
Kuwait,2010,10.998427391052246,0.8927223086357117,69.19999694824219,0.7030197381973267,-0.0386844910681247,0.4861114025115967,0.6867440342903137,0.2033959925174713,6.798151016235352,High,Asia
Kuwait,2011,11.024463653564451,0.8819119930267334,69.4000015258789,0.768603503704071,-0.0216132979840039,0.5604239106178284,0.7262067198753357,0.1768251359462738,6.377699375152588,Medium,Asia
Kuwait,2012,11.011855125427246,0.8889166712760925,69.5999984741211,0.9340495467185974,-0.0216132979840039,0.7984966337680817,0.7941445112228394,0.0954904928803443,6.221094608306885,Medium,Asia
Kuwait,2013,10.95171356201172,0.8619481325149536,69.80000305175781,0.7505248785018921,-0.0216132979840039,0.7984966337680817,0.686251163482666,0.282628983259201,6.4800310134887695,Medium,Asia
Kuwait,2014,10.92564296722412,0.8343945443630219,70.0,0.7711215615272522,-0.0216132979840039,0.7984966337680817,0.6634199619293213,0.2621752023696899,6.18013858795166,Medium,Asia
Kuwait,2015,10.893179893493652,0.8230177760124207,70.19999694824219,0.821662425994873,0.0768639370799064,0.7984966337680817,0.6782534718513489,0.3236914277076721,6.146031856536865,Medium,Asia
Kuwait,2016,10.886990547180176,0.8452220559120178,70.17500305175781,0.8409671783447266,-0.0796072334051132,0.7984966337680817,0.64274001121521,0.3149229884147644,5.947194576263428,Medium,Asia
Kuwait,2017,10.819924354553224,0.8534913063049316,70.1500015258789,0.8841816186904907,-0.0095338998362421,0.7984966337680817,0.6486676335334778,0.3073208034038543,6.093905448913574,Medium,Asia
Kuwait,2018,10.792251586914062,0.8475055396556854,70.125,0.8757277131080627,-0.0580076477490365,0.7984966337680817,0.6459448635578156,0.3050985634326935,6.100012540817261,Medium,Asia
Kuwait,2019,10.764578819274902,0.8415197730064392,70.0999984741211,0.8672738075256348,-0.1064813956618309,0.7984966337680817,0.6432220935821533,0.3028763234615326,6.106119632720947,Medium,Asia
Kuwait,2020,10.777389208475748,0.8524676958719889,70.0749994913737,0.901042640209198,-0.023804873228073134,0.7984966337680817,0.6746541062990824,0.2540468523899714,6.3233561515808105,Medium,Asia
Kuwait,2021,10.790199597676594,0.8634156187375387,70.0500005086263,0.9348114728927611,0.058871649205684634,0.7984966337680817,0.7060861190160116,0.20521738131841022,6.540592670440674,High,Asia
Kuwait,2022,10.80300998687744,0.8743635416030884,70.0250015258789,0.9685803055763244,0.1415481716394424,0.7984966337680817,0.7375181317329407,0.156387910246849,6.757829189300537,High,Asia
Kuwait,2023,10.811559677124023,0.890011191368103,70.0,0.897539496421814,0.1360409408807754,0.7984966337680817,0.7294350862503052,0.2069776952266693,7.130284309387207,High,Asia
Kyrgyzstan,2010,8.32871150970459,0.8853629231452942,61.59999847412109,0.7200511693954468,-0.0769177451729774,0.9257935881614684,0.5163073539733887,0.1234625503420829,4.996410846710205,Low,Asia
Kyrgyzstan,2011,8.374398231506348,0.8914040923118591,62.02000045776367,0.7478084564208984,-0.1598747819662094,0.932496964931488,0.5793209671974182,0.1513158977031707,4.921049118041992,Low,Asia
Kyrgyzstan,2012,8.356863975524902,0.8561817407608032,62.43999862670898,0.7027316689491272,-0.0841856002807617,0.8920367956161499,0.5795610547065735,0.1823832690715789,5.207785606384277,Medium,Asia
Kyrgyzstan,2013,8.4406156539917,0.8507155179977417,62.86000061035156,0.7550366520881653,-0.0904061794281005,0.8995604515075684,0.595424234867096,0.1349111795425415,5.402426719665527,Medium,Asia
Kyrgyzstan,2014,8.460005760192871,0.8980247974395752,63.27999877929688,0.7362900972366333,0.3500358760356903,0.8967673778533936,0.6172406673431396,0.1850253343582153,5.252192974090576,Medium,Asia
Kyrgyzstan,2015,8.477441787719727,0.8565845489501953,63.70000076293945,0.8131758570671082,0.1944313943386078,0.8577250242233276,0.6583857536315918,0.1734764277935028,4.905375957489014,Low,Asia
Kyrgyzstan,2016,8.49951457977295,0.9143754839897156,64.2249984741211,0.8139392137527466,0.0508660040795803,0.9169228076934814,0.6680458784103394,0.1260996758937835,4.856534004211426,Low,Asia
Kyrgyzstan,2017,8.526488304138184,0.882586658000946,64.75,0.8593897819519043,0.1376726925373077,0.8744944930076599,0.6404331922531128,0.1604383140802383,5.6295366287231445,Medium,Asia
Kyrgyzstan,2018,8.543475151062012,0.8981478214263916,65.2750015258789,0.9449476599693298,0.2615467607975006,0.9074053168296814,0.6168864369392395,0.2033001482486724,5.2973833084106445,Medium,Asia
Kyrgyzstan,2019,8.567575454711914,0.8770278692245483,65.80000305175781,0.9204362630844116,-0.0077963597141206,0.8845399022102356,0.62494957447052,0.2072290629148483,5.685220718383789,Medium,Asia
Kyrgyzstan,2020,8.46087646484375,0.9022229909896852,66.32499694824219,0.934885323047638,0.1005702167749404,0.9313175082206726,0.6721067428588867,0.2578130662441253,6.24958610534668,Medium,Asia
Kyrgyzstan,2021,8.503861427307129,0.904273271560669,66.8499984741211,0.917870819568634,0.1987321525812149,0.9025155901908876,0.6599077582359314,0.226462572813034,5.563699722290039,Medium,Asia
Kyrgyzstan,2022,8.555203437805176,0.9269707798957824,67.375,0.9483615756034852,0.2302581667900085,0.8761541843414307,0.6461661458015442,0.2039923816919326,5.667840957641602,Medium,Asia
Kyrgyzstan,2023,8.57337474822998,0.9460276365280152,67.9000015258789,0.9432868361473083,0.1450849771499633,0.8990190029144287,0.6814092397689819,0.1653883904218673,5.909509181976318,Medium,Asia
Laos,2010,8.537691116333008,0.6908777952194214,57.77999877929688,0.8816338181495667,0.4540073573589325,0.587321937084198,0.7462398409843445,0.2252784967422485,4.703749656677246,Low,Asia
Laos,2011,8.537691116333008,0.6908777952194214,57.77999877929688,0.8816338181495667,0.4540073573589325,0.587321937084198,0.7462398409843445,0.2252784967422485,4.703749656677246,Low,Asia
Laos,2012,8.600584030151367,0.6926279067993164,58.15999984741211,0.7711215615272522,0.2274431586265564,0.7984966337680817,0.7405874133110046,0.3866792321205139,4.876084804534912,Low,Asia
Laos,2013,8.657147026062011,0.6955694794654846,58.508000183105466,0.7950973987579346,0.19557677656412123,0.757120668888092,0.7349315762519837,0.3781885623931885,4.825496006011963,Low,Asia
Laos,2014,8.713710021972656,0.6985110521316529,58.85600051879883,0.8190732359886169,0.16371039450168606,0.7157447040081024,0.7292757391929626,0.36969789266586306,4.774907207489013,Low,Asia
Laos,2015,8.770273017883301,0.701452624797821,59.204000854492186,0.8430490732192993,0.13184401243925092,0.6743687391281128,0.7236199021339417,0.3612072229385376,4.724318408966065,Low,Asia
Laos,2016,8.826836013793946,0.7043941974639892,59.55200119018555,0.8670249104499816,0.09997763037681576,0.6329927742481232,0.7179640650749206,0.35271655321121215,4.673729610443115,Low,Asia
Laos,2017,8.88339900970459,0.7073357701301575,59.900001525878906,0.8910007476806641,0.0681112483143806,0.5916168093681335,0.7123082280158997,0.3442258834838867,4.623140811920166,Low,Asia
Laos,2018,8.928816795349121,0.7047381401062012,60.20000076293945,0.9066609740257264,0.136109173297882,0.6342398524284363,0.7106564044952393,0.331882506608963,4.859402179718018,Low,Asia
Laos,2019,8.967002868652344,0.7294439077377319,60.5,0.906153440475464,0.0554700009524822,0.6202337145805359,0.7183997631072998,0.3061442673206329,5.196856021881104,Medium,Asia
Laos,2020,8.957246780395508,0.6603962779045105,60.79999923706055,0.9150282144546508,0.1361398994922638,0.7479977011680603,0.7137534022331238,0.3583492636680603,5.284390926361084,Medium,Asia
Laos,2021,8.967883110046387,0.6498932838439941,61.09999847412109,0.927041471004486,0.0374780036509037,0.6680314540863037,0.7021530866622925,0.2916776239871979,4.9265217781066895,Low,Asia
Laos,2022,8.980632781982422,0.6585274338722229,61.400001525878906,0.8910186886787415,0.0911252275109291,0.7060291767120361,0.6752648949623108,0.3337504863739013,4.96165657043457,Low,Asia
Laos,2023,9.005264282226562,0.6783856749534607,61.70000076293945,0.9041768312454224,0.0993717238306999,0.7238489985466003,0.6792017817497253,0.3350663185119629,5.486371994018555,Medium,Asia
Latvia,2010,10.004119873046877,0.8360424637794495,64.5999984741211,0.5644644498825073,-0.0064096231944859,0.934255599975586,0.562926173210144,0.2217132151126861,4.966811656951904,Low,Europe
Latvia,2011,10.004119873046877,0.8360424637794495,64.5999984741211,0.5644644498825073,-0.0064096231944859,0.934255599975586,0.562926173210144,0.2217132151126861,4.966811656951904,Low,Europe
Latvia,2012,10.084577560424805,0.851195216178894,64.9000015258789,0.5638117790222168,-0.0437681600451469,0.8949793577194214,0.5881388187408447,0.2322245240211486,5.125025272369385,Medium,Europe
Latvia,2013,10.115168571472168,0.834022581577301,65.19999694824219,0.6305075287818909,-0.0787142589688301,0.8365536332130432,0.6046369075775146,0.2274494171142578,5.069770336151123,Medium,Europe
Latvia,2014,10.143428802490234,0.8812555074691772,65.5,0.6706531643867493,-0.0487975105643272,0.8036875128746033,0.604619026184082,0.2259793728590011,5.72911548614502,Medium,Europe
Latvia,2015,10.18973159790039,0.8793724179267883,65.80000305175781,0.6563931703567505,-0.08362727612257,0.8084003925323486,0.5592708587646484,0.2281371802091598,5.8805975914001465,Medium,Europe
Latvia,2016,10.222280502319336,0.9170739650726318,65.9000015258789,0.685299277305603,-0.1630337089300155,0.8676396012306213,0.5832885503768921,0.2313835322856903,5.940446376800537,Medium,Europe
Latvia,2017,10.263731002807615,0.8950987458229065,66.0,0.6995201110839844,-0.1608074158430099,0.7983781099319458,0.5648548007011414,0.2317531108856201,5.977817535400391,Medium,Europe
Latvia,2018,10.310664176940918,0.9132763147354126,66.0999984741211,0.608207643032074,-0.2184900343418121,0.7989492416381836,0.5205519199371338,0.1918705552816391,5.901154041290283,Medium,Europe
Latvia,2019,10.342988967895508,0.9355012774467468,66.19999694824219,0.6979351043701172,-0.200370579957962,0.7892274856567383,0.5373051166534424,0.2116306871175766,5.969753742218018,Medium,Europe
Latvia,2020,10.327725410461426,0.928012192249298,66.30000305175781,0.8201116919517517,-0.0855743363499641,0.808821976184845,0.6735737323760986,0.2015823721885681,6.229008674621582,Medium,Europe
Latvia,2021,10.375994682312012,0.954086422920227,66.4000015258789,0.8152781128883362,-0.103939414024353,0.8395253419876099,0.7164140343666077,0.1859342604875564,6.353090763092041,Medium,Europe
Latvia,2022,10.396153450012209,0.92808997631073,66.5,0.817082405090332,0.0177516769617795,0.8442295789718628,0.6318155527114868,0.1607362031936645,6.054838180541992,Medium,Europe
Latvia,2023,10.407550811767578,0.9319729804992676,66.5999984741211,0.8155224919319153,0.0588938035070896,0.7998623251914978,0.6712015271186829,0.256692886352539,6.295644760131836,Medium,Europe
Lebanon,2010,9.863524436950684,0.7214247584342957,65.4000015258789,0.6776387095451355,0.0682182759046554,0.9490628838539124,0.4574536085128784,0.3412055373191833,5.031899452209473,Medium,Asia
Lebanon,2011,9.862348556518556,0.7329146265983582,65.45999908447266,0.6571060419082642,-0.0017096443334594,0.9105608463287354,0.506424605846405,0.3201670348644256,5.1875715255737305,Medium,Asia
Lebanon,2012,9.861598014831545,0.7126114964485168,65.5199966430664,0.6206271648406982,-0.0158885400742292,0.8557775616645813,0.4422111809253692,0.3388568460941314,4.572566986083984,Low,Asia
Lebanon,2013,9.806897163391112,0.7082280516624451,65.58000183105469,0.6548683047294617,-0.01209859829396,0.9208278059959412,0.446394681930542,0.4093373119831085,4.983288764953613,Low,Asia
Lebanon,2014,9.731715202331545,0.7587194442749023,65.63999938964844,0.6572079658508301,-0.01743377558887,0.9393581748008728,0.5245223641395569,0.267213225364685,5.233025550842285,Medium,Asia
Lebanon,2015,9.716663360595703,0.7417077422142029,65.69999694824219,0.5967497825622559,0.0656641349196434,0.8889532685279846,0.5244645476341248,0.2425539642572403,5.171971321105957,Medium,Asia
Lebanon,2016,9.754262924194336,0.8278859257698059,65.7750015258789,0.6573574542999268,0.0208412129431962,0.8531144857406616,0.5127472877502441,0.2634456157684326,5.270723819732666,Medium,Asia
Lebanon,2017,9.78740692138672,0.7765830159187317,65.8499984741211,0.6045541763305664,-0.0875477641820907,0.9107272624969482,0.469468742609024,0.2435492128133773,5.153989791870117,Medium,Asia
Lebanon,2018,9.794652938842772,0.8293806314468384,65.92500305175781,0.6070306897163391,-0.0811768546700477,0.9066503047943116,0.4151068925857544,0.2706888914108276,5.167186737060547,Medium,Asia
Lebanon,2019,9.751794815063477,0.8659685254096985,66.0,0.4470014870166778,-0.0978747606277465,0.890415608882904,0.3075774013996124,0.4944990277290344,4.024219512939453,Low,Asia
Lebanon,2020,9.531790733337402,0.546599805355072,66.07499694824219,0.551600992679596,-0.1386683285236358,0.8839768767356873,0.3522486388683319,0.4818001687526703,2.633752584457397,Low,Asia
Lebanon,2021,9.471697807312012,0.5067752599716187,66.1500015258789,0.4226966798305511,-0.1637908667325973,0.9052790999412536,0.2634868323802948,0.5691006183624268,2.178809404373169,Low,Asia
Lebanon,2022,9.458017349243164,0.5345284342765808,66.2249984741211,0.4495754241943359,-0.1301102936267852,0.8829959630966187,0.2975084483623504,0.4299027621746063,2.35242772102356,Low,Asia
Lebanon,2023,9.471325874328612,0.6856455206871033,66.30000305175781,0.4992057979106903,-0.1023353114724159,0.8954193592071533,0.3731265664100647,0.3852948248386383,3.587908267974853,Low,Asia
Liberia,2010,7.257479190826416,0.8270987272262573,52.09999847412109,0.8190053701400757,-0.0431798510253429,0.8184295296669006,0.548855721950531,0.2168831080198288,4.196063041687012,Low,Africa
Liberia,2011,7.289706230163574,0.797399491071701,52.17999839782714,0.7618667483329773,-0.04101601429283615,0.8310637176036835,0.5529966652393341,0.2733772359788418,4.289902091026306,Low,Africa
Liberia,2012,7.321933269500732,0.7677002549171448,52.2599983215332,0.7047281265258789,-0.038852177560329396,0.8436979055404663,0.5571376085281372,0.32987136393785477,4.383741140365601,Low,Africa
Liberia,2013,7.354160308837891,0.7380010187625885,52.33999824523926,0.6475895047187805,-0.03668834082782265,0.8563320934772491,0.5612785518169403,0.3863654918968677,4.477580189704895,Low,Africa
Liberia,2014,7.386387348175049,0.7083017826080322,52.41999816894531,0.5904508829116821,-0.0345245040953159,0.868966281414032,0.5654194951057434,0.4428596198558807,4.5714192390441895,Low,Africa
Liberia,2015,7.365847587585449,0.6376659870147705,52.5,0.6714308857917786,-0.066510833799839,0.9026726484298706,0.5194823145866394,0.388488620519638,2.70159125328064,Low,Africa
Liberia,2016,7.330049991607666,0.6426146030426025,53.09999847412109,0.7634760141372681,0.0276431106030941,0.9012674689292908,0.6254667639732361,0.5090466737747192,3.354676008224488,Low,Africa
Liberia,2017,7.335249900817871,0.6848668456077576,53.70000076293945,0.7333899140357971,-0.0178730227053165,0.8668063879013062,0.6738018989562988,0.3913305401802063,4.424490928649902,Low,Africa
Liberia,2018,7.327605247497559,0.7267501354217529,54.29999923706055,0.7657695412635803,0.0437043756246566,0.8679240942001343,0.6643990874290466,0.436099499464035,4.134852886199951,Low,Africa
Liberia,2019,7.283199310302734,0.7124737501144409,54.900001525878906,0.7058745622634888,0.0442653335630893,0.8284689784049988,0.6447041630744934,0.3891325891017914,5.121460914611816,Medium,Africa
Liberia,2020,7.284407615661621,0.6739461819330851,55.50000127156576,0.7144632339477539,0.0794976726174354,0.8284773627916971,0.6420939962069193,0.4056939482688904,4.761727333068848,Low,Africa
Liberia,2021,7.285615921020507,0.6354186137517294,56.1000010172526,0.723051905632019,0.1147300116717815,0.8284857471783956,0.6394838293393453,0.4222553074359894,4.401993751525879,Low,Africa
Liberia,2022,7.286824226379394,0.5968910455703735,56.70000076293945,0.7316405773162842,0.1499623507261276,0.828494131565094,0.6368736624717712,0.4388166666030884,4.04226016998291,Low,Africa
Liberia,2023,7.308547019958496,0.6295098662376404,57.29999923706055,0.7197529077529907,0.038619264960289,0.8341772556304932,0.6083629131317139,0.4283419549465179,4.49391508102417,Low,Africa
Libya,2010,10.380184173583984,0.8549309372901917,65.13999938964844,0.7115188837051392,-0.076037012040615,0.7905561327934265,0.633086085319519,0.3161496818065643,5.754394054412842,Medium,Africa
Libya,2011,10.380184173583984,0.8549309372901917,65.13999938964844,0.7115188837051392,-0.076037012040615,0.7905561327934265,0.633086085319519,0.3161496818065643,5.754394054412842,Medium,Africa
Libya,2012,10.380184173583984,0.8549309372901917,65.13999938964844,0.7115188837051392,-0.076037012040615,0.7905561327934265,0.633086085319519,0.3161496818065643,5.754394054412842,Medium,Africa
Libya,2013,10.206093470255533,0.8592831889788309,64.86000061035156,0.7325275739034017,-0.080406996111075,0.7932029664516449,0.6392700672149658,0.33373486002286273,5.708064238230388,Medium,Africa
Libya,2014,10.032002766927084,0.8636354406674703,64.58000183105469,0.7535362641016642,-0.084776980181535,0.7958498001098633,0.6454540491104126,0.35132003823916114,5.6617344220479335,Medium,Africa
Libya,2015,9.857912063598633,0.8679876923561096,64.30000305175781,0.7745449542999268,-0.089146964251995,0.7984966337680817,0.6516380310058594,0.3689052164554596,5.615404605865479,Medium,Africa
Libya,2016,9.828466415405272,0.8760658502578735,64.5250015258789,0.8223848342895508,-0.1352302432060241,0.7984966337680817,0.6449336409568787,0.3830737471580505,5.43358325958252,Medium,Africa
Libya,2017,10.09464168548584,0.8227587938308716,64.75,0.7786958813667297,-0.0682781413197517,0.6730655431747437,0.6430423855781555,0.3793741762638092,5.646852493286133,Medium,Africa
Libya,2018,10.155574798583984,0.8241651654243469,64.9749984741211,0.7805585265159607,-0.1455365866422653,0.6458387970924377,0.6354687809944153,0.3989031016826629,5.493977546691895,Medium,Africa
Libya,2019,10.022844314575195,0.826719343662262,65.19999694824219,0.7619643211364746,-0.1067127734422683,0.6864129900932312,0.6288678050041199,0.4007374346256256,5.330222129821777,Medium,Africa
Libya,2020,9.9796511332194,0.8222288489341736,65.4249979654948,0.7617589831352234,-0.08542601143320397,0.680271585782369,0.628329873085022,0.4000383118788401,5.473572731018066,Medium,Africa
Libya,2021,9.936457951863607,0.8177383542060852,65.64999898274739,0.7615536451339722,-0.06413924942413964,0.6741301814715067,0.6277919411659241,0.39933918913205463,5.6169233322143555,Medium,Africa
Libya,2022,9.893264770507812,0.8132478594779968,65.875,0.761348307132721,-0.0428524874150753,0.6679887771606445,0.6272540092468262,0.3986400663852691,5.7602739334106445,Medium,Africa
Libya,2023,9.50294589996338,0.7481565475463867,66.0999984741211,0.7622228860855103,-0.0216132979840039,0.6437333226203918,0.5848360061645508,0.3720777630805969,5.9702887535095215,Medium,Africa
Lithuania,2010,10.08342170715332,0.8818106055259705,64.30000305175781,0.5193522572517395,-0.2805628180503845,0.9621672034263612,0.4626063108444214,0.272029310464859,5.06582498550415,Medium,Europe
Lithuania,2011,10.164642333984377,0.9114112854003906,64.5,0.5657972693443298,-0.1536288410425186,0.9635116457939148,0.5558195114135742,0.2746366858482361,5.432437419891357,Medium,Europe
Lithuania,2012,10.21577262878418,0.9186901450157166,64.69999694824219,0.5030271410942078,-0.2789515256881714,0.9569592475891112,0.5565528869628906,0.2773855626583099,5.7710371017456055,Medium,Europe
Lithuania,2013,10.260778427124023,0.9125141501426696,64.9000015258789,0.5558152794837952,-0.2423576116561889,0.9363355040550232,0.5395112037658691,0.2937287390232086,5.595689296722412,Medium,Europe
Lithuania,2014,10.3041353225708,0.9082398414611816,65.0999984741211,0.5079472064971924,-0.2692157328128814,0.95634788274765,0.5649307370185852,0.2869106829166412,6.125723838806152,Medium,Europe
Lithuania,2015,10.33358669281006,0.9285235404968262,65.30000305175781,0.641470193862915,-0.2594161331653595,0.9241740703582764,0.5336416959762573,0.2764516770839691,5.71137809753418,Medium,Europe
Lithuania,2016,10.371170043945312,0.937873363494873,65.6500015258789,0.6142393350601196,-0.2720963060855865,0.9493926763534546,0.552628219127655,0.2498557418584823,5.8655524253845215,Medium,Europe
Lithuania,2017,10.427087783813477,0.9263166189193726,66.0,0.7493073344230652,-0.1793722659349441,0.7897098660469055,0.5901115536689758,0.1951188296079635,6.272940635681152,Medium,Europe
Lithuania,2018,10.475785255432127,0.9293501377105712,66.3499984741211,0.6989451050758362,-0.2427340298891067,0.851745069026947,0.5180925130844116,0.2135597169399261,6.3088788986206055,Medium,Europe
Lithuania,2019,10.523646354675291,0.9175775051116944,66.69999694824219,0.7802664637565613,-0.2578444182872772,0.782501220703125,0.5680496096611023,0.2760543525218963,6.064097881317139,Medium,Europe
Lithuania,2020,10.523158073425291,0.952544093132019,67.05000305175781,0.8240605592727661,-0.129142627120018,0.829204797744751,0.6263457536697388,0.2019120007753372,6.391378879547119,Medium,Europe
Lithuania,2021,10.57911777496338,0.9281752109527588,67.4000015258789,0.7074025273323059,-0.1212016493082046,0.8778007626533508,0.6669933199882507,0.1913007646799087,6.864572525024414,High,Europe
Lithuania,2022,10.586402893066406,0.9370965361595154,67.75,0.7096622586250305,-0.191582441329956,0.684991180896759,0.4714656770229339,0.1316190659999847,7.037577152252197,High,Europe
Lithuania,2023,10.575328826904297,0.8813190460205078,68.0999984741211,0.7339749932289124,-0.2321668267250061,0.7511261105537415,0.493286520242691,0.2005866467952728,6.552654266357422,High,Europe
Luxembourg,2010,11.646966934204102,0.9523717164993286,70.5,0.9083030819892884,0.085595391690731,0.4233413338661194,0.7177432775497437,0.2160643935203552,7.097251892089844,High,Europe
Luxembourg,2011,11.63512897491455,0.9340906143188475,70.69999694824219,0.961830735206604,0.0966670513153076,0.3881705999374389,0.7436986565589905,0.2001366168260574,7.101400375366211,High,Europe
Luxembourg,2012,11.627477645874023,0.9139077067375184,70.9000015258789,0.9165209531784058,0.0480485893785953,0.4027532041072845,0.7255998253822327,0.2274117171764373,6.964097023010254,High,Europe
Luxembourg,2013,11.635591506958008,0.9166832566261292,71.0999984741211,0.7896554470062256,-0.0645351260900497,0.300811767578125,0.6007605195045471,0.1847999840974807,7.130809307098389,High,Europe
Luxembourg,2014,11.637914657592772,0.875469446182251,71.30000305175781,0.9379876852035522,0.0967148467898368,0.3662867844104767,0.7602542638778687,0.1704093962907791,6.891127109527588,High,Europe
Luxembourg,2015,11.636758804321287,0.9336045980453492,71.5,0.9322564005851746,0.0443707033991813,0.3753904700279236,0.7278779149055481,0.1930503398180008,6.701571464538574,High,Europe
Luxembourg,2016,11.663787841796877,0.941260576248169,71.5250015258789,0.882365345954895,0.0106854923069477,0.3563363254070282,0.7064987421035767,0.1923007071018219,6.96734094619751,High,Europe
Luxembourg,2017,11.65256404876709,0.9054355025291444,71.55000305175781,0.902821719646454,0.0364344269037246,0.3301735818386078,0.7257317900657654,0.184467002749443,7.061380863189697,High,Europe
Luxembourg,2018,11.645395278930664,0.9021924138069152,71.57499694824219,0.8839298486709595,-0.028108088299632,0.3851461112499237,0.7146942615509033,0.2018943428993225,7.242630958557129,High,Europe
Luxembourg,2019,11.648701667785645,0.9121045470237732,71.5999984741211,0.930321216583252,-0.051407802850008,0.3895984292030334,0.7417380809783936,0.2116398066282272,7.40401554107666,High,Europe
Luxembourg,2020,11.651597023010254,0.9007086952527364,71.625,0.925250788529714,-0.02665322894851366,0.3747911055882771,0.7339755296707153,0.21378772954146064,7.345321973164876,High,Europe
Luxembourg,2021,11.654492378234863,0.8893128434816996,71.6500015258789,0.920180360476176,-0.001898655047019325,0.3599837819735209,0.7262129783630371,0.21593565245469407,7.286628405253093,High,Europe
Luxembourg,2022,11.657387733459473,0.8779169917106628,71.67500305175781,0.915109932422638,0.022855918854475,0.3451764583587646,0.7184504270553589,0.2180835753679275,7.227934837341309,High,Europe
Luxembourg,2023,11.648711204528809,0.8791953325271606,71.69999694824219,0.9108132719993592,0.0334397703409194,0.3432107865810394,0.7507004737854004,0.1944953054189682,7.016062259674072,High,Europe
Macedonia,2010,9.511556625366213,0.6868547797203064,64.9000015258789,0.5131839513778687,-0.0652525871992111,0.8564526438713074,0.4727539718151092,0.3138190507888794,4.180202007293701,Low,Europe
Macedonia,2011,9.532967567443848,0.7843000888824463,64.9800033569336,0.6074632406234741,-0.0939657688140869,0.8650624752044678,0.5030908584594727,0.3627506196498871,4.89818000793457,Low,Europe
Macedonia,2012,9.527178764343262,0.7983050346374512,65.05999755859375,0.6130557060241699,-0.0910844504833221,0.919845163822174,0.5509129762649536,0.4217519164085388,4.639647483825684,Low,Europe
Macedonia,2013,9.55456256866455,0.8322537541389465,65.13999938964844,0.6409526467323303,0.0179671961814165,0.8605411052703857,0.5212642550468445,0.3308756649494171,5.186190605163574,Medium,Europe
Macedonia,2014,9.588546752929688,0.7929981350898743,65.22000122070312,0.6447408199310303,0.0280518271028995,0.8605996966362,0.582850992679596,0.3069983422756195,5.203825950622559,Medium,Europe
Macedonia,2015,9.625048637390137,0.7663681507110596,65.30000305175781,0.660318911075592,-0.053118597716093,0.8241789937019348,0.5508104562759399,0.2990220785140991,4.975589752197266,Low,Europe
Macedonia,2016,9.652039527893066,0.8712122440338135,65.5,0.7061793208122253,0.0732777491211891,0.8697190284729004,0.5873298048973083,0.2922946810722351,5.345746040344238,Medium,Europe
Macedonia,2017,9.661828994750977,0.7999551296234131,65.69999694824219,0.7521066069602966,-0.0653124675154686,0.8556972742080688,0.4468699991703033,0.299390584230423,5.233866691589356,Medium,Europe
Macedonia,2018,9.689401626586914,0.848915159702301,65.9000015258789,0.7448009252548218,-0.0479631535708904,0.9099343419075012,0.5118376016616821,0.2983528673648834,5.239834785461426,Medium,Europe
Macedonia,2019,9.727530479431152,0.8146384954452515,66.0999984741211,0.7247104048728943,0.017552638426423,0.9225972294807434,0.5150540471076965,0.3036058843135834,5.015485286712647,Medium,Europe
Macedonia,2020,9.666481971740724,0.7503741979598999,66.30000305175781,0.7872847318649292,0.1272516697645187,0.8774211406707764,0.5419423580169678,0.3651260733604431,5.053664207458496,Medium,Europe
Macedonia,2021,9.723674774169922,0.8088569641113281,66.5,0.7929657697677612,0.1878900378942489,0.8843253254890442,0.5633528232574463,0.3033657073974609,5.534749984741211,Medium,Europe
Macedonia,2022,9.748510360717772,0.8495093584060669,66.69999694824219,0.7230889797210693,0.0684907212853431,0.9372150897979736,0.5549653172492981,0.2770909070968628,5.166881561279297,Medium,Europe
Macedonia,2023,9.775726318359377,0.8829155564308167,66.9000015258789,0.738114595413208,0.1233430951833725,0.9171363115310668,0.5174286961555481,0.2718746960163116,5.403024673461914,Medium,Europe
Madagascar,2010,7.308839321136475,0.8184026479721069,55.34000015258789,0.545555591583252,-0.0650205612182617,0.8971001505851746,0.5160204768180847,0.2348259836435318,4.381415367126465,Low,Africa
Madagascar,2011,7.308839321136475,0.8184026479721069,55.34000015258789,0.545555591583252,-0.0650205612182617,0.8971001505851746,0.5160204768180847,0.2348259836435318,4.381415367126465,Low,Africa
Madagascar,2012,7.311224937438965,0.6730883121490479,55.58000183105469,0.4870078861713409,-0.0580059587955474,0.8535904884338379,0.5878171920776367,0.193977415561676,3.550609588623047,Low,Africa
Madagascar,2013,7.307251930236816,0.6725467443466187,55.81999969482422,0.4795503914356231,-0.021556407213211,0.8677076697349548,0.6000773310661316,0.2412308454513549,3.815607070922852,Low,Africa
Madagascar,2014,7.313827514648437,0.6552141308784485,56.060001373291016,0.5288050174713135,-0.0262910667806863,0.7910556197166443,0.6413835287094116,0.1921817511320114,3.675626993179321,Low,Africa
Madagascar,2015,7.318787574768066,0.6467165350914001,56.29999923706055,0.5447536110877991,-0.0440080724656581,0.8609533905982971,0.6742331385612488,0.2262434512376785,3.592514038085937,Low,Africa
Madagascar,2016,7.332082748413086,0.7464969754219055,56.54999923706055,0.5696454048156738,-0.0722433850169181,0.8641711473464966,0.6698591113090515,0.2042554169893264,3.6630859375,Low,Africa
Madagascar,2017,7.344820022583008,0.6263319849967957,56.79999923706055,0.5703479051589966,-0.0366306751966476,0.8472607731819153,0.701161801815033,0.3748380243778229,4.078620433807373,Low,Africa
Madagascar,2018,7.350723266601562,0.6655129790306091,57.04999923706055,0.551473081111908,0.0001175790603156,0.8891456723213196,0.7233718037605286,0.3620138168334961,4.070586681365967,Low,Africa
Madagascar,2019,7.3686370849609375,0.7006101012229919,57.29999923706055,0.5495352149009705,-0.0147803612053394,0.7199826836585999,0.6987196207046509,0.3039596676826477,4.33908748626709,Low,Africa
Madagascar,2020,7.35071595509847,0.6812165180842081,57.54999923706055,0.5408543745676676,0.013493083417415636,0.7267894148826599,0.6947780847549438,0.31767556071281433,4.232436339060466,Low,Africa
Madagascar,2021,7.332794825236003,0.6618229349454244,57.79999923706055,0.5321735342343649,0.04176652804017067,0.73359614610672,0.6908365488052368,0.33139145374298096,4.125785191853841,Low,Africa
Madagascar,2022,7.314873695373535,0.6424293518066406,58.04999923706055,0.523492693901062,0.0700399726629257,0.74040287733078,0.6868950128555298,0.3451073467731476,4.019134044647217,Low,Africa
Madagascar,2023,7.332643032073975,0.6924046874046326,58.29999923706055,0.503715991973877,0.0958645492792129,0.7835307121276855,0.7184674143791199,0.3891581594944,4.433000564575195,Low,Africa
Malawi,2010,7.23084545135498,0.6127367615699768,50.65999984741211,0.7334638237953186,0.0697570294141769,0.8529942035675049,0.6196383833885193,0.2684747874736786,3.9460625648498535,Low,Africa
Malawi,2011,7.23084545135498,0.6127367615699768,50.65999984741211,0.7334638237953186,0.0697570294141769,0.8529942035675049,0.6196383833885193,0.2684747874736786,3.9460625648498535,Low,Africa
Malawi,2012,7.221341133117676,0.6037256717681885,51.720001220703125,0.6373627185821533,0.140231505036354,0.8857849836349487,0.7173760533332825,0.2004629224538803,4.279269695281982,Low,Africa
Malawi,2013,7.245964527130127,0.5631615519523621,52.77999877929688,0.7519952654838562,0.0493278503417968,0.856666088104248,0.6990513205528259,0.2478286772966385,4.035084247589111,Low,Africa
Malawi,2014,7.272803783416748,0.5116161108016968,53.84000015258789,0.7857667207717896,0.0319834314286708,0.8240178823471069,0.6527003645896912,0.2627134025096893,4.563080310821533,Low,Africa
Malawi,2015,7.272827625274658,0.4943816363811493,54.900001525878906,0.8013907074928284,0.028963029384613,0.8348253965377808,0.6021460294723511,0.2597639560699463,3.867638349533081,Low,Africa
Malawi,2016,7.270342350006103,0.5242996215820312,55.45000076293945,0.8098841309547424,0.0367473848164081,0.8236150145530701,0.5840885639190674,0.3247389197349548,3.4764926433563232,Low,Africa
Malawi,2017,7.282608032226562,0.5554227232933044,56.0,0.8479207754135132,-0.0042011337354779,0.7346366047859192,0.5916789174079895,0.3120883405208587,3.416862964630127,Low,Africa
Malawi,2018,7.298732280731201,0.5278434753417969,56.54999923706055,0.7989151477813721,0.0428127273917198,0.7659637928009033,0.5481354594230652,0.3648940324783325,3.3346335887908936,Low,Africa
Malawi,2019,7.324953556060791,0.5489560961723328,57.09999847412109,0.7648642063140869,-0.0270219296216964,0.680247962474823,0.5168287754058838,0.348162442445755,3.869123697280884,Low,Africa
Malawi,2020,7.316122770309448,0.553435206413269,57.64999961853027,0.7610666155815125,-0.02038395125418895,0.7102624773979187,0.5338617563247681,0.3368588387966156,3.7522034645080566,Low,Africa
Malawi,2021,7.3072919845581055,0.5579143166542053,58.20000076293945,0.757269024848938,-0.0137459728866815,0.7402769923210144,0.5508947372436523,0.3255552351474762,3.6352832317352295,Low,Africa
Malawi,2022,7.290892601013184,0.5033251643180847,58.75,0.7435716390609741,0.0171964019536972,0.7549264430999756,0.5356365442276001,0.3287644386291504,3.355563402175904,Low,Africa
Malawi,2023,7.278899192810059,0.4698515236377716,59.29999923706055,0.7383722066879272,0.0140711655840277,0.7452696561813354,0.5199799537658691,0.3383975625038147,3.272091865539551,Low,Africa
Malaysia,2010,9.912044525146484,0.8390957713127136,65.4000015258789,0.7691906690597534,0.0278997551649808,0.8436910510063171,0.7524673342704773,0.1919476687908172,5.580281734466553,Medium,Asia
Malaysia,2011,9.947519302368164,0.7704229950904846,65.4800033569336,0.840359091758728,-0.0207075681537389,0.8415045738220215,0.7854329943656921,0.1548749655485153,5.786367416381836,Medium,Asia
Malaysia,2012,9.984627723693848,0.8412189483642578,65.55999755859375,0.848071813583374,0.0127704413607716,0.8466184735298157,0.7443752288818359,0.1768818944692611,5.914283752441406,Medium,Asia
Malaysia,2013,10.01462173461914,0.8309001326560974,65.63999938964844,0.7913104295730591,0.2599143385887146,0.7553834915161133,0.6641128063201904,0.3165516257286072,5.770199775695801,Medium,Asia
Malaysia,2014,10.057424545288086,0.8630670309066772,65.72000122070312,0.808384358882904,0.2352804988622665,0.8448154330253601,0.7105597853660583,0.2608934938907623,5.962921619415283,Medium,Asia
Malaysia,2015,10.09209156036377,0.8176162838935852,65.80000305175781,0.6745944619178772,0.2183515280485153,0.8378922343254089,0.7327429056167603,0.3137327432632446,6.3221211433410645,Medium,Asia
Malaysia,2016,10.127225240071615,0.8082137107849121,65.7750015258789,0.7412457267443339,0.1866775477925936,0.8566385308901469,0.7271760106086731,0.27594407399495435,5.994353294372559,Medium,Asia
Malaysia,2017,10.162358919779459,0.798811137676239,65.75,0.8078969915707906,0.15500356753667188,0.8753848274548849,0.7216091156005859,0.2381554047266642,5.666585445404053,Medium,Asia
Malaysia,2018,10.197492599487305,0.7894085645675659,65.7249984741211,0.8745482563972473,0.1233295872807502,0.8941311240196228,0.7160422205924988,0.200366735458374,5.338817596435547,Medium,Asia
Malaysia,2019,10.228262901306152,0.8424988389015198,65.69999694824219,0.9157786965370178,0.119171991944313,0.7819439172744751,0.7345787286758423,0.1760716885328292,5.427954196929932,Medium,Asia
Malaysia,2020,10.159329414367676,0.7968953847885132,65.67500305175781,0.8778592348098755,0.0956747680902481,0.7469975352287292,0.7214550971984863,0.2881350219249725,6.014198780059815,Medium,Asia
Malaysia,2021,10.178584098815918,0.7940511703491211,65.6500015258789,0.8783622980117798,0.2177027612924575,0.7694174647331238,0.7283836603164673,0.1831982135772705,6.010391712188721,Medium,Asia
Malaysia,2022,10.251160621643066,0.8146893978118896,65.625,0.9568372964859008,0.207741767168045,0.7890225052833557,0.7669817805290222,0.1906861811876297,6.048006534576416,Medium,Asia
Malaysia,2023,10.28280258178711,0.7785583138465881,65.5999984741211,0.9648317098617554,0.1535679847002029,0.753640353679657,0.7609888911247253,0.1948806941509246,5.868102073669434,Medium,Asia
Mali,2010,7.61016035079956,0.7509222626686096,51.29999923706055,0.749049723148346,-0.0307495146989822,0.8105911612510681,0.7642168998718262,0.1616661697626114,3.7623050212860094,Low,Africa
Mali,2011,7.609437942504883,0.7955050468444824,51.63999938964844,0.8228476047515869,-0.1034843027591705,0.7260624766349792,0.7517058253288269,0.1318212300539016,4.66683292388916,Low,Africa
Mali,2012,7.571854591369629,0.8234350681304932,51.97999954223633,0.7042192816734314,-0.0910246446728706,0.7867195010185242,0.6471999883651733,0.1094475015997886,4.313016891479492,Low,Africa
Mali,2013,7.565345287322998,0.8196914196014404,52.31999969482422,0.664711058139801,-0.0560182929039001,0.7548073530197144,0.7168943881988525,0.1929007172584533,3.6762771606445312,Low,Africa
Mali,2014,7.602088451385498,0.8431234359741211,52.65999984741211,0.6515138745307922,-0.0399345941841602,0.6579305529594421,0.7219074368476868,0.1856341212987899,3.9747142791748047,Low,Africa
Mali,2015,7.630509376525879,0.8301891684532166,53.0,0.6337535381317139,-0.069921888411045,0.8000467419624329,0.6958299279212952,0.2430030107498169,4.582098484039307,Low,Africa
Mali,2016,7.6554789543151855,0.8362545371055603,53.400001525878906,0.6960073709487915,-0.0721182823181152,0.8623266816139221,0.7384293675422668,0.3052994310855865,4.016027927398682,Low,Africa
Mali,2017,7.6750102043151855,0.7413594126701355,53.79999923706055,0.7532133460044861,-0.0715065971016883,0.8626551628112793,0.6646212339401245,0.3927841484546661,4.74185037612915,Low,Africa
Mali,2018,7.689634323120117,0.6918590664863586,54.20000076293945,0.7372045516967773,-0.0358786582946777,0.7930914163589478,0.6885842084884644,0.3696481883525848,4.415729522705078,Low,Africa
Mali,2019,7.704833030700684,0.7545580863952637,54.59999847412109,0.6704050898551941,-0.0395487509667873,0.846340000629425,0.6458606719970703,0.3577645123004913,4.987991809844971,Low,Africa
Mali,2020,7.660975456237793,0.5679152607917786,55.0,0.645313560962677,-0.0688275322318077,0.8946373462677002,0.6476502418518066,0.4396281242370605,4.269473552703857,Low,Africa
Mali,2021,7.659465312957764,0.5733935236930847,55.400001525878906,0.6727892756462097,-0.003661481430754,0.901567280292511,0.6395729780197144,0.438466876745224,4.113095760345459,Low,Africa
Mali,2022,7.664724349975586,0.6416252255439758,55.79999923706055,0.817642867565155,-0.0240355916321277,0.7456467151641846,0.6554346084594727,0.4076654016971588,4.210547924041748,Low,Africa
Mali,2023,7.673252105712891,0.6410852670669556,56.20000076293945,0.775947093963623,-0.0434147082269191,0.7896780371665955,0.6601701378822327,0.3244743645191192,4.369976043701172,Low,Africa
Malta,2010,10.401556015014648,0.908321499824524,70.4000015258789,0.8020443916320801,0.2779935896396637,0.7984966337680817,0.6237109899520874,0.3753026723861694,5.773874759674072,Medium,Europe
Malta,2011,10.401969909667969,0.9226397275924684,70.58000183105469,0.8819218277931213,0.2876778542995453,0.7984966337680817,0.637833833694458,0.3397028744220733,6.154718399047852,Medium,Europe
Malta,2012,10.43333911895752,0.9217520356178284,70.76000213623047,0.8606898784637451,0.3430950939655304,0.7984966337680817,0.638694703578949,0.3905039727687835,5.96287202835083,Medium,Europe
Malta,2013,10.472583770751951,0.9422314167022704,70.94000244140625,0.909436285495758,0.400474339723587,0.7984966337680817,0.6290108561515808,0.3695581257343292,6.379924774169922,Medium,Europe
Malta,2014,10.526174545288086,0.9412158727645874,71.12000274658203,0.9039366245269777,0.3951811790466308,0.6696453094482422,0.6056559085845947,0.3520655930042267,6.452117919921875,Medium,Europe
Malta,2015,10.594051361083984,0.9187648892402648,71.30000305175781,0.9121780395507812,0.3390161097049713,0.663886308670044,0.6405342221260071,0.355040580034256,6.613394260406494,High,Europe
Malta,2016,10.60441780090332,0.9303693771362304,71.3499984741211,0.9160236120224,0.3390518128871918,0.6964946389198303,0.6448318958282471,0.3554437756538391,6.590842247009277,High,Europe
Malta,2017,10.680718421936035,0.9373317956924438,71.4000015258789,0.9236429333686828,0.2435307502746582,0.6904945373535156,0.6659435629844666,0.302443116903305,6.675665855407715,High,Europe
Malta,2018,10.705389022827148,0.9315415024757384,71.44999694824219,0.9273406863212584,0.1702558249235153,0.5951998829841614,0.6661304235458374,0.2956987917423248,6.909710884094238,High,Europe
Malta,2019,10.733817100524902,0.9215785264968872,71.5,0.9239668250083924,0.077094092965126,0.6894105672836304,0.6416776180267334,0.3562439382076263,6.732977390289307,High,Europe
Malta,2020,10.621644020080566,0.9379202723503112,71.55000305175781,0.9306004643440248,-0.0052866064943373,0.674626350402832,0.5760419368743896,0.4109132289886474,6.156822681427002,Medium,Europe
Malta,2021,10.727039337158203,0.8971130847930908,71.5999984741211,0.8890738487243652,0.2385247200727462,0.7525159120559692,0.6352535486221313,0.3753251135349273,6.44371509552002,Medium,Europe
Malta,2022,10.783935546875,0.9320827722549438,71.6500015258789,0.8375440835952759,0.246261328458786,0.7575398087501526,0.6711035966873169,0.3700750172138214,6.299238204956055,Medium,Europe
Malta,2023,9.50294589996338,0.911656141281128,71.69999694824219,0.850814700126648,-0.0216132979840039,0.7800309062004089,0.6438156366348267,0.3613356053829193,6.294854640960693,Medium,Europe
Mauritania,2010,8.470888137817383,0.8565078377723694,57.400001525878906,0.6689305901527405,0.0496238805353641,0.7273644804954529,0.7371565103530884,0.1286756247282028,4.7723069190979,Low,Africa
Mauritania,2011,8.481584548950195,0.7502765655517578,57.70000076293945,0.5669202208518982,0.0465418621897697,0.7469378709793091,0.7293695211410522,0.1748625785112381,4.784804344177246,Low,Africa
Mauritania,2012,8.49406623840332,0.763332724571228,58.0,0.4873727560043335,-0.0264847595244646,0.7070057988166809,0.7494662404060364,0.1636814922094345,4.673203945159912,Low,Africa
Mauritania,2013,8.50577449798584,0.7411558032035828,58.29999923706055,0.6028002500534058,-0.0839607492089271,0.6755537390708923,0.7427093386650085,0.1956903487443924,4.199015140533447,Low,Africa
Mauritania,2014,8.521212577819824,0.8527779579162598,58.59999847412109,0.4683181345462799,-0.0596526376903057,0.5894830822944641,0.7431778907775879,0.1634524315595626,4.482805252075195,Low,Africa
Mauritania,2015,8.547121047973633,0.8749459385871887,58.900001525878906,0.4470865726470947,0.049781747162342,0.7153584361076355,0.7975963354110718,0.1938997209072113,3.922664165496826,Low,Africa
Mauritania,2016,8.533226013183594,0.7848268747329712,59.125,0.4665614664554596,-0.1806967258453369,0.8418351411819458,0.7101930975914001,0.2216661423444748,4.47214937210083,Low,Africa
Mauritania,2017,8.567708969116211,0.77922523021698,59.34999847412109,0.5274468064308167,-0.1608538478612899,0.7773140668869019,0.6308610439300537,0.2723219394683838,4.678159713745117,Low,Africa
Mauritania,2018,8.588065147399902,0.8015955090522766,59.57500076293945,0.4668885469436645,-0.1214639097452163,0.7105292677879333,0.6652463674545288,0.2755579948425293,4.313615322113037,Low,Africa
Mauritania,2019,8.613529205322266,0.7981019616127014,59.79999923706055,0.6275051832199097,-0.1113523542881012,0.7428902983665466,0.686362624168396,0.2597385048866272,4.152619361877441,Low,Africa
Mauritania,2020,8.609571774800619,0.7480598489443461,60.02499898274739,0.6263464490572611,-0.07973464640478292,0.7142911354700724,0.6677697698275248,0.30291707317034405,4.343035856882731,Low,Africa
Mauritania,2021,8.60561434427897,0.6980177362759908,60.24999872843424,0.6251877148946127,-0.04811693852146466,0.6856919725735983,0.6491769154866537,0.34609564145406085,4.533452351888021,Low,Africa
Mauritania,2022,8.601656913757324,0.6479756236076355,60.47499847412109,0.6240289807319641,-0.0164992306381464,0.657092809677124,0.6305840611457825,0.3892742097377777,4.723868846893311,Low,Africa
Mauritania,2023,8.62022876739502,0.6061500310897827,60.70000076293945,0.5395804047584534,0.0183215159922838,0.6690117716789246,0.7075034976005554,0.3293444514274597,4.292047500610352,Low,Africa
Mauritius,2010,9.797497749328612,0.8002731800079346,63.52000045776367,0.8481937646865845,0.1835354566574096,0.8467614054679871,0.6533837914466858,0.252504825592041,5.477073192596436,Medium,Africa
Mauritius,2011,9.797497749328612,0.8002731800079346,63.52000045776367,0.8481937646865845,0.1835354566574096,0.8467614054679871,0.6533837914466858,0.252504825592041,5.477073192596436,Medium,Africa
Mauritius,2012,9.830153147379555,0.7951228022575378,63.640000661214195,0.8402059475580851,0.17846453686555222,0.8576427896817526,0.6825839678446451,0.24246975282828012,5.53397544225057,Medium,Africa
Mauritius,2013,9.8628085454305,0.7899724245071411,63.76000086466471,0.8322181304295858,0.1733936170736948,0.868524173895518,0.7117841442426046,0.2324346800645192,5.590877691904704,Medium,Africa
Mauritius,2014,9.895463943481444,0.7848220467567444,63.880001068115234,0.8242303133010864,0.1683226972818374,0.8794055581092834,0.740984320640564,0.2223996073007583,5.647779941558838,Medium,Africa
Mauritius,2015,9.931527614593506,0.8104270994663239,63.927499771118164,0.8217029869556427,0.14984445273876185,0.8850334584712982,0.7232536673545837,0.23405575007200236,5.628891706466675,Medium,Africa
Mauritius,2016,9.967591285705566,0.8360321521759033,63.97499847412109,0.819175660610199,0.1313662081956863,0.890661358833313,0.7055230140686035,0.2457118928432464,5.610003471374512,Medium,Africa
Mauritius,2017,10.005313873291016,0.9101422429084778,63.95000076293945,0.9123075008392334,0.0785615146160125,0.8181799054145813,0.6824939250946045,0.1687211841344833,6.174117565155029,Medium,Africa
Mauritius,2018,10.04405403137207,0.9088415503501892,63.92499923706055,0.8669281005859375,-0.0814674273133277,0.7852497100830078,0.7103933095932007,0.1579932570457458,5.881740570068359,Medium,Africa
Mauritius,2019,10.072235107421877,0.9131342768669128,63.900001525878906,0.8931578993797302,-0.0606959573924541,0.8102008104324341,0.7348071932792664,0.1493627279996872,6.2411651611328125,Medium,Africa
Mauritius,2020,9.91441822052002,0.8925659656524658,63.875,0.8425980806350708,-0.038360234349966,0.771790087223053,0.6995380520820618,0.1384017914533615,6.015300273895264,Medium,Africa
Mauritius,2021,9.947593688964844,0.886509895324707,63.84999847412109,0.8023645877838135,-0.012897509150207,0.7835320830345154,0.6655663847923279,0.1355237960815429,5.949120044708252,Medium,Africa
Mauritius,2022,10.033944129943848,0.8870362043380737,63.82500076293945,0.7981438040733337,-0.0416389591991901,0.7689536213874817,0.724696159362793,0.1682503372430801,5.740500926971436,Medium,Africa
Mauritius,2023,10.082743644714355,0.8675780296325684,63.79999923706055,0.796654462814331,-0.0021531225647777,0.7689784169197083,0.6637082099914551,0.1600121110677719,5.759169101715088,Medium,Africa
Mexico,2010,9.800165176391602,0.8763896822929382,65.0999984741211,0.778120756149292,-0.0550102777779102,0.6928918957710266,0.745259702205658,0.2154946774244308,6.802388668060303,High,The Americas
Mexico,2011,9.821863174438477,0.8240640759468079,65.23999786376953,0.831368088722229,-0.1060112342238426,0.6975802183151245,0.7000160217285156,0.2275558859109878,6.909515380859375,High,The Americas
Mexico,2012,9.843672752380373,0.7672794461250305,65.37999725341797,0.7877683043479919,-0.0994745343923568,0.6332811117172241,0.7219755053520203,0.278110533952713,7.32018518447876,High,The Americas
Mexico,2013,9.843951225280762,0.7591384053230286,65.5199966430664,0.7387166619300842,-0.1713328212499618,0.6147470474243164,0.7495867013931274,0.2229487299919128,7.442546367645264,High,The Americas
Mexico,2014,9.859636306762695,0.7819649577140808,65.66000366210938,0.7791329026222229,-0.10093654692173,0.6298511624336243,0.7597926259040833,0.2287304103374481,6.679831027984619,High,The Americas
Mexico,2015,9.880367279052734,0.760614275932312,65.80000305175781,0.719465970993042,-0.15845787525177,0.7079719305038452,0.7061448693275452,0.2371880412101745,6.2362871170043945,Medium,The Americas
Mexico,2016,9.894999504089355,0.893492579460144,65.80000305175781,0.7516130805015564,-0.1596641540527343,0.8085794448852539,0.8019586801528931,0.2195714861154556,6.8241729736328125,High,The Americas
Mexico,2017,9.905106544494627,0.7998393774032593,65.80000305175781,0.8614051342010498,-0.2082003951072693,0.8008930683135986,0.7752853631973267,0.2309908866882324,6.410299301147461,Medium,The Americas
Mexico,2018,9.917302131652832,0.8580688834190369,65.80000305175781,0.8162004947662354,-0.185954600572586,0.8086380958557129,0.815285325050354,0.2132543623447418,6.549578666687012,High,The Americas
Mexico,2019,9.906707763671877,0.8516858220100403,65.80000305175781,0.9033844470977784,-0.147811472415924,0.8085376024246216,0.8029211759567261,0.2519830167293548,6.431945323944092,Medium,The Americas
Mexico,2020,9.816184997558594,0.7788162231445312,65.80000305175781,0.8733469843864441,-0.1275646239519119,0.778165876865387,0.7446936964988708,0.2915561199188232,5.964221000671387,Medium,The Americas
Mexico,2021,9.85671615600586,0.7786051034927368,65.80000305175781,0.8371593356132507,-0.0368574522435665,0.7451868057250977,0.7502478957176208,0.3051096498966217,5.990750789642334,Medium,The Americas
Mexico,2022,9.88059425354004,0.8583608865737915,65.80000305175781,0.8608891367912292,-0.1232960894703865,0.780077338218689,0.8178998231887817,0.2050486654043197,7.038368701934815,High,The Americas
Mexico,2023,9.900242805480955,0.8684161305427551,65.80000305175781,0.8700609803199768,-0.1237586513161659,0.7558702826499939,0.809243381023407,0.2331578880548477,7.005731582641602,High,The Americas
Moldova,2010,9.039873123168944,0.847094714641571,61.0,0.5984848141670227,-0.0928703472018241,0.9293094277381896,0.5640431642532349,0.2775203585624695,5.589736461639404,Medium,Europe
Moldova,2011,9.097003936767578,0.8694135546684265,61.380001068115234,0.6280227899551392,-0.0862223356962204,0.9566443562507628,0.5534953474998474,0.2848294973373413,5.792262554168701,Medium,Europe
Moldova,2012,9.091219902038574,0.8262197971343994,61.7599983215332,0.6024185419082642,-0.0540798939764499,0.9554845690727234,0.5637961626052856,0.3137258887290954,5.995712757110596,Medium,Europe
Moldova,2013,9.178068161010742,0.802882969379425,62.13999938964844,0.6577342748641968,-0.0733033865690231,0.9406324028968812,0.5476562976837158,0.2606029510498047,5.756059169769287,Medium,Europe
Moldova,2014,9.22746467590332,0.8049688339233398,62.52000045776367,0.6231862306594849,-0.1177333369851112,0.9248067140579224,0.5467220544815063,0.2596897482872009,5.91705846786499,Medium,Europe
Moldova,2015,9.231746673583984,0.8399055004119873,62.900001525878906,0.5952414274215698,-0.0943340733647346,0.9431188106536864,0.5559818148612976,0.2814558148384094,6.017472267150879,Medium,Europe
Moldova,2016,9.288789749145508,0.8373214602470398,63.29999923706055,0.5573694705963135,-0.0522075518965721,0.969482958316803,0.586273729801178,0.274551123380661,5.577784061431885,Medium,Europe
Moldova,2017,9.346968650817873,0.8307679295539856,63.70000076293945,0.5528252124786377,-0.0573885329067707,0.926333785057068,0.5625966191291809,0.2594777941703796,5.325530529022217,Medium,Europe
Moldova,2018,9.404485702514648,0.8920798897743225,64.0999984741211,0.8238243460655212,-0.0887375622987747,0.9287198781967164,0.5840497612953186,0.2700724601745605,5.682277202606201,Medium,Europe
Moldova,2019,9.455395698547363,0.8091670870780945,64.5,0.7836645841598511,-0.096622422337532,0.883822500705719,0.5998344421386719,0.2616209387779236,5.803450584411621,Medium,Europe
Moldova,2020,9.379990577697754,0.8740617632865906,64.9000015258789,0.8590832352638245,-0.0580315887928009,0.9414389729499816,0.6980109810829163,0.2678360641002655,5.811628818511963,Medium,Europe
Moldova,2021,9.517996788024902,0.879554033279419,65.30000305175781,0.8326022624969482,-0.095802865922451,0.8750606775283813,0.6302832365036011,0.2701107859611511,5.959048748016357,Medium,Europe
Moldova,2022,9.46540069580078,0.81673264503479,65.69999694824219,0.8285158276557922,-0.0842900797724723,0.8847888112068176,0.5520444512367249,0.2755633592605591,5.686611652374268,Medium,Europe
Moldova,2023,9.491739273071287,0.8423149585723877,66.0999984741211,0.844444751739502,-0.1566391885280609,0.8600497245788574,0.5777193903923035,0.250910073518753,5.801368236541748,Medium,Europe
Mongolia,2010,8.925166130065918,0.9041778445243835,57.79999923706055,0.6309666037559509,0.0934486538171768,0.9275683164596558,0.5594086050987244,0.1500251740217209,4.58552360534668,Low,Asia
Mongolia,2011,9.069442749023438,0.947885274887085,58.220001220703125,0.7003456950187683,0.1448514908552169,0.9311588406562804,0.5605531930923462,0.1532325893640518,5.031173706054688,Medium,Asia
Mongolia,2012,9.168133735656738,0.9185160994529724,58.63999938964844,0.6883116960525513,0.1003162190318107,0.9323859810829164,0.5242732167243958,0.1810663491487503,4.88515043258667,Low,Asia
Mongolia,2013,9.259589195251465,0.9347415566444396,59.060001373291016,0.7480140328407288,0.1297406256198883,0.9278544783592224,0.5486372709274292,0.1789022237062454,4.912928104400635,Low,Asia
Mongolia,2014,9.315420150756836,0.9434366822242736,59.47999954223633,0.7523541450500488,0.1397637575864792,0.9085968136787416,0.5115736722946167,0.1704213172197342,4.824834823608398,Low,Asia
Mongolia,2015,9.317831039428713,0.9055243730545044,59.900001525878906,0.6855107545852661,0.1667840033769607,0.9002181887626648,0.5327728390693665,0.2076526582241058,4.982719898223877,Low,Asia
Mongolia,2016,9.310995101928713,0.9474893808364868,60.0,0.759740948677063,0.0833854004740715,0.9004521369934082,0.554553747177124,0.1711717545986175,5.056999683380127,Medium,Asia
Mongolia,2017,9.344127655029297,0.9242507815361024,60.09999847412109,0.674627423286438,0.1123036220669746,0.8649522066116333,0.5516541600227356,0.2135995179414749,5.333850383758545,Medium,Asia
Mongolia,2018,9.39700984954834,0.9415141344070436,60.20000076293945,0.6955468058586121,0.0475072599947452,0.8485022187232971,0.5248438715934753,0.1918902993202209,5.464622974395752,Medium,Asia
Mongolia,2019,9.430119514465332,0.9457581043243408,60.29999923706055,0.7106751799583435,0.1424282938241958,0.8731669187545776,0.5622045993804932,0.166921392083168,5.562905311584473,Medium,Asia
Mongolia,2020,9.364500999450684,0.9177891612052916,60.400001525878906,0.7184910178184509,0.1379648000001907,0.8428276777267456,0.574730396270752,0.2599830329418182,6.011364936828613,Medium,Asia
Mongolia,2021,9.364642143249512,0.9271169900894164,60.5,0.6668466329574585,0.2146385610103607,0.8507202863693237,0.5600035786628723,0.2024823576211929,5.721034049987793,Medium,Asia
Mongolia,2022,9.396966934204102,0.9513360261917114,60.59999847412109,0.7170596718788147,0.2107187062501907,0.846957802772522,0.5500386357307434,0.2086516469717025,5.787830352783203,Medium,Asia
Mongolia,2023,9.43319320678711,0.9378772377967834,60.70000076293945,0.6992111206054688,0.2201180309057235,0.871100664138794,0.5451667308807373,0.1974054276943206,5.579622745513916,Medium,Asia
Montenegro,2010,9.727010726928713,0.8045493364334106,66.19999694824219,0.5521036982536316,-0.2121946960687637,0.7572072148323059,0.5103518962860107,0.4103021025657654,5.45503044128418,Medium,Europe
Montenegro,2011,9.757734298706056,0.8176315426826477,66.27999877929688,0.5460813641548157,-0.2318935096263885,0.7623835206031799,0.5097508430480957,0.3781200051307678,5.223116874694824,Medium,Europe
Montenegro,2012,9.729277610778809,0.7040327787399292,66.36000061035156,0.4617063701152801,-0.1982699185609817,0.7550597190856934,0.4678129851818084,0.3792813420295715,5.218724250793457,Medium,Europe
Montenegro,2013,9.763175964355469,0.735565185546875,66.44000244140625,0.5022649765014648,-0.181771233677864,0.6933721303939819,0.4930742383003235,0.3310817182064056,5.074341773986816,Medium,Europe
Montenegro,2014,9.779885292053224,0.8629303574562073,66.5199966430664,0.5026655197143555,0.0906548276543617,0.768465518951416,0.5449684262275696,0.3676467537879944,5.282720565795898,Medium,Europe
Montenegro,2015,9.812665939331056,0.7396305203437805,66.5999984741211,0.5833173394203186,-0.1499366462230682,0.7812325954437256,0.5343390107154846,0.3372394442558288,5.1249213218688965,Medium,Europe
Montenegro,2016,9.841501235961914,0.8657436966896057,66.69999694824219,0.5686336755752563,-0.0933737605810165,0.8489665985107422,0.5473153591156006,0.3366754651069641,5.304066181182861,Medium,Europe
Montenegro,2017,9.88747501373291,0.881199836730957,66.80000305175781,0.6259062886238098,-0.0888653174042701,0.7556800246238708,0.4931038022041321,0.3497850894927978,5.614798545837402,Medium,Europe
Montenegro,2018,9.937240600585938,0.8559796214103699,66.9000015258789,0.6264312863349915,-0.0570146441459655,0.7689225077629089,0.5273206830024719,0.3549352586269378,5.6501898765563965,Medium,Europe
Montenegro,2019,9.977386474609377,0.8316249251365662,67.0,0.6941624879837036,-0.1111291274428367,0.8199973702430725,0.5466321110725403,0.3659581243991852,5.386024951934815,Medium,Europe
Montenegro,2020,9.81241226196289,0.8871294856071472,67.0999984741211,0.8018550872802734,0.0612242296338081,0.8446871042251587,0.5604568123817444,0.4113778173923492,5.72216272354126,Medium,Europe
Montenegro,2021,9.90744924545288,0.8812947571277618,67.20000076293945,0.7899597883224487,0.0195104368031025,0.8234824538230896,0.5225341767072678,0.3642873167991638,5.661103010177612,Medium,Europe
Montenegro,2022,10.002486228942873,0.8754600286483765,67.30000305175781,0.778064489364624,-0.0222033560276031,0.8022778034210205,0.4846115410327911,0.3171968162059784,5.600043296813965,Medium,Europe
Montenegro,2023,10.04067611694336,0.8531356453895569,67.4000015258789,0.7988186478614807,-0.0660146921873092,0.7056121826171875,0.4808034002780914,0.317708820104599,5.813005447387695,Medium,Europe
Morocco,2010,8.821134567260742,0.8343945443630219,62.5,0.6629003882408142,-0.1731679886579513,0.9004530906677246,0.6634199619293213,0.2621752023696899,4.383247375488281,Low,Africa
Morocco,2011,8.861169815063477,0.8333852887153625,62.65999984741211,0.5789307355880737,-0.2291215807199478,0.8752248287200928,0.6873216032981873,0.1871487498283386,5.084972858428955,Medium,Africa
Morocco,2012,8.87747573852539,0.6758249402046204,62.81999969482422,0.7567846179008484,-0.1977528780698776,0.8449347615242004,0.6409162282943726,0.2813359797000885,4.969656467437744,Low,Africa
Morocco,2013,8.904114723205566,0.5971657037734985,62.97999954223633,0.5716299414634705,-0.2212091833353042,0.7711122035980225,0.7071461081504822,0.2394092679023742,5.142160415649414,Medium,Africa
Morocco,2014,8.925745010375977,0.601541668176651,63.13999938964844,0.6422816812992096,-0.22988095879554746,0.806484580039978,0.6517392098903656,0.2506064921617508,5.152658700942993,Medium,Africa
Morocco,2015,8.947375297546387,0.6059176325798035,63.29999923706055,0.7129334211349487,-0.2385527342557907,0.8418569564819336,0.596332311630249,0.2618037164211273,5.163156986236572,Medium,Africa
Morocco,2016,8.940129280090332,0.6554093360900879,63.400001525878906,0.8165560960769653,-0.2480230927467346,0.7173561453819275,0.6581355333328247,0.2054131478071212,5.386307239532471,Medium,Africa
Morocco,2017,8.977351188659668,0.6411930918693542,63.5,0.8142580389976501,-0.2270316332578659,0.8405024409294128,0.5006090402603149,0.3227159082889557,5.312482833862305,Medium,Africa
Morocco,2018,8.996167182922363,0.553759753704071,63.59999847412109,0.7731804251670837,-0.2457125633955001,0.8431727290153503,0.574673593044281,0.4159815609455108,4.896791934967041,Low,Africa
Morocco,2019,9.014033317565918,0.5348040461540222,63.70000076293945,0.756747841835022,-0.2561972141265869,0.7568674087524414,0.5348886251449585,0.409911572933197,5.056751728057861,Medium,Africa
Morocco,2020,8.92877197265625,0.5525200963020325,63.79999923706055,0.8189952373504639,-0.2381822168827057,0.8027402758598328,0.5481240749359131,0.2564311921596527,4.80261754989624,Low,Africa
Morocco,2021,8.99446964263916,0.5045639276504517,63.900001525878906,0.7618064880371094,-0.2043333500623703,0.8173668384552002,0.5544959306716919,0.3408483266830444,5.326248645782471,Medium,Africa
Morocco,2022,8.994856834411621,0.5635776519775391,64.0,0.7947052121162415,-0.2567450702190399,0.8021376729011536,0.5728694200515747,0.4142164587974548,4.59609317779541,Low,Africa
Morocco,2023,9.0094633102417,0.4995186030864715,64.0999984741211,0.8208004832267761,-0.0937033295631408,0.831204354763031,0.5487037301063538,0.4150283634662628,4.486514091491699,Low,Africa
Mozambique,2010,6.996473789215088,0.817624568939209,46.91999816894531,0.6392068266868591,-0.0303535908460617,0.7187589406967163,0.5650734305381775,0.2434160560369491,4.97111177444458,Low,Africa
Mozambique,2011,6.996473789215088,0.817624568939209,46.91999816894531,0.6392068266868591,-0.0303535908460617,0.7187589406967163,0.5650734305381775,0.2434160560369491,4.97111177444458,Low,Africa
Mozambique,2012,7.0344343185424805,0.7796829789876938,47.33999824523926,0.6827124357223511,-0.001946939155459397,0.6969625800848007,0.563838854432106,0.2674581296741962,4.86577570438385,Low,Africa
Mozambique,2013,7.072394847869873,0.7417413890361786,47.7599983215332,0.726218044757843,0.026459712535142905,0.6751662194728851,0.5626042783260345,0.29150020331144333,4.76043963432312,Low,Africa
Mozambique,2014,7.110355377197266,0.7037997990846634,48.17999839782714,0.769723653793335,0.05486636422574521,0.6533698588609695,0.5613697022199631,0.3155422769486904,4.65510356426239,Low,Africa
Mozambique,2015,7.148315906524658,0.6658582091331482,48.59999847412109,0.8132292628288269,0.0832730159163475,0.631573498249054,0.5601351261138916,0.3395843505859375,4.54976749420166,Low,Africa
Mozambique,2016,7.154283761978149,0.6721609532833099,49.04999923706055,0.8179498910903931,0.024089222773909603,0.6568412184715271,0.6010675132274628,0.34638042747974396,4.414815425872803,Low,Africa
Mozambique,2017,7.160251617431641,0.6784636974334717,49.5,0.8226705193519592,-0.0350945703685283,0.6821089386940002,0.6419999003410339,0.3531765043735504,4.279863357543945,Low,Africa
Mozambique,2018,7.164641380310059,0.7384804487228394,49.95000076293945,0.896621584892273,0.043445773422718,0.6912204027175903,0.6202946901321411,0.3972787261009216,4.653713703155518,Low,Africa
Mozambique,2019,7.158656120300293,0.742303729057312,50.400001525878906,0.8698102235794067,0.0675509348511695,0.6819004416465759,0.5879980325698853,0.384122759103775,4.932132720947266,Low,Africa
Mozambique,2020,7.135396718978882,0.703163206577301,50.85000038146973,0.8539553582668304,0.05498170852661125,0.6546834409236908,0.5818964838981628,0.3837927281856537,5.055309772491455,Medium,Africa
Mozambique,2021,7.112137317657471,0.66402268409729,51.29999923706055,0.8381004929542542,0.042412482202053,0.6274664402008057,0.5757949352264404,0.3834626972675323,5.1784868240356445,Medium,Africa
Mozambique,2022,7.12534236907959,0.7106999158859253,51.75,0.8840880990028381,0.0431350469589233,0.6878216862678528,0.6285983920097351,0.3506879210472107,4.739677429199219,Low,Africa
Mozambique,2023,7.14727783203125,0.7009750008583069,52.20000076293945,0.8670544028282166,0.0712420642375946,0.6777174472808838,0.6251108646392822,0.3347492218017578,5.704499244689941,Medium,Africa
Myanmar,2010,8.066871643066406,0.6122496724128723,58.15999984741211,0.6910942792892456,0.6462687849998474,0.6947386860847473,0.5738410949707031,0.2054144144058227,4.438939571380615,Low,Asia
Myanmar,2011,8.066871643066406,0.6122496724128723,58.15999984741211,0.6910942792892456,0.6462687849998474,0.6947386860847473,0.5738410949707031,0.2054144144058227,4.438939571380615,Low,Asia
Myanmar,2012,8.066871643066406,0.6122496724128723,58.15999984741211,0.6910942792892456,0.6462687849998474,0.6947386860847473,0.5738410949707031,0.2054144144058227,4.438939571380615,Low,Asia
Myanmar,2013,8.13436508178711,0.7567254900932312,58.63999938964844,0.7754476070404053,0.6909411549568176,0.6377657651901245,0.6754130721092224,0.2173106223344802,4.175670623779297,Low,Asia
Myanmar,2014,8.204833984375,0.7742674350738525,59.119998931884766,0.870296835899353,0.6995704770088196,0.5916329622268677,0.7132584452629089,0.1119787693023681,4.786247253417969,Low,Asia
Myanmar,2015,8.229056358337402,0.7520642876625061,59.59999847412109,0.8079710602760315,0.6915760040283203,0.6333051919937134,0.7290889024734497,0.2717507779598236,4.223846435546875,Low,Asia
Myanmar,2016,8.321070671081543,0.7934619784355164,59.92499923706055,0.8774911761283875,0.6803446412086487,0.6072865724563599,0.6713090538978577,0.3015013933181762,4.623119831085205,Low,Asia
Myanmar,2017,8.369377136230469,0.7951838374137878,60.25,0.8860118389129639,0.6514433026313782,0.6188215017318726,0.6167572140693665,0.2822855412960052,4.154341697692871,Low,Asia
Myanmar,2018,8.424262046813965,0.7738259434700012,60.57500076293945,0.9061108231544496,0.4920826256275177,0.6467258930206299,0.6404978036880493,0.3001403510570526,4.410633087158203,Low,Asia
Myanmar,2019,8.482505798339844,0.7629948854446411,60.900001525878906,0.899064302444458,0.560276985168457,0.6817958354949951,0.6383675336837769,0.2855762243270874,4.434237480163574,Low,Asia
Myanmar,2020,8.506555557250977,0.7957632541656494,61.22499847412109,0.8248707056045532,0.4682928919792175,0.6467021107673645,0.6999250650405884,0.2892182171344757,4.431364059448242,Low,Asia
Myanmar,2021,8.302172660827637,0.7795764207839966,61.54999923706055,0.6313943862915039,0.5082874298095703,0.6710634827613831,0.6360491514205933,0.267805814743042,4.314039707183838,Low,Asia
Myanmar,2022,8.32469654083252,0.746259868144989,61.875,0.645887017250061,0.6004669070243835,0.7289466261863708,0.6688459515571594,0.3534785509109497,4.35906982421875,Low,Asia
Myanmar,2023,8.347352027893066,0.6845864057540894,62.20000076293945,0.695294976234436,0.5478011965751648,0.6863807439804077,0.6340785026550293,0.3577791750431061,4.390633583068848,Low,Asia
Namibia,2010,9.26431369781494,0.7627835869789124,54.2599983215332,0.8493549823760986,-0.1912366896867752,0.7902283668518066,0.7226730585098267,0.2389614433050155,4.573991298675537,Low,Africa
Namibia,2011,9.26431369781494,0.7627835869789124,54.2599983215332,0.8493549823760986,-0.1912366896867752,0.7902283668518066,0.7226730585098267,0.2389614433050155,4.573991298675537,Low,Africa
Namibia,2012,9.26431369781494,0.7627835869789124,54.2599983215332,0.8493549823760986,-0.1912366896867752,0.7902283668518066,0.7226730585098267,0.2389614433050155,4.573991298675537,Low,Africa
Namibia,2013,9.26431369781494,0.7627835869789124,54.2599983215332,0.8493549823760986,-0.1912366896867752,0.7902283668518066,0.7226730585098267,0.2389614433050155,4.573991298675537,Low,Africa
Namibia,2014,9.26431369781494,0.7627835869789124,54.2599983215332,0.8493549823760986,-0.1912366896867752,0.7902283668518066,0.7226730585098267,0.2389614433050155,4.573991298675537,Low,Africa
Namibia,2015,9.257314999898274,0.7846354047457377,54.623331705729164,0.836370607217153,-0.19336102406183878,0.8039198716481527,0.7142752408981323,0.2517250180244445,4.529762903849284,Low,Africa
Namibia,2016,9.250316301981606,0.8064872225125631,54.986665089925125,0.8233862320582072,-0.19548535843690232,0.8176113764444987,0.705877423286438,0.2644885927438736,4.48553450902303,Low,Africa
Namibia,2017,9.24331760406494,0.8283390402793884,55.34999847412109,0.8104018568992615,-0.1976096928119659,0.8313028812408447,0.6974796056747437,0.2772521674633026,4.441306114196777,Low,Africa
Namibia,2018,9.23660945892334,0.8642147779464722,55.72499847412109,0.7539047598838806,-0.1767706573009491,0.845942497253418,0.6960779428482056,0.2402490824460983,4.83408784866333,Low,Africa
Namibia,2019,9.211297988891602,0.8445921540260315,56.09999847412109,0.7390345335006714,-0.181955024600029,0.8790706992149353,0.6437165141105652,0.2561607360839844,4.4358110427856445,Low,Africa
Namibia,2020,9.109610557556152,0.7405703067779541,56.47499847412109,0.6656819581985474,-0.1098016649484634,0.8103548288345337,0.652413010597229,0.2475420832633972,4.451010227203369,Low,Africa
Namibia,2021,9.127891540527344,0.8078007698059082,56.84999847412109,0.6585052609443665,-0.1527750641107559,0.8289667367935181,0.6435368657112122,0.2302591055631637,4.491207122802734,Low,Africa
Namibia,2022,9.158020973205566,0.8079589605331421,57.22499847412109,0.6825278997421265,-0.124180756509304,0.8487291932106018,0.6757563948631287,0.2614234685897827,4.948962688446045,Low,Africa
Namibia,2023,9.16740894317627,0.8520726561546326,57.59999847412109,0.6739392876625061,-0.1127211302518844,0.8730018734931946,0.6347567439079285,0.2078790217638015,5.05532169342041,Medium,Africa
Nepal,2010,7.894578456878662,0.7790380716323853,59.900001525878906,0.5190626382827759,0.0772267132997512,0.910801887512207,0.5383551716804504,0.2259729951620102,4.349675178527832,Low,Asia
Nepal,2011,7.92437219619751,0.7409793734550476,59.959999084472656,0.5247976779937744,-0.0239150486886501,0.9345637559890748,0.5301367044448853,0.2073589563369751,3.8094446659088135,Low,Asia
Nepal,2012,7.967660427093506,0.7336023449897766,60.02000045776367,0.6377784013748169,0.0564248673617839,0.8834940195083618,0.5383191704750061,0.231070801615715,4.233244895935059,Low,Asia
Nepal,2013,8.000445365905762,0.7400989532470703,60.08000183105469,0.7222657799720764,0.1374516487121582,0.8773404955863953,0.4957739412784576,0.2792635560035705,4.604576587677002,Low,Asia
Nepal,2014,8.055885314941406,0.785883367061615,60.13999938964844,0.7118776440620422,0.1077767834067344,0.8406858444213867,0.492254227399826,0.2874471545219421,4.975014686584473,Low,Asia
Nepal,2015,8.089492797851562,0.7476118803024292,60.20000076293945,0.7634472250938416,0.2141278386116027,0.8235083818435669,0.4440457820892334,0.3582343757152557,4.812436580657959,Low,Asia
Nepal,2016,8.084770202636719,0.8370436429977417,60.47499847412109,0.8394884467124939,0.155146449804306,0.8171148896217346,0.5234761238098145,0.3696617484092712,5.099539756774902,Medium,Asia
Nepal,2017,8.159239768981934,0.8163833022117615,60.75,0.8451476097106934,0.1197719946503639,0.7701771259307861,0.4627304077148437,0.3759779334068298,4.736692428588867,Low,Asia
Nepal,2018,8.221292495727539,0.7683355212211609,61.025001525878906,0.7700936794281006,0.1073289811611175,0.7417528033256531,0.4572125077247619,0.3867924213409424,4.910086631774902,Low,Asia
Nepal,2019,8.274377822875977,0.772273063659668,61.29999923706055,0.790347695350647,0.1518578678369522,0.7118424773216248,0.4439029693603515,0.3571003079414367,5.448724746704102,Medium,Asia
Nepal,2020,8.232653617858887,0.7872152328491211,61.57500076293945,0.7717159390449524,0.134548544883728,0.8118923306465149,0.4796717464923858,0.3369390070438385,5.982410430908203,Medium,Asia
Nepal,2021,8.256783485412598,0.6986464262008667,61.84999847412109,0.8175446391105652,0.1436668634414672,0.76994788646698,0.4143810868263244,0.3538766503334045,4.622300148010254,Low,Asia
Nepal,2022,8.294474601745605,0.7532763481140137,62.125,0.8442217707633972,0.1494315266609192,0.7604077458381653,0.4729445278644562,0.3415258526802063,5.474175930023193,Medium,Asia
Nepal,2023,8.31812572479248,0.7494574785232544,62.400001525878906,0.7646791934967041,0.1835504323244094,0.7922512888908386,0.4605893492698669,0.3503893911838531,5.388708114624023,Medium,Asia
Netherlands,2010,10.859633445739746,0.9565368890762328,70.9000015258789,0.9214482307434082,0.3436114192008972,0.3985918462276459,0.745190441608429,0.2060793042182922,7.501875877380371,High,Europe
Netherlands,2011,10.870361328125,0.9383960962295532,70.94000244140625,0.9254315495491028,0.3299305737018585,0.3593958914279938,0.7704574465751648,0.181386187672615,7.563797950744629,High,Europe
Netherlands,2012,10.856304168701172,0.9388846755027772,70.9800033569336,0.8771186470985413,0.2823862731456756,0.4337537884712219,0.7528684139251709,0.2262898683547973,7.470715522766113,High,Europe
Netherlands,2013,10.85205364227295,0.924705445766449,71.0199966430664,0.9189958572387696,0.2987975776195526,0.5045299530029297,0.7646982669830322,0.2354432195425033,7.406550407409668,High,Europe
Netherlands,2014,10.862588882446287,0.9089957475662231,71.05999755859375,0.910179615020752,0.3255757391452789,0.4569483697414398,0.7756128907203674,0.2206565290689468,7.321188449859619,High,Europe
Netherlands,2015,10.877558708190918,0.8790104389190674,71.0999984741211,0.9039787650108336,0.2557072341442108,0.411822110414505,0.7423878312110901,0.2021286338567733,7.324437141418457,High,Europe
Netherlands,2016,10.893917083740234,0.925944209098816,71.17500305175781,0.9073100090026855,0.2329194992780685,0.4333042502403259,0.7370073795318604,0.2148507386445999,7.540877342224121,High,Europe
Netherlands,2017,10.916698455810549,0.9365013241767884,71.25,0.9203197360038756,0.2446882426738739,0.3631336390972137,0.7291611433029175,0.1845198422670364,7.458965301513672,High,Europe
Netherlands,2018,10.934194564819336,0.9394431710243224,71.32499694824219,0.9199851751327516,0.1558962762355804,0.3705577850341797,0.747976541519165,0.2047941833734512,7.463097095489502,High,Europe
Netherlands,2019,10.94701099395752,0.9414774775505066,71.4000015258789,0.885592520236969,0.2068854719400406,0.3600681126117706,0.7281644344329834,0.2305022776126861,7.425268650054932,High,Europe
Netherlands,2020,10.901819229125977,0.9439561367034912,71.4749984741211,0.9345226287841796,0.145121544599533,0.2806045114994049,0.6906580924987793,0.2465113252401352,7.504447937011719,High,Europe
Netherlands,2021,10.94407081604004,0.9187594056129456,71.55000305175781,0.8562934398651123,0.2656292915344238,0.3965728878974914,0.7143533229827881,0.2011591643095016,7.314151287078857,High,Europe
Netherlands,2022,10.978227615356444,0.9289084076881408,71.625,0.8680934906005859,0.2228952348232269,0.4593518078327179,0.7111276388168335,0.1980025917291641,7.389636039733887,High,Europe
Netherlands,2023,10.97706413269043,0.9149224758148192,71.69999694824219,0.8472867012023926,0.2225408405065536,0.4239082634449005,0.6927058696746826,0.2016946226358413,7.254793643951416,High,Europe
New Zealand,2010,10.53364086151123,0.975642204284668,69.80000305175781,0.9177525043487548,0.2474540472030639,0.3207481801509857,0.7828207015991211,0.2347584813833236,7.223756313323975,High,Oceania
New Zealand,2011,10.547988891601562,0.953649878501892,69.81999969482422,0.9347687363624572,0.2775039672851562,0.2693302035331726,0.7836984395980835,0.2101496458053589,7.190638065338135,High,Oceania
New Zealand,2012,10.564982414245604,0.9300286173820496,69.83999633789062,0.901853084564209,0.2804879546165466,0.2892979383468628,0.7855104207992554,0.2068781703710556,7.249629974365234,High,Oceania
New Zealand,2013,10.584572792053224,0.958153486251831,69.86000061035156,0.9440004229545592,0.2300498187541961,0.3122358024120331,0.7779191732406616,0.1513969153165817,7.280151844024658,High,Oceania
New Zealand,2014,10.60536289215088,0.9423808455467224,69.87999725341797,0.9318824410438538,0.3409783840179443,0.272608608007431,0.8071009516716003,0.1990188658237457,7.305892467498779,High,Oceania
New Zealand,2015,10.621685981750488,0.9873434901237488,69.9000015258789,0.9417842626571656,0.3224815428256988,0.1858887076377868,0.7945080995559692,0.1598299890756607,7.418120861053467,High,Oceania
New Zealand,2016,10.636537551879885,0.9366028904914856,69.9749984741211,0.9265760183334352,0.2586888670921325,0.2782707810401916,0.7765313982963562,0.2074136286973953,7.225687980651855,High,Oceania
New Zealand,2017,10.650287628173828,0.9549206495285034,70.05000305175781,0.9422794580459596,0.2869197428226471,0.2218874841928482,0.7628181576728821,0.171716570854187,7.327182769775391,High,Oceania
New Zealand,2018,10.667019844055176,0.953862726688385,70.125,0.9493001699447632,0.1133470088243484,0.2065802216529846,0.785058856010437,0.1679514497518539,7.370285987854004,High,Oceania
New Zealand,2019,10.675273895263672,0.9388211965560912,70.19999694824219,0.9120423793792723,0.1500960439443588,0.2338312268257141,0.7650426030158997,0.1911763697862625,7.205174446105957,High,Oceania
New Zealand,2020,10.646665573120115,0.9519907832145692,70.2750015258789,0.9181545972824096,0.1159577146172523,0.2827679514884949,0.7958947420120239,0.2085410505533218,7.257381916046143,High,Oceania
New Zealand,2021,10.692896842956545,0.9498322010040284,70.3499984741211,0.9102498292922974,0.2155107259750366,0.2524235546588897,0.7471436262130737,0.2061753571033477,7.136700630187988,High,Oceania
New Zealand,2022,10.711755752563477,0.9555888175964355,70.42500305175781,0.83067786693573,0.1827645897865295,0.2805244326591491,0.7063457369804382,0.2102134823799133,6.974986553192139,High,Oceania
New Zealand,2023,10.719568252563477,0.932887077331543,70.5,0.8766084313392639,0.181391641497612,0.3036558032035827,0.7381334900856018,0.2285827100276947,6.975955486297607,High,Oceania
Nicaragua,2010,8.430959701538086,0.8631515502929688,64.69999694824219,0.7917733192443848,0.0133202634751796,0.8017289042472839,0.7491263151168823,0.2680233716964721,5.686699390411377,Medium,The Americas
Nicaragua,2011,8.477500915527344,0.8003051280975342,64.80000305175781,0.7785910367965698,-0.0244397707283496,0.7602425217628479,0.7470220923423767,0.3090188205242157,5.385705471038818,Medium,The Americas
Nicaragua,2012,8.525729179382324,0.8940544128417969,64.9000015258789,0.850304901599884,0.0123862521722912,0.6435787677764893,0.761726438999176,0.2546604871749878,5.4480061531066895,Medium,The Americas
Nicaragua,2013,8.559209823608398,0.8682160377502441,65.0,0.8591490387916565,0.0344937406480312,0.6362467408180237,0.7998918294906616,0.2706095576286316,5.772274971008301,Medium,The Americas
Nicaragua,2014,8.591470718383789,0.8385674357414246,65.0999984741211,0.8173206448554993,0.0994236469268798,0.6988080143928528,0.7823294401168823,0.3339357376098633,6.275266647338867,Medium,The Americas
Nicaragua,2015,8.62389850616455,0.826908528804779,65.19999694824219,0.8092591762542725,0.0726503282785415,0.7279983758926392,0.7710625529289246,0.3455946445465088,5.924112796783447,Medium,The Americas
Nicaragua,2016,8.654224395751953,0.8527024388313293,65.2750015258789,0.7165342569351196,0.0349748916923999,0.7314649224281311,0.786971926689148,0.3803472816944122,6.012739658355713,Medium,The Americas
Nicaragua,2017,8.685310363769531,0.8380436897277832,65.3499984741211,0.9221627712249756,0.0058331079781055,0.6729633212089539,0.7933211922645569,0.3084478974342346,6.476356506347656,Medium,The Americas
Nicaragua,2018,8.637048721313477,0.8542765378952026,65.42500305175781,0.7970568537712097,0.004429165739566,0.7128247618675232,0.7428675889968872,0.4083498418331146,5.818952560424805,Medium,The Americas
Nicaragua,2019,8.593801498413086,0.873863935470581,65.5,0.8826784491539001,0.0239940229803323,0.6219817399978638,0.7902554273605347,0.3370129764080047,6.112545013427734,Medium,The Americas
Nicaragua,2020,8.562273979187012,0.8557027578353882,65.57499694824219,0.8176252245903015,0.0367212258279323,0.6310034394264221,0.775327205657959,0.3159030675888061,6.286890029907227,Medium,The Americas
Nicaragua,2021,8.646821022033691,0.8482630252838135,65.6500015258789,0.904980480670929,0.0197515040636062,0.6746687293052673,0.7989287376403809,0.2926434278488159,6.095348834991455,Medium,The Americas
Nicaragua,2022,8.669462203979492,0.8440418243408203,65.7249984741211,0.9139936566352844,-0.0044756936840713,0.5701919794082642,0.787344217300415,0.3387439548969269,6.392257690429688,Medium,The Americas
Nicaragua,2023,8.685056686401367,0.8362918496131897,65.80000305175781,0.9064910411834716,-0.0081497048959136,0.5316507816314697,0.7721434235572815,0.3399796485900879,6.362124919891357,Medium,The Americas
Niger,2010,6.932192802429199,0.6549649834632874,51.900001525878906,0.8172197341918945,-0.0273049380630254,0.5289803147315979,0.7150307297706604,0.1258378028869629,4.101016044616699,Low,Africa
Niger,2011,6.918029308319092,0.8176606893539429,52.34000015258789,0.779515266418457,-0.0597076080739498,0.5490933656692505,0.7099980115890503,0.1661544442176818,4.5558295249938965,Low,Africa
Niger,2012,6.9802117347717285,0.7001075744628906,52.77999877929688,0.7344309091567993,-0.0679003596305847,0.7773408889770508,0.5821216106414795,0.1415530443191528,3.798088312149048,Low,Africa
Niger,2013,6.993816375732422,0.6958135962486267,53.220001220703125,0.8253870606422424,-0.0817236900329589,0.7109634280204773,0.6394005417823792,0.208130195736885,3.71632981300354,Low,Africa
Niger,2014,7.020313262939453,0.7525338530540466,53.65999984741211,0.687634289264679,-0.0507590472698211,0.6047284603118896,0.6286954283714294,0.2046612799167633,4.180943489074707,Low,Africa
Niger,2015,7.02501392364502,0.713019609451294,54.09999847412109,0.7281283140182495,-0.03663906827569,0.7025496959686279,0.6647073030471802,0.2184225767850875,3.671453714370728,Low,Africa
Niger,2016,7.042164325714111,0.6828282475471497,54.45000076293945,0.7019273042678833,-0.0202754698693752,0.8144938945770264,0.6464266180992126,0.3254419565200805,4.234645843505859,Low,Africa
Niger,2017,7.052698135375977,0.5821095705032349,54.79999923706055,0.6835575699806213,-0.0347994305193424,0.7776600122451782,0.6985776424407959,0.4265223741531372,4.615673542022705,Low,Africa
Niger,2018,7.08444881439209,0.6120256781578064,55.150001525878906,0.7906656265258789,0.004175232257694,0.6371667981147766,0.758703887462616,0.5025545358657837,5.164007186889648,Medium,Africa
Niger,2019,7.104510307312012,0.6769587397575378,55.5,0.8313618898391724,0.0211413502693176,0.7288551330566406,0.7938100695610046,0.3044382631778717,5.003544330596924,Medium,Africa
Niger,2020,7.119857629140218,0.646949311097463,55.84999974568685,0.8184328277905782,0.022189893449346198,0.7325990796089172,0.7913748621940613,0.3250517149766286,4.836139996846517,Low,Africa
Niger,2021,7.135204950968425,0.6169398824373881,56.199999491373696,0.805503765741984,0.0232384366293748,0.7363430261611938,0.7889396548271179,0.3456651667753855,4.66873566309611,Low,Africa
Niger,2022,7.150552272796631,0.5869304537773132,56.54999923706055,0.7925747036933899,0.0242869798094034,0.7400869727134705,0.7865044474601746,0.3662786185741424,4.501331329345703,Low,Africa
Niger,2023,7.181248664855957,0.6379470229148865,56.900001525878906,0.7669633030891418,0.0290120486170053,0.7984966337680817,0.7472664713859558,0.4166373312473297,4.608657836914063,Low,Africa
Nigeria,2010,8.48823070526123,0.8238230347633362,51.5,0.5653510689735413,0.0623592510819435,0.9107190370559692,0.7585219740867615,0.1903434097766876,4.760275840759277,Low,Africa
Nigeria,2011,8.507238388061523,0.8207013010978699,51.81999969482422,0.608519971370697,0.06226689554750915,0.9055752158164978,0.7701140642166138,0.199721448123455,5.126615047454834,Medium,Africa
Nigeria,2012,8.526246070861816,0.8175795674324036,52.13999938964844,0.6516888737678528,0.0621745400130748,0.9004313945770264,0.7817061543464661,0.2090994864702224,5.492954254150391,Medium,Africa
Nigeria,2013,8.563854217529297,0.6629433035850525,52.459999084472656,0.6215876936912537,0.046407401561737,0.9053093194961548,0.6518617868423462,0.2863459289073944,4.817868709564209,Low,Africa
Nigeria,2014,8.581691265106201,0.7372954785823822,52.779998779296875,0.6510289907455444,0.0033963993191718986,0.9157092869281769,0.6833705902099609,0.26876774430274963,4.875391721725464,Low,Africa
Nigeria,2015,8.599528312683105,0.8116476535797119,53.09999847412109,0.6804702877998352,-0.0396146029233932,0.926109254360199,0.7148793935775757,0.2511895596981048,4.932914733886719,Low,Africa
Nigeria,2016,8.558156967163086,0.8047669529914856,53.42499923706055,0.7976905107498169,0.0387629643082618,0.9047068357467652,0.7452460527420044,0.2518362998962402,5.219567775726318,Medium,Africa
Nigeria,2017,8.540910720825195,0.7334685325622559,53.75,0.8259055614471436,0.1199567168951034,0.8348919749259949,0.6822111010551453,0.2359687685966491,5.321928024291992,Medium,Africa
Nigeria,2018,8.534989356994629,0.7408542037010193,54.07500076293945,0.7898810505867004,-0.0145982727408409,0.8656026721000671,0.7616564035415649,0.2564698755741119,5.252288341522217,Medium,Africa
Nigeria,2019,8.53235149383545,0.7349951863288879,54.400001525878906,0.7462692856788635,0.0189052354544401,0.873035728931427,0.6982429027557373,0.2290038466453552,4.266484260559082,Low,Africa
Nigeria,2020,8.489839553833008,0.7392894625663757,54.72499847412109,0.713061511516571,0.0936614722013473,0.9127744436264038,0.7371759414672852,0.3158868253231048,5.50294828414917,Medium,Africa
Nigeria,2021,8.501598358154297,0.7415601015090942,55.04999923706055,0.7257328629493713,0.0470308624207973,0.911945104598999,0.6662973165512085,0.1881052553653717,4.4792656898498535,Low,Africa
Nigeria,2022,8.509798049926758,0.7850779294967651,55.375,0.7758471965789795,0.1720981150865554,0.9351549744606018,0.7602842450141907,0.2532764375209808,5.294247150421143,Medium,Africa
Nigeria,2023,8.513705253601074,0.7808888554573059,55.70000076293945,0.7201213836669922,0.2093175053596496,0.8765022158622742,0.7211174368858337,0.266198456287384,4.8689374923706055,Low,Africa
Norway,2010,11.04130744934082,0.9476574063301086,70.5999984741211,0.9465658664703368,0.1393103450536728,0.3680426776409149,0.7984911799430847,0.2128211110830307,7.678277015686035,High,Europe
Norway,2011,11.04130744934082,0.9476574063301086,70.5999984741211,0.9465658664703368,0.1393103450536728,0.3680426776409149,0.7984911799430847,0.2128211110830307,7.678277015686035,High,Europe
Norway,2012,11.04130744934082,0.9476574063301086,70.5999984741211,0.9465658664703368,0.1393103450536728,0.3680426776409149,0.7984911799430847,0.2128211110830307,7.678277015686035,High,Europe
Norway,2013,11.04481554031372,0.9444096684455872,70.79999923706055,0.9514410197734833,0.15620001405477518,0.38643425703048706,0.8003495335578918,0.2035880237817764,7.561373949050903,High,Europe
Norway,2014,11.04832363128662,0.9411619305610656,71.0,0.9563161730766296,0.1730896830558776,0.4048258364200592,0.802207887172699,0.1943549364805221,7.4444708824157715,High,Europe
Norway,2015,11.05677604675293,0.9468339681625366,71.19999694824219,0.9476205110549928,0.2490891814231872,0.2988143563270569,0.7963209748268127,0.2094098776578903,7.603433609008789,High,Europe
Norway,2016,11.059545516967772,0.9597428441047668,71.25,0.95435231924057,0.1249839216470718,0.4096661210060119,0.8094301819801331,0.2092621922492981,7.596331596374512,High,Europe
Norway,2017,11.075807571411133,0.95012766122818,71.30000305175781,0.9530168175697328,0.2284082323312759,0.2497113794088363,0.8001062273979187,0.2029138058423996,7.578744888305664,High,Europe
Norway,2018,11.077462196350098,0.9659619331359864,71.3499984741211,0.9604290127754213,0.086401842534542,0.2682014405727386,0.7856070399284363,0.2118623703718185,7.4442620277404785,High,Europe
Norway,2019,11.081886291503906,0.9417840242385864,71.4000015258789,0.9540444612503052,0.1030507609248161,0.2705717980861664,0.7817274332046509,0.1954865008592605,7.442139625549316,High,Europe
Norway,2020,11.063135147094728,0.9559799432754515,71.44999694824219,0.9645611047744752,0.0675194784998893,0.2710832953453064,0.7772747278213501,0.2160339206457138,7.290032386779785,High,Europe
Norway,2021,11.096030235290527,0.9478774070739746,71.5,0.9363791942596436,0.1658297926187515,0.2632769644260406,0.7694335579872131,0.2071970403194427,7.361573696136475,High,Europe
Norway,2022,11.119325637817385,0.9265713095664978,71.55000305175781,0.9390228390693665,0.1824462860822677,0.3144420981407165,0.7587098479270935,0.2110924422740936,7.294604301452637,High,Europe
Norway,2023,11.124796867370604,0.9515860080718994,71.5999984741211,0.937649428844452,0.2194931507110595,0.2448502480983734,0.7564838528633118,0.2283376306295395,7.248675346374512,High,Europe
Pakistan,2010,8.30844783782959,0.5713159441947937,54.5,0.364205926656723,0.292383462190628,0.851655900478363,0.5266457200050354,0.3719414174556732,5.7861328125,Medium,Asia
Pakistan,2011,8.314452171325684,0.5098841190338135,54.7599983215332,0.3758226335048675,0.0216461326926946,0.8571776151657104,0.4725620150566101,0.3578008115291595,5.267186164855957,Medium,Asia
Pakistan,2012,8.330942153930664,0.5420380234718323,55.02000045776367,0.366844117641449,0.1566102504730224,0.8420245051383972,0.5100573301315308,0.332447737455368,5.131565093994141,Medium,Asia
Pakistan,2013,8.358598709106445,0.6070870757102966,55.27999877929688,0.4479095935821533,0.0908675342798233,0.7918352484703064,0.4744162857532501,0.2737098932266235,5.138082504272461,Medium,Asia
Pakistan,2014,8.390193939208984,0.5516833066940308,55.540000915527344,0.5431385040283203,0.1313192099332809,0.6769275069236755,0.4753174483776092,0.2954797744750976,5.435657978057861,Medium,Asia
Pakistan,2015,8.423455238342285,0.5617201328277588,55.79999923706055,0.5865462422370911,0.0756477490067482,0.7166411876678467,0.4694518744945526,0.328646719455719,4.823194980621338,Low,Asia
Pakistan,2016,8.465209007263184,0.6269212961196899,56.07500076293945,0.6341828107833862,0.0844402238726615,0.7925300598144531,0.5028409957885742,0.3316166698932647,5.548508167266846,Medium,Asia
Pakistan,2017,8.495299339294434,0.690263569355011,56.34999847412109,0.71265709400177,0.0350928753614425,0.71392822265625,0.4888592958450317,0.3083410859107971,5.830870628356934,Medium,Asia
Pakistan,2018,8.539626121520996,0.6850594878196716,56.625,0.7725691199302673,0.0581688359379768,0.798841655254364,0.4697228372097015,0.376706063747406,5.471553802490234,Medium,Asia
Pakistan,2019,8.548215866088867,0.6172957420349121,56.900001525878906,0.6846755743026733,0.1115960478782653,0.775998055934906,0.4889407753944397,0.4242400825023651,4.442717552185059,Low,Asia
Pakistan,2020,8.51806354522705,0.594273567199707,57.17499923706055,0.7673672437667847,0.0027387524023652,0.8325855731964111,0.4702466130256653,0.3757224380970001,4.623969078063965,Low,Asia
Pakistan,2021,8.562576293945312,0.6083956360816956,57.45000076293945,0.7639920711517334,0.0069786822423338,0.7427191734313965,0.5176659822463989,0.3073633909225464,4.486834526062012,Low,Asia
Pakistan,2022,8.603686332702637,0.5903161764144897,57.72499847412109,0.7449010610580444,-0.000184983597137,0.8650116920471191,0.4690250754356384,0.3675136566162109,4.930678367614746,Low,Asia
Pakistan,2023,8.588458061218262,0.5530141592025757,58.0,0.6613704562187195,0.0704244077205658,0.8893992900848389,0.5040336847305298,0.4173682630062103,4.549314498901367,Low,Asia
Panama,2010,10.009517669677734,0.9275330901145936,67.5,0.7545236945152283,-0.0172538831830024,0.8798258304595947,0.8409765362739563,0.1463687568902969,7.321467399597168,High,The Americas
Panama,2011,10.098904609680176,0.8762841820716858,67.66000366210938,0.8290128707885742,0.0002459078386891,0.8396844863891602,0.8527167439460754,0.1796413213014602,7.248080730438232,High,The Americas
Panama,2012,10.17441463470459,0.897391140460968,67.81999969482422,0.7831825017929077,-0.0105114262551069,0.7957966327667236,0.8376622200012207,0.2066413462162017,6.859835624694824,High,The Americas
Panama,2013,10.2235689163208,0.8957198262214661,67.9800033569336,0.811337947845459,0.0096393087878823,0.8144646286964417,0.8597869277000427,0.2257455140352249,6.866480350494385,High,The Americas
Panama,2014,10.255550384521484,0.8734742403030396,68.13999938964844,0.8939151167869568,-0.0065185837447643,0.8465938568115234,0.7987493872642517,0.2538156509399414,6.631171226501465,High,The Americas
Panama,2015,10.293885231018066,0.8826150298118591,68.30000305175781,0.8466691970825195,-0.0155982561409473,0.809942901134491,0.7773051261901855,0.2638258635997772,6.605550289154053,High,The Americas
Panama,2016,10.324884414672852,0.8824602365493774,68.4000015258789,0.8844797611236572,-0.1110889017581939,0.8369767665863037,0.8127447366714478,0.244131788611412,6.117638111114502,Medium,The Americas
Panama,2017,10.3621187210083,0.9119048118591307,68.5,0.8995735049247742,-0.1782035678625106,0.8407770991325378,0.7953681349754333,0.2423193305730819,6.5676589012146,High,The Americas
Panama,2018,10.381559371948242,0.9043897986412048,68.5999984741211,0.8614481091499329,-0.1393614709377288,0.8369309902191162,0.8409968614578247,0.2225987464189529,6.281434059143066,Medium,The Americas
Panama,2019,10.397828102111816,0.8857213854789734,68.69999694824219,0.882961094379425,-0.2078669667243957,0.8688275218009949,0.8408361673355103,0.2435666024684906,6.0859551429748535,Medium,The Americas
Panama,2020,10.360289096832275,0.892171323299408,68.79999923706055,0.8468215465545654,-0.17973591387271876,0.8649450540542603,0.8376093208789825,0.23055541515350342,6.319366931915283,Medium,The Americas
Panama,2021,10.322750091552734,0.8986212611198425,68.9000015258789,0.8106819987297058,-0.1516048610210418,0.8610625863075256,0.8343824744224548,0.2175442278385162,6.552778720855713,High,The Americas
Panama,2022,10.41230583190918,0.8910459280014038,69.0,0.8993285298347473,-0.1283044517040252,0.8868353366851807,0.8206563591957092,0.2592392861843109,5.979382038116455,Medium,The Americas
Panama,2023,10.4552001953125,0.8872889280319214,69.0999984741211,0.8519265055656433,-0.1468104124069214,0.8705905079841614,0.8285312652587891,0.2571079730987549,6.543289661407471,High,The Americas
Paraguay,2010,9.33089828491211,0.8891527652740479,65.19999694824219,0.7262623906135559,0.0649805963039398,0.7799146175384521,0.8260414600372314,0.1758594661951065,5.841174125671387,Medium,The Americas
Paraguay,2011,9.35989475250244,0.8691496849060059,65.27999877929688,0.6658642888069153,0.1792247742414474,0.7559970021247864,0.8230387568473816,0.1902628242969513,5.677080631256104,Medium,The Americas
Paraguay,2012,9.3392972946167,0.9310049414634703,65.36000061035156,0.748206615447998,0.1883007436990738,0.7736591100692749,0.8492500185966492,0.2128386348485946,5.820058345794678,Medium,The Americas
Paraguay,2013,9.40516471862793,0.938647210597992,65.44000244140625,0.908905863761902,0.0343336090445518,0.902550995349884,0.873760998249054,0.223824456334114,5.9362406730651855,Medium,The Americas
Paraguay,2014,9.442753791809082,0.9592495560646056,65.5199966430664,0.7593964338302612,-0.0131547367200255,0.7623757719993591,0.8760320544242859,0.2157781422138214,5.11864185333252,Medium,The Americas
Paraguay,2015,9.457676887512209,0.9141990542411804,65.5999984741211,0.806124746799469,-0.0189794078469276,0.8628882765769958,0.8315196633338928,0.2185084670782089,5.5597243309021,Medium,The Americas
Paraguay,2016,9.485220909118652,0.9398669600486756,65.6500015258789,0.8535342812538147,-0.082287922501564,0.7561162710189819,0.8332319855690002,0.1971761882305145,5.801380157470703,Medium,The Americas
Paraguay,2017,9.518132209777832,0.9020425081253052,65.69999694824219,0.8911714553833008,-0.008051348850131,0.8099007606506348,0.8203297257423401,0.2317836731672287,5.7132954597473145,Medium,The Americas
Paraguay,2018,9.518335819244385,0.897264838218689,65.75,0.8836120367050171,0.00469015073031185,0.8458434343338013,0.8054041266441345,0.25348519533872604,5.682960510253906,Medium,The Americas
Paraguay,2019,9.518539428710938,0.8924871683120728,65.80000305175781,0.8760526180267334,0.0174316503107547,0.8817861080169678,0.790478527545929,0.2751867175102234,5.652625560760498,Medium,The Americas
Paraguay,2020,9.496820449829102,0.9065086245536804,65.8499984741211,0.8652210831642151,0.0537420324981212,0.8286583423614502,0.7667310833930969,0.2692188024520874,5.501248836517334,Medium,The Americas
Paraguay,2021,9.523426055908203,0.9075418710708618,65.9000015258789,0.8879607915878296,0.0145395286381244,0.856721043586731,0.8060783743858337,0.248322531580925,5.575535297393799,Medium,The Americas
Paraguay,2022,9.512767791748049,0.8994913697242737,65.94999694824219,0.921780526638031,-0.0139146074652671,0.8392720222473145,0.820756733417511,0.2375174164772033,6.1376118659973145,Medium,The Americas
Paraguay,2023,9.548639297485352,0.8886208534240723,66.0,0.9016361832618712,-0.0039585563354194,0.835490345954895,0.8325867056846619,0.2402810007333755,6.2137885093688965,Medium,The Americas
Peru,2010,9.210034370422363,0.8119143843650818,67.5,0.7567064166069031,-0.0655049458146095,0.8805941343307495,0.7440285086631775,0.3302434682846069,5.612785339355469,Medium,The Americas
Peru,2011,9.262930870056152,0.7563045620918274,67.76000213623047,0.7727594971656799,-0.1284000724554062,0.8236649632453918,0.7424664497375488,0.3309212625026703,5.892457485198975,Medium,The Americas
Peru,2012,9.313336372375488,0.7640715837478638,68.0199966430664,0.703000545501709,-0.084398403763771,0.8668379187583923,0.7054665684700012,0.3979585170745849,5.824557304382324,Medium,The Americas
Peru,2013,9.360538482666016,0.7967684864997864,68.27999877929688,0.7030412554740906,-0.0710880979895591,0.8698992729187012,0.7414683103561401,0.3900382220745086,5.782557487487793,Medium,The Americas
Peru,2014,9.37364387512207,0.8189869523048401,68.54000091552734,0.7223523855209351,-0.1413382589817047,0.8778221607208252,0.7432118058204651,0.3193379938602447,5.86581563949585,Medium,The Americas
Peru,2015,9.393926620483398,0.7984183430671692,68.80000305175781,0.8022690415382385,-0.0950524508953094,0.883730411529541,0.7437435388565063,0.378304660320282,5.577263355255127,Medium,The Americas
Peru,2016,9.419086456298828,0.8028564453125,68.9749984741211,0.8298438787460327,-0.1392069458961486,0.8659195899963379,0.7910968065261841,0.338006854057312,5.700628757476807,Medium,The Americas
Peru,2017,9.428893089294434,0.8301233649253845,69.1500015258789,0.826552152633667,-0.1596279442310333,0.8953841328620911,0.7677631974220276,0.3938737213611603,5.710936546325684,Medium,The Americas
Peru,2018,9.449060440063477,0.8453013896942139,69.32499694824219,0.8296419978141785,-0.1836391240358352,0.9062446355819702,0.7830176949501038,0.380032867193222,5.679661273956299,Medium,The Americas
Peru,2019,9.452122688293455,0.8090759515762329,69.5,0.8148059248924255,-0.1347431987524032,0.8736019134521484,0.7938096523284912,0.3749854862689972,5.9993815422058105,Medium,The Americas
Peru,2020,9.322538375854492,0.748887836933136,69.67500305175781,0.8059736490249634,-0.0940834581851959,0.9116014838218688,0.73646479845047,0.4814836084842682,4.994379043579102,Low,The Americas
Peru,2021,9.436187744140623,0.8185394406318665,69.8499984741211,0.8117775321006775,-0.0898950174450874,0.8799137473106384,0.783769428730011,0.3686502277851105,5.694317817687988,Medium,The Americas
Peru,2022,9.452811241149902,0.8227434754371643,70.0250015258789,0.764267086982727,-0.180319994688034,0.8839914202690125,0.7550639510154724,0.3780502676963806,5.892068862915039,Medium,The Americas
Peru,2023,9.459396362304688,0.7865179777145386,70.19999694824219,0.7569955587387085,-0.0606630742549896,0.9194803833961488,0.7648443579673767,0.3703694343566894,5.935666084289551,Medium,The Americas
Philippines,2010,8.678712844848633,0.8048611283302307,61.59999847412109,0.8933505415916443,0.0281761642545461,0.8124483823776245,0.8285755515098572,0.2939183115959167,4.941514015197754,Low,Asia
Philippines,2011,8.698753356933594,0.7887632846832275,61.65999984741211,0.8828374743461609,0.0677101910114288,0.7829464673995972,0.807783842086792,0.3583263754844665,4.993956565856934,Low,Asia
Philippines,2012,8.74801254272461,0.8129217028617859,61.720001220703125,0.914499580860138,0.047812171280384,0.7711676359176636,0.8114417791366577,0.3511252701282501,5.001965045928955,Medium,Asia
Philippines,2013,8.796467781066895,0.8464131355285645,61.77999877929688,0.9074584245681764,0.0162762124091386,0.7563885450363159,0.7957748770713806,0.3319579660892486,4.976925373077393,Low,Asia
Philippines,2014,8.841845512390137,0.8133001923561096,61.84000015258789,0.9021857380867004,-0.0202101171016693,0.7872194647789001,0.7872629165649414,0.3340365290641784,5.312550067901611,Medium,Asia
Philippines,2015,8.886696815490723,0.8535885810852051,61.900001525878906,0.9115335941314696,-0.0559835694730281,0.7551915645599365,0.7963219285011292,0.3505876660346985,5.547489166259766,Medium,Asia
Philippines,2016,8.938013076782227,0.8212987184524536,61.92499923706055,0.9075957536697388,-0.0758916288614273,0.791962206363678,0.8074336647987366,0.2902327179908752,5.430832862854004,Medium,Asia
Philippines,2017,8.98741626739502,0.851028561592102,61.95000076293945,0.9257031083106996,-0.1458322256803512,0.7111655473709106,0.7534837126731873,0.3406215012073517,5.5942702293396,Medium,Asia
Philippines,2018,9.031899452209473,0.8458032608032227,61.97499847412109,0.9178081750869752,-0.112193539738655,0.7264833450317383,0.7561843395233154,0.3934810757637024,5.8691725730896,Medium,Asia
Philippines,2019,9.07473373413086,0.8450947403907776,62.0,0.9095985889434814,-0.0866739600896835,0.7484421133995056,0.7645263671875,0.3405694961547851,6.267745018005371,Medium,Asia
Philippines,2020,8.958444595336914,0.7811403870582581,62.025001525878906,0.9320417046546936,-0.1136759370565414,0.7442836761474609,0.7927356362342834,0.3268890082836151,5.079585075378418,Medium,Asia
Philippines,2021,8.999073028564453,0.7781921029090881,62.04999923706055,0.9052754640579224,-0.0116900764405727,0.7211622595787048,0.7897311449050903,0.3229414820671081,5.965057849884033,Medium,Asia
Philippines,2022,9.057415008544922,0.8190449476242065,62.07500076293945,0.9522693753242492,-0.1553432941436767,0.757055938243866,0.8328607082366943,0.3011153638362884,5.994960308074951,Medium,Asia
Philippines,2023,9.101679801940918,0.7955292463302612,62.09999847412109,0.9318832159042358,-0.0380380190908908,0.7679218053817749,0.800451934337616,0.3244096636772156,6.183511734008789,Medium,Asia
Poland,2010,10.072931289672852,0.9550653100013732,67.0999984741211,0.7949004769325256,-0.0033219398465007,0.9046972990036012,0.6855177879333496,0.2342370152473449,5.887029647827148,Medium,Europe
Poland,2011,10.12158489227295,0.9045786261558532,67.27999877929688,0.868148922920227,-0.0718888640403747,0.907953143119812,0.6586242318153381,0.2238102257251739,5.646204948425293,Medium,Europe
Poland,2012,10.136921882629396,0.9359238743782043,67.45999908447266,0.8113017082214355,-0.0315212644636631,0.8878958225250244,0.7108924984931946,0.2667467892169952,5.875931739807129,Medium,Europe
Poland,2013,10.1460542678833,0.9119349122047424,67.63999938964844,0.7759313583374023,-0.1417712271213531,0.9156774282455444,0.6748650670051575,0.241980955004692,5.746131896972656,Medium,Europe
Poland,2014,10.184454917907717,0.9236422777175904,67.81999969482422,0.8753570914268494,-0.0691915825009346,0.8977417349815369,0.6810146570205688,0.2226437479257583,5.750282287597656,Medium,Europe
Poland,2015,10.228020668029783,0.8930904269218445,68.0,0.7934621572494507,-0.0983688235282898,0.8100963234901428,0.6306267976760864,0.2404320389032364,6.007021903991699,Medium,Europe
Poland,2016,10.25755786895752,0.9173988103866576,68.17500305175781,0.8707075119018555,-0.0962220951914787,0.8477539420127869,0.6655380129814148,0.2235360443592071,6.162076473236084,Medium,Europe
Poland,2017,10.30755615234375,0.8818541169166565,68.3499984741211,0.8308426141738892,-0.1272012442350387,0.63947993516922,0.5658546686172485,0.2033877968788147,6.201268196105957,Medium,Europe
Poland,2018,10.365309715270996,0.8634442090988159,68.5250015258789,0.870215117931366,-0.2602986395359039,0.7204513549804688,0.6221758723258972,0.1760106235742569,6.111485004425049,Medium,Europe
Poland,2019,10.409092903137209,0.8782682418823242,68.69999694824219,0.882885754108429,-0.2368073016405105,0.6960573792457581,0.6128474473953247,0.1680896878242492,6.242094039916992,Medium,Europe
Poland,2020,10.390435218811035,0.953171730041504,68.875,0.7674286961555481,-0.013857034035027,0.7868736386299133,0.6773961186408997,0.3289379179477691,6.139455318450928,Medium,Europe
Poland,2021,10.460687637329102,0.9355348348617554,69.05000305175781,0.7318055629730225,0.1219518035650253,0.7439131736755371,0.6995754837989807,0.2772312760353088,5.978068828582764,Medium,Europe
Poland,2022,10.513203620910645,0.8864467740058899,69.2249984741211,0.8000186085700989,-0.2087998688220977,0.6670247316360474,0.5938921570777893,0.1401658356189727,6.66626501083374,High,Europe
Poland,2023,10.526970863342283,0.8900729417800903,69.4000015258789,0.7751436233520508,-0.2321598082780838,0.6617071032524109,0.5556963086128235,0.1551312655210495,6.684652805328369,High,Europe
Portugal,2010,10.36716365814209,0.863906741142273,69.30000305175781,0.7210363745689392,-0.1118188574910163,0.947879433631897,0.6810193061828613,0.2651073634624481,5.0945258140563965,Medium,Europe
Portugal,2011,10.351527214050291,0.8559606671333313,69.54000091552734,0.8750925660133362,-0.1788857281208038,0.9619771242141724,0.6706328988075256,0.2792008817195892,5.219997882843018,Medium,Europe
Portugal,2012,10.314162254333496,0.8660386204719543,69.77999877929688,0.7738214135169983,-0.1029004901647567,0.9592884182929992,0.631479799747467,0.3701699674129486,4.993962287902832,Low,Europe
Portugal,2013,10.310380935668944,0.8671808242797852,70.0199966430664,0.7880327701568604,-0.1242578849196434,0.9462573528289796,0.6647236347198486,0.3478981554508209,5.157688140869141,Medium,Europe
Portugal,2014,10.323663711547852,0.8618294596672058,70.26000213623047,0.8468101024627686,-0.1322190761566162,0.9410700798034668,0.663038432598114,0.3576922714710235,5.126911640167236,Medium,Europe
Portugal,2015,10.345566749572754,0.866213858127594,70.5,0.8004403114318848,-0.1689279824495315,0.9410507678985596,0.6291592717170715,0.3707368671894073,5.08086633682251,Medium,Europe
Portugal,2016,10.368715286254885,0.9046353697776794,70.625,0.8380693197250366,-0.2311152219772339,0.922192394733429,0.6591485738754272,0.3262527287006378,5.446637153625488,Medium,Europe
Portugal,2017,10.405616760253906,0.8999848365783691,70.75,0.905065655708313,-0.181714192032814,0.8809705376625061,0.6078932285308838,0.2942725718021393,5.711499214172363,Medium,Europe
Portugal,2018,10.43531322479248,0.8871132731437683,70.875,0.8774042129516602,-0.2673633098602295,0.879727840423584,0.6457319855690002,0.3179947435855865,5.919822692871094,Medium,Europe
Portugal,2019,10.461549758911133,0.8760825991630554,71.0,0.8823511004447937,-0.2401036471128463,0.9151656031608582,0.6753135323524475,0.2998747527599334,6.095473289489746,Medium,Europe
Portugal,2020,10.373845100402832,0.8749903440475464,71.125,0.9131307601928712,-0.2442260384559631,0.8671571612358093,0.6137492060661316,0.3828126788139343,5.767792224884033,Medium,Europe
Portugal,2021,10.424690246582031,0.8949416875839233,71.25,0.8921211361885071,-0.2113703489303589,0.8722293376922607,0.6287481188774109,0.2840068340301513,6.183014392852783,Medium,Europe
Portugal,2022,10.484204292297363,0.8623441457748413,71.375,0.9032180905342102,-0.1387631893157959,0.892955482006073,0.6384845972061157,0.3162038028240204,5.952542781829834,Medium,Europe
Portugal,2023,10.504261016845703,0.8948500156402588,71.5,0.8465991616249084,-0.1755226999521255,0.8891578912734985,0.6614094376564026,0.3088172376155853,5.954010963439941,Medium,Europe
Republic of Serbia,2010,9.582661628723145,0.7255633473396301,65.69999694824219,0.4626472592353821,-0.1761550158262252,0.9654724597930908,0.4457100629806518,0.4154092073440552,4.461304187774658,Low,Europe
Republic of Serbia,2011,9.61071491241455,0.7732106447219849,65.83999633789062,0.4404582977294922,-0.1908047050237655,0.9769173860549928,0.458074152469635,0.410254955291748,4.815186500549316,Low,Europe
Republic of Serbia,2012,9.608728408813477,0.819430410861969,65.9800033569336,0.4605746865272522,-0.1363600641489029,0.951667845249176,0.4471284449100494,0.3712364435195923,5.154521942138672,Medium,Europe
Republic of Serbia,2013,9.64211082458496,0.828068733215332,66.12000274658203,0.5328397154808044,-0.1058454811573028,0.9081220030784608,0.504834771156311,0.4034529626369476,5.101840496063232,Medium,Europe
Republic of Serbia,2014,9.630783081054688,0.7827087044715881,66.26000213623047,0.5315972566604614,0.0659795105457305,0.9117324352264404,0.4731592535972595,0.3261178135871887,5.112728595733643,Medium,Europe
Republic of Serbia,2015,9.653630256652832,0.8162510395050049,66.4000015258789,0.5458920001983643,-0.0680836737155914,0.859358012676239,0.4722406268119812,0.3025440275669098,5.317685127258301,Medium,Europe
Republic of Serbia,2016,9.691707611083984,0.8948949575424194,66.5250015258789,0.6143708229064941,-0.0738798007369041,0.889765202999115,0.4922679662704468,0.298126608133316,5.75275468826294,Medium,Europe
Republic of Serbia,2017,9.717823028564451,0.8837704062461853,66.6500015258789,0.6848463416099548,-0.0835282951593399,0.8514578342437744,0.4846430122852325,0.3264070749282837,5.122031211853027,Medium,Europe
Republic of Serbia,2018,9.767256736755373,0.8529453277587891,66.7750015258789,0.7398918271064758,-0.1056764423847198,0.8637235760688782,0.5270791053771973,0.2962958514690399,5.936493396759033,Medium,Europe
Republic of Serbia,2019,9.815028190612791,0.9032942652702332,66.9000015258789,0.7525045871734619,-0.0461768396198749,0.8131418228149414,0.4742957949638366,0.2421302199363708,6.24140739440918,Medium,Europe
Republic of Serbia,2020,9.812616348266602,0.8521018624305725,67.0250015258789,0.8434798717498779,0.1419156044721603,0.8244724869728088,0.5791388154029846,0.3575802743434906,6.04154634475708,Medium,Europe
Republic of Serbia,2021,9.894838333129885,0.8901060819625854,67.1500015258789,0.8503679037094116,0.2613866627216339,0.806221604347229,0.5676325559616089,0.3111309707164764,6.245267391204834,Medium,Europe
Republic of Serbia,2022,9.928025245666504,0.8958328366279602,67.2750015258789,0.7816087007522583,0.0738915801048278,0.8011184930801392,0.5137187242507935,0.2745672762393951,6.545587539672852,High,Europe
Republic of Serbia,2023,9.961326599121094,0.8949272036552429,67.4000015258789,0.8065032362937927,0.0848912745714187,0.7816974520683289,0.5262706875801086,0.2059062719345092,6.441013813018799,Medium,Europe
Republic of the Congo,2010,8.502156257629395,0.6371175050735474,53.380001068115234,0.7448071837425232,-0.1374624520540237,0.8327137231826782,0.6013027429580688,0.2878760397434234,4.509824275970459,Low,Africa
Republic of the Congo,2011,8.502156257629395,0.6371175050735474,53.380001068115234,0.7448071837425232,-0.1374624520540237,0.8327137231826782,0.6013027429580688,0.2878760397434234,4.509824275970459,Low,Africa
Republic of the Congo,2012,8.569225311279297,0.622330367565155,53.7599983215332,0.7725107669830322,-0.1439512372016906,0.7996537089347839,0.5465097427368164,0.3225829601287842,3.919341802597046,Low,Africa
Republic of the Congo,2013,8.538008689880371,0.6799346804618835,54.13999938964844,0.7258156538009644,-0.1072525382041931,0.7517237067222595,0.5989459156990051,0.2914015650749206,3.9549505710601807,Low,Africa
Republic of the Congo,2014,8.579113006591797,0.6859346628189087,54.52000045776367,0.6616381406784058,-0.1398473232984542,0.8084127306938171,0.5577214360237122,0.4002294242382049,4.056012630462647,Low,Africa
Republic of the Congo,2015,8.519078254699707,0.6421361565589905,54.900001525878906,0.8501724600791931,-0.1289484649896621,0.8413594961166382,0.5552275776863098,0.2606705129146576,4.690830230712891,Low,Africa
Republic of the Congo,2016,8.381088256835938,0.6154490113258362,55.22499847412109,0.7859065532684326,-0.0907012298703193,0.7903857231140137,0.5860202312469482,0.3036667108535766,4.11949348449707,Low,Africa
Republic of the Congo,2017,8.312362670898438,0.6554405093193054,55.54999923706055,0.7777834534645081,-0.1476981490850448,0.7627831101417542,0.5735066533088684,0.3816405534744262,4.883991241455078,Low,Africa
Republic of the Congo,2018,8.239173889160156,0.6206229329109192,55.875,0.6987000703811646,-0.1048982292413711,0.7380201816558838,0.5714072585105896,0.4476461708545685,5.490214347839356,Medium,Africa
Republic of the Congo,2019,8.214752197265625,0.624768078327179,56.20000076293945,0.6864519715309143,-0.0594192631542682,0.740589439868927,0.5944823026657104,0.405040830373764,5.21262264251709,Medium,Africa
Republic of the Congo,2020,8.127007484436035,0.5965151190757751,56.525001525878906,0.7607275247573853,-0.0242626536637544,0.7277960181236267,0.5720909237861633,0.4346755743026733,5.079139232635498,Medium,Africa
Republic of the Congo,2021,8.081596374511719,0.567651093006134,56.84999847412109,0.7376614809036255,-0.0226239785552024,0.7327299118041992,0.5675566792488098,0.4204559326171875,4.920531272888184,Low,Africa
Republic of the Congo,2022,8.074151992797852,0.6463450789451599,57.17499923706055,0.6976944804191589,0.0246330872178077,0.7597540616989136,0.5826190114021301,0.4768836200237274,5.8049187660217285,Medium,Africa
Republic of the Congo,2023,8.086013793945312,0.5607277154922485,57.5,0.702421247959137,-0.0507322140038013,0.7450444102287292,0.5850922465324402,0.4091673195362091,4.953729629516602,Low,Africa
Romania,2010,9.924052238464355,0.6890656352043152,65.4000015258789,0.5655367374420166,-0.0911078155040741,0.9736863374710084,0.5394180417060852,0.3444782197475433,4.909165859222412,Low,Europe
Romania,2011,9.973151206970217,0.7526068091392517,65.58000183105469,0.6504021883010864,-0.1479375213384628,0.964042603969574,0.5005307793617249,0.2944615483283996,5.022757530212402,Medium,Europe
Romania,2012,9.99666976928711,0.7400431036949158,65.76000213623047,0.6445361375808716,-0.1195687651634216,0.9594861268997192,0.519568145275116,0.3426146209239959,5.166874885559082,Medium,Europe
Romania,2013,10.00307846069336,0.77755206823349,65.94000244140625,0.6545421481132507,-0.1349905729293823,0.951843559741974,0.540932297706604,0.3286194801330566,5.081584453582764,Medium,Europe
Romania,2014,10.047204971313477,0.752941370010376,66.12000274658203,0.7542355060577393,-0.1067198365926742,0.9583247303962708,0.564956545829773,0.3306877315044403,5.726893424987793,Medium,Europe
Romania,2015,10.08302116394043,0.7869673371315002,66.30000305175781,0.7958477139472961,-0.1470556408166885,0.9616509675979614,0.6270884871482849,0.3115741610527038,5.777491092681885,Medium,Europe
Romania,2016,10.11693286895752,0.8092291951179504,66.42500305175781,0.8217206001281738,-0.1197595447301864,0.9490445256233216,0.6074397563934326,0.2577635049819946,5.968870639801025,Medium,Europe
Romania,2017,10.201491355895996,0.8112401366233826,66.55000305175781,0.838586688041687,-0.1650021076202392,0.9256580471992492,0.6321106553077698,0.2308361977338791,6.08990478515625,Medium,Europe
Romania,2018,10.265909194946287,0.8179304599761963,66.67500305175781,0.8451595902442932,-0.223677396774292,0.921170175075531,0.6488659977912903,0.2984539270401001,6.15087890625,Medium,Europe
Romania,2019,10.308985710144045,0.841905951499939,66.80000305175781,0.8475431799888611,-0.2275413274765014,0.9541307091712952,0.6049404740333557,0.2436592280864715,6.129942417144775,Medium,Europe
Romania,2020,10.277024269104004,0.8690088391304016,66.92500305175781,0.8633052706718445,-0.1609233319759369,0.91769140958786,0.6677868962287903,0.2557063698768616,6.785142421722412,High,Europe
Romania,2021,10.34091567993164,0.8345091342926025,67.05000305175781,0.8709579706192017,-0.1867163032293319,0.9282801151275636,0.6739823222160339,0.2643974125385284,6.548725605010986,High,Europe
Romania,2022,10.396297454833984,0.8303367495536804,67.17500305175781,0.8363665342330933,-0.1733617335557937,0.9414879083633424,0.6150975823402405,0.2584118545055389,6.436973571777344,Medium,Europe
Romania,2023,10.430639266967772,0.825630784034729,67.30000305175781,0.8485971689224243,-0.2020250856876373,0.9046993851661682,0.6279113292694092,0.2709790170192718,6.488589763641357,Medium,Europe
Russia,2010,10.084192276000977,0.9088141918182372,60.5,0.6131590008735657,-0.3019786179065704,0.9365719556808472,0.5673812627792358,0.1714209616184234,5.384773254394531,Medium,Europe
Russia,2011,10.125514030456545,0.8834168910980225,60.93999862670898,0.625847578048706,-0.2844557166099548,0.9351304173469543,0.5642648339271545,0.1652349531650543,5.388766288757324,Medium,Europe
Russia,2012,10.16328239440918,0.9012951254844666,61.380001068115234,0.6091041564941406,-0.2982528805732727,0.9375179409980774,0.5625643730163574,0.1736044883728027,5.6207356452941895,Medium,Europe
Russia,2013,10.178555488586426,0.880856990814209,61.81999969482422,0.6611855626106262,-0.2949712574481964,0.9338045120239258,0.5922965407371521,0.1799237579107284,5.537177562713623,Medium,Europe
Russia,2014,10.168047904968262,0.9317554235458374,62.2599983215332,0.7443320751190186,-0.2701976597309112,0.8692672848701477,0.6166343688964844,0.1513469219207763,6.03697681427002,Medium,Europe
Russia,2015,10.145966529846191,0.9243632555007936,62.70000076293945,0.6854547262191772,-0.1766919791698455,0.9134182929992676,0.6093460321426392,0.1300059258937835,5.995538711547852,Medium,Europe
Russia,2016,10.146069526672363,0.9109273552894592,63.07500076293945,0.7136062979698181,-0.1868786960840225,0.9254627227783204,0.5867408514022827,0.1424972265958786,5.854945659637451,Medium,Europe
Russia,2017,10.163019180297852,0.8961513042449951,63.45000076293945,0.730874240398407,-0.1505979895591735,0.8615902066230774,0.6505638957023621,0.1945605278015136,5.578742980957031,Medium,Europe
Russia,2018,10.19078540802002,0.9087260961532592,63.82500076293945,0.7292822003364563,-0.1529754996299743,0.8653115630149841,0.6150113940238953,0.1987963020801544,5.513500213623047,Medium,Europe
Russia,2019,10.212976455688477,0.9100988507270812,64.19999694824219,0.7147660851478577,-0.1219959631562233,0.847705066204071,0.6320241689682007,0.2004215568304062,5.440523624420166,Medium,Europe
Russia,2020,10.18816089630127,0.8870201706886292,64.57499694824219,0.7144664525985718,-0.0783255100250244,0.8230475187301636,0.6209917068481445,0.1895215362310409,5.495288848876953,Medium,Europe
Russia,2021,10.246858596801758,0.8617165684700012,64.94999694824219,0.6708101630210876,0.0531930141150951,0.8078392744064331,0.5900864005088806,0.190072700381279,5.448261260986328,Medium,Europe
Russia,2022,10.224997520446776,0.919851005077362,65.32499694824219,0.776063859462738,-0.0740857571363449,0.7665226459503174,0.6136717200279236,0.2112041711807251,6.04407262802124,Medium,Europe
Russia,2023,10.208745956420898,0.8537548780441284,65.69999694824219,0.7499661445617676,0.0555553510785102,0.7334346771240234,0.6161447167396545,0.1904026120901107,5.86481237411499,Medium,Europe
Rwanda,2010,7.34277868270874,0.569859504699707,56.5,0.8290361762046814,-0.0417663566768169,0.161474660038948,0.607516348361969,0.1542419344186782,4.09743595123291,Low,Africa
Rwanda,2011,7.34277868270874,0.569859504699707,56.5,0.8290361762046814,-0.0417663566768169,0.161474660038948,0.607516348361969,0.1542419344186782,4.09743595123291,Low,Africa
Rwanda,2012,7.401063919067383,0.6371472477912903,57.09999847412109,0.8354913592338562,-0.0149305379018187,0.0813248977065086,0.6239181756973267,0.1323981434106826,3.333047866821289,Low,Africa
Rwanda,2013,7.423389434814453,0.7496329545974731,57.70000076293945,0.9042722582817078,-0.0308811459690332,0.1171654090285301,0.7276398539543152,0.1673484593629837,3.4663877487182617,Low,Africa
Rwanda,2014,7.459458827972412,0.7483041882514954,58.29999923706055,0.8940252661705017,-0.0259905345737934,0.0780001804232597,0.7477694153785706,0.1336097419261932,3.595678329467773,Low,Africa
Rwanda,2015,7.520462512969971,0.6781435608863831,58.900001525878906,0.9078923463821412,0.0216338112950325,0.0946044698357582,0.6915298700332642,0.2064027637243271,3.4831089973449707,Low,Africa
Rwanda,2016,7.554025650024414,0.6651309132575989,59.22499847412109,0.9107363820075988,0.0216459799557924,0.1586013883352279,0.7146003246307373,0.2853842377662658,3.3329899311065674,Low,Africa
Rwanda,2017,7.5678486824035645,0.5165500044822693,59.54999923706055,0.9081148505210876,0.0478034019470214,0.2137572169303894,0.7240396738052368,0.3583096265792846,3.1083738803863525,Low,Africa
Rwanda,2018,7.625445365905762,0.616172730922699,59.875,0.9242316484451294,0.0532585382461547,0.1638099551200866,0.7651320099830627,0.3081991672515869,3.561046600341797,Low,Africa
Rwanda,2019,7.691963195800781,0.4894582331180572,60.20000076293945,0.868999183177948,0.0601199902594089,0.1679708957672119,0.7167310118675232,0.4176676869392395,3.268152236938477,Low,Africa
Rwanda,2020,7.691963195800781,0.4894582331180572,60.20000076293945,0.868999183177948,0.0601199902594089,0.1679708957672119,0.7167310118675232,0.4176676869392395,3.268152236938477,Low,Africa
Rwanda,2021,7.691963195800781,0.4894582331180572,60.20000076293945,0.868999183177948,0.0601199902594089,0.1679708957672119,0.7167310118675232,0.4176676869392395,3.268152236938477,Low,Africa
Rwanda,2022,7.691963195800781,0.4894582331180572,60.20000076293945,0.868999183177948,0.0601199902594089,0.1679708957672119,0.7167310118675232,0.4176676869392395,3.268152236938477,Low,Africa
Rwanda,2023,7.691963195800781,0.4894582331180572,60.20000076293945,0.868999183177948,0.0601199902594089,0.1679708957672119,0.7167310118675232,0.4176676869392395,3.268152236938477,Low,Africa
Saudi Arabia,2010,10.626959800720217,0.8795983195304871,62.20000076293945,0.6777772307395935,-0.033932439982891,0.7984966337680817,0.6453192234039307,0.2972089350223541,6.307098388671875,Medium,Asia
Saudi Arabia,2011,10.70644760131836,0.8296336531639099,62.400001525878906,0.603455662727356,-0.1442522555589676,0.7984966337680817,0.6989942193031311,0.2401397228240966,6.699789524078369,High,Asia
Saudi Arabia,2012,10.73730182647705,0.8671009540557861,62.59999847412109,0.5604553818702698,-0.1225293278694152,0.7984966337680817,0.6916764378547668,0.2248409837484359,6.396359443664551,Medium,Asia
Saudi Arabia,2013,10.744189262390137,0.8266953229904175,62.79999923706055,0.661042332649231,-0.0848622024059295,0.7984966337680817,0.6911656260490417,0.2755500674247741,6.495132923126221,Medium,Asia
Saudi Arabia,2014,10.763455390930176,0.8184198141098022,63.0,0.7622516751289368,-0.0771780759096145,0.7984966337680817,0.6633313894271851,0.3129494786262512,6.278378009796143,Medium,Asia
Saudi Arabia,2015,10.790043830871582,0.8197497129440308,63.20000076293945,0.8202072381973267,-0.050285130739212,0.7984966337680817,0.6676526069641113,0.3271393775939941,6.345491886138916,Medium,Asia
Saudi Arabia,2016,10.793254852294922,0.8899323344230652,63.400001525878906,0.7742677330970764,-0.138459175825119,0.7984966337680817,0.7249462604522705,0.2662926614284515,6.473921298980713,Medium,Asia
Saudi Arabia,2017,10.769576072692873,0.8400862812995911,63.59999847412109,0.8141421675682068,-0.1375489830970764,0.7984966337680817,0.702724814414978,0.3058418929576874,6.29428243637085,Medium,Asia
Saudi Arabia,2018,10.772982597351074,0.8678483963012695,63.79999923706055,0.8549215197563171,-0.1984841972589492,0.7984966337680817,0.6955329775810242,0.2883799076080322,6.356393337249756,Medium,Asia
Saudi Arabia,2019,10.758424758911133,0.9117184281349182,64.0,0.8910865783691406,-0.1529764831066131,0.7984966337680817,0.6735582947731018,0.2377373278141021,6.5612473487854,High,Asia
Saudi Arabia,2020,10.709314346313477,0.8902559280395508,64.19999694824219,0.8842201232910156,-0.1171723529696464,0.7984966337680817,0.7018787860870361,0.2511990666389465,6.559588432312012,High,Asia
Saudi Arabia,2021,10.749079704284668,0.8593611121177673,64.4000015258789,0.9024730324745178,-0.107756458222866,0.7984966337680817,0.7284732460975647,0.2283702790737152,6.445294380187988,Medium,Asia
Saudi Arabia,2022,10.820237159729004,0.9001045227050781,64.5999984741211,0.7711215615272522,-0.0318562090396881,0.7984966337680817,0.677459180355072,0.2049558609724044,6.38161039352417,Medium,Asia
Saudi Arabia,2023,10.829442977905272,0.8844454884529114,64.80000305175781,0.7711215615272522,0.0275029204785823,0.7984966337680817,0.736897885799408,0.2398626655340194,6.953373908996582,High,Asia
Senegal,2010,7.948086261749268,0.7602940797805786,56.70000076293945,0.7772626280784607,-0.0846764743328094,0.8505348563194275,0.6699477434158325,0.1427377015352249,4.372156143188477,Low,Africa
Senegal,2011,7.934118270874023,0.6024093627929688,57.0,0.6408903002738953,-0.1678023934364318,0.8698939681053162,0.6964411735534668,0.1800269931554794,3.8342015743255615,Low,Africa
Senegal,2012,7.946098327636719,0.7110773921012878,57.29999923706055,0.6682522892951965,-0.0422184392809867,0.851879894733429,0.7216066122055054,0.2136028409004211,3.668736934661865,Low,Africa
Senegal,2013,7.942817687988281,0.8229578733444214,57.59999847412109,0.6355395317077637,-0.0582745261490345,0.8366122245788574,0.6942293047904968,0.1650785207748413,3.647367000579834,Low,Africa
Senegal,2014,7.976007461547852,0.855522096157074,57.900001525878906,0.6923531889915466,-0.0515090897679328,0.6996600031852722,0.6963720917701721,0.1572265774011612,4.394777297973633,Low,Africa
Senegal,2015,8.010486602783203,0.7015345096588135,58.20000076293945,0.7195332646369934,-0.1173924356698989,0.7654901742935181,0.7098795771598816,0.2076676338911056,4.617000579833984,Low,Africa
Senegal,2016,8.044955253601074,0.8389943838119507,58.5,0.7437296509742737,-0.0919557064771652,0.794353723526001,0.781317412853241,0.2448517680168151,4.594533920288086,Low,Africa
Senegal,2017,8.089234352111816,0.7437593340873718,58.79999923706055,0.6869370341300964,-0.0499601475894451,0.8252418637275696,0.7514743804931641,0.2908360660076141,4.683024883270264,Low,Africa
Senegal,2018,8.122329711914062,0.7393547892570496,59.09999847412109,0.6292234659194946,-0.0800093859434127,0.8047794699668884,0.7241799235343933,0.2470747232437133,4.7693772315979,Low,Africa
Senegal,2019,8.140456199645996,0.6876140832901001,59.400001525878906,0.7588417530059814,-0.0247815959155559,0.7956734299659729,0.7681906223297119,0.3319258391857147,5.488736629486084,Medium,Africa
Senegal,2020,8.126944541931152,0.6206706762313843,59.70000076293945,0.7971903085708618,-0.0520630963146686,0.8550925254821777,0.8159108757972717,0.2683330476284027,4.756773471832275,Low,Africa
Senegal,2021,8.163837432861328,0.645179271697998,60.0,0.7585251331329346,0.0264336410909891,0.821348249912262,0.8124116063117981,0.2649757862091064,4.902830600738525,Low,Africa
Senegal,2022,8.178814888000488,0.6091886758804321,60.29999923706055,0.7584719657897949,0.0488227158784866,0.8542311787605286,0.8127122521400452,0.2867989242076874,4.906819820404053,Low,Africa
Senegal,2023,8.199542999267578,0.6684878468513489,60.59999847412109,0.7976100444793701,0.0480201132595539,0.8359814286231995,0.8248271942138672,0.2583414614200592,5.0927252769470215,Medium,Africa
Sierra Leone,2010,7.245166778564453,0.8118729591369629,47.79999923706055,0.7262688279151917,0.0076213870197534,0.9104406237602234,0.4973244369029999,0.290469229221344,4.133955955505371,Low,Africa
Sierra Leone,2011,7.276599884033203,0.7815809845924377,48.18000030517578,0.7697381377220154,0.0006799055845476,0.854646623134613,0.4947348535060882,0.2995275855064392,4.501643657684326,Low,Africa
Sierra Leone,2012,7.417027235031128,0.7450039088726044,48.55999946594238,0.7446244060993195,-0.03721323094214315,0.8552546501159668,0.517600491642952,0.36118052899837494,4.507967472076416,Low,Africa
Sierra Leone,2013,7.557454586029053,0.708426833152771,48.93999862670898,0.7195106744766235,-0.0751063674688339,0.8558626770973206,0.5404661297798157,0.4228334724903106,4.514291286468506,Low,Africa
Sierra Leone,2014,7.577106952667236,0.8685564994812012,49.31999969482422,0.6814976334571838,0.0300648119300603,0.7861320972442627,0.6217710375785828,0.3342134952545166,4.499970436096191,Low,Africa
Sierra Leone,2015,7.323719024658203,0.6105937361717224,49.70000076293945,0.6242961287498474,0.047139786183834,0.824828028678894,0.6256771087646484,0.4144264459609985,4.908617973327637,Low,Africa
Sierra Leone,2016,7.361058712005615,0.6567234992980957,50.5,0.6812021136283875,0.1027408614754676,0.8632648587226868,0.6158848404884338,0.4561806917190552,4.732953071594238,Low,Africa
Sierra Leone,2017,7.373697757720947,0.6522871255874634,51.29999923706055,0.7106135487556458,0.0763245597481727,0.8483983278274536,0.6068944931030273,0.4950400292873382,4.08956241607666,Low,Africa
Sierra Leone,2018,7.384190082550049,0.6496383547782898,52.09999847412109,0.7164844870567322,0.0925846323370933,0.8557332158088684,0.5334175229072571,0.4662666618824005,4.305683135986328,Low,Africa
Sierra Leone,2019,7.412065505981445,0.6107797622680664,52.900001525878906,0.7177695631980896,0.071692556142807,0.8738614320755005,0.5211506485939026,0.4381344616413116,3.447381496429444,Low,Africa
Sierra Leone,2020,7.399534463882446,0.6100569367408752,53.70000076293945,0.6884545385837555,0.08871324360370636,0.8626749217510223,0.5295664370059967,0.44327507913112635,3.5808379650115967,Low,Africa
Sierra Leone,2021,7.387003421783447,0.6093341112136841,54.5,0.6591395139694214,0.1057339310646057,0.8514884114265442,0.5379822254180908,0.4484156966209411,3.71429443359375,Low,Africa
Sierra Leone,2022,7.399671077728271,0.5021677017211914,55.29999923706055,0.6595963835716248,0.0970707088708877,0.8618373870849609,0.4937005341053009,0.5046066045761108,2.560429573059082,Low,Africa
Sierra Leone,2023,7.411620616912842,0.6014139652252197,56.09999847412109,0.693507194519043,0.1014282703399658,0.8663052916526794,0.5044357776641846,0.4299894571304321,3.4665777683258057,Low,Africa
Singapore,2010,11.26692008972168,0.8641621470451355,72.30000305175781,0.8461846113204956,-0.0242273434996604,0.0602820664644241,0.5273370146751404,0.1313434392213821,6.531401634216309,High,Asia
Singapore,2011,11.30636501312256,0.9044739007949828,72.4800033569336,0.8218163251876831,-0.1548270285129547,0.0989244505763053,0.4036992490291595,0.1436289250850677,6.561041831970215,High,Asia
Singapore,2012,11.33122730255127,0.8561922311782837,72.65999984741211,0.824459433555603,-0.023007813841104507,0.17066125199198717,0.5332761853933334,0.14565823972225184,6.54712438583374,High,Asia
Singapore,2013,11.35608959197998,0.8079105615615845,72.83999633789062,0.827102541923523,0.1088114008307457,0.242398053407669,0.6628531217575073,0.147687554359436,6.533206939697266,High,Asia
Singapore,2014,11.381706237792969,0.8220330476760864,73.0199966430664,0.8348876237869263,0.14793661236763,0.1326031535863876,0.7742401957511902,0.1802327632904052,7.06236457824707,High,Asia
Singapore,2015,11.399175643920898,0.8664366602897644,73.19999694824219,0.8868908882141113,0.1435292661190033,0.0989438816905021,0.7361935377120972,0.1415851712226867,6.619524955749512,High,Asia
Singapore,2016,11.421584129333496,0.9251282215118408,73.30000305175781,0.9037356376647948,0.1365124881267547,0.0473111532628536,0.7453868985176086,0.110942468047142,6.033480644226074,Medium,Asia
Singapore,2017,11.465143203735352,0.8973498940467834,73.4000015258789,0.9261278510093688,0.1290309876203537,0.1617906838655471,0.7498744130134583,0.1793245524168014,6.3784379959106445,Medium,Asia
Singapore,2018,11.495575904846191,0.9028406739234924,73.5,0.9160782098770142,-0.0725104659795761,0.0965629294514656,0.7310570478439331,0.1068707779049873,6.374564170837402,Medium,Asia
Singapore,2019,11.497358322143556,0.9249183535575868,73.5999984741211,0.9380417466163636,0.0201519876718521,0.0696196034550666,0.674223005771637,0.1380691528320312,6.378359794616699,Medium,Asia
Singapore,2020,11.5424222946167,0.9006636738777161,73.70000076293945,0.9083714187145233,0.0402099825441837,0.10727749392390244,0.6856065988540649,0.14893569052219385,6.482538461685181,Medium,Asia
Singapore,2021,11.587486267089844,0.8764089941978455,73.80000305175781,0.8787010908126831,0.0602679774165153,0.1449353843927383,0.6969901919364929,0.1598022282123565,6.586717128753662,High,Asia
Singapore,2022,11.59022045135498,0.8519465923309326,73.9000015258789,0.8732906579971313,0.0884381383657455,0.7984966337680817,0.6875272393226624,0.2089835107326507,6.333045959472656,Medium,Asia
Singapore,2023,9.50294589996338,0.9163257479667664,74.0,0.8612334132194519,-0.0216132979840039,0.1525430530309677,0.6671569347381592,0.1904855072498321,6.653942108154297,High,Asia
Slovakia,2010,10.151535034179688,0.9196400046348572,66.5,0.6357576847076416,-0.1057976856827735,0.9071360230445862,0.6029894948005676,0.2772067487239837,6.052223205566406,Medium,Europe
Slovakia,2011,10.176609992980955,0.9172934293746948,66.72000122070312,0.7271631360054016,0.0055620581842958,0.90713232755661,0.5882511734962463,0.2874095737934112,5.945048332214356,Medium,Europe
Slovakia,2012,10.188010215759276,0.9257514476776124,66.94000244140625,0.6200042963027954,-0.0321573168039321,0.9065321683883668,0.5848568081855774,0.3022608160972595,5.911059379577637,Medium,Europe
Slovakia,2013,10.193243026733398,0.9093785285949708,67.16000366210938,0.5979357957839966,-0.054989505559206,0.9145399332046508,0.6120620369911194,0.276509553194046,5.936527252197266,Medium,Europe
Slovakia,2014,10.218887329101562,0.9242426753044128,67.37999725341797,0.6347917318344116,-0.129687562584877,0.9138702154159546,0.6187864542007446,0.2667846083641052,6.138873100280762,Medium,Europe
Slovakia,2015,10.268317222595217,0.9434536695480348,67.5999984741211,0.587157666683197,-0.1321512311697006,0.927545130252838,0.6321669220924377,0.2692464292049408,6.162004470825195,Medium,Europe
Slovakia,2016,10.28628158569336,0.9451791048049928,67.82499694824219,0.7000985145568848,-0.0648108124732971,0.9166091680526732,0.6882962584495544,0.2320915758609771,5.993163108825684,Medium,Europe
Slovakia,2017,10.313687324523926,0.9133866429328918,68.05000305175781,0.7142246961593628,-0.0586204603314399,0.9204226732254028,0.7093856334686279,0.2127224802970886,6.365509033203125,Medium,Europe
Slovakia,2018,10.351815223693848,0.9223787188529968,68.2750015258789,0.7576340436935425,-0.1716141253709793,0.9099446535110474,0.6697362661361694,0.2531900405883789,6.235110759735107,Medium,Europe
Slovakia,2019,10.375248908996582,0.9330883026123048,68.5,0.7711215615272522,-0.1333150416612625,0.9258466958999634,0.6761534214019775,0.2518063187599182,6.243428707122803,Medium,Europe
Slovakia,2020,10.340459823608398,0.95415997505188,68.7249984741211,0.7618966102600098,-0.0814217776060104,0.9005336761474609,0.6945299506187439,0.27444788813591,6.519098281860352,High,Europe
Slovakia,2021,10.390069961547852,0.9511638879776,68.94999694824219,0.7415332198143005,0.0424946136772632,0.895546555519104,0.6915675401687622,0.2411313205957412,6.418503761291504,Medium,Europe
Slovakia,2022,10.409468650817873,0.9614089131355286,69.17500305175781,0.7324801087379456,-0.1291102916002273,0.8412825465202332,0.6649861931800842,0.2627313137054443,6.0910820960998535,Medium,Europe
Slovakia,2023,10.424976348876951,0.9412627816200256,69.4000015258789,0.7531772255897522,-0.1357291340827942,0.8252387046813965,0.6467652916908264,0.2350347638130188,6.26052188873291,Medium,Europe
Slovenia,2010,10.414831161499023,0.9172033667564392,69.19999694824219,0.89552241563797,0.0236332453787326,0.8447906970977783,0.5918955206871033,0.2953661382198334,6.082555294036865,Medium,Europe
Slovenia,2011,10.421330451965332,0.9311660528182985,69.36000061035156,0.9074409008026124,-0.0307231005281209,0.893133819103241,0.5874085426330566,0.2853209376335144,6.035964012145996,Medium,Europe
Slovenia,2012,10.392480850219728,0.9247537851333618,69.5199966430664,0.9043862819671632,-0.0252706743776798,0.8907541036605835,0.5984772443771362,0.2839898467063904,6.062891006469727,Medium,Europe
Slovenia,2013,10.380778312683104,0.9321197271347046,69.68000030517578,0.8900598287582397,0.0301031824201345,0.9178395867347716,0.6245654225349426,0.2742692828178406,5.974888801574707,Medium,Europe
Slovenia,2014,10.407099723815918,0.9083475470542908,69.83999633789062,0.8877477049827576,0.0467338003218174,0.9091182947158812,0.5935014486312866,0.2908124029636383,5.6783952713012695,Medium,Europe
Slovenia,2015,10.428208351135254,0.9011637568473816,70.0,0.8960072994232178,0.0022042957134544,0.8921979069709778,0.6444973945617676,0.261418730020523,5.740642070770264,Medium,Europe
Slovenia,2016,10.458895683288574,0.9344873428344728,70.17500305175781,0.9035511016845704,-0.0603928677737712,0.8384743928909302,0.5971724390983582,0.2716241776943207,5.936821460723877,Medium,Europe
Slovenia,2017,10.505274772644045,0.9281878471374512,70.3499984741211,0.9208626747131348,-0.0306865535676479,0.8287947177886963,0.5823107957839966,0.2856014370918274,6.166837692260742,Medium,Europe
Slovenia,2018,10.545228958129885,0.9409711956977844,70.5250015258789,0.9420458674430848,-0.1248338222503662,0.8392525315284729,0.6011959910392761,0.2754848599433899,6.249419212341309,Medium,Europe
Slovenia,2019,10.57219409942627,0.9494022727012634,70.69999694824219,0.9454305171966552,-0.1083071380853653,0.7854418158531189,0.6216586232185364,0.2278384566307068,6.665273666381836,High,Europe
Slovenia,2020,10.521321296691896,0.9534375071525574,70.875,0.9584425687789916,-0.0904234796762466,0.7965574860572815,0.5749271512031555,0.3138525187969208,6.462076187133789,Medium,Europe
Slovenia,2021,10.597546577453612,0.9552525877952576,71.05000305175781,0.8510867357254028,0.0255442522466182,0.7541981935501099,0.6428232789039612,0.2610425055027008,6.761220932006836,High,Europe
Slovenia,2022,10.649587631225586,0.9417567253112792,71.2249984741211,0.9303818345069884,0.0992678105831146,0.7622082233428955,0.6246668100357056,0.2415709644556045,6.723397731781006,High,Europe
Slovenia,2023,10.664344787597656,0.91065514087677,71.4000015258789,0.9314993619918824,0.0310815759003162,0.7500281929969788,0.6145375967025757,0.2564457654953003,6.7457685470581055,High,Europe
South Africa,2010,9.508172988891602,0.9170560240745544,49.59999847412109,0.7389059662818909,-0.2134885340929031,0.7906289100646973,0.6982258558273315,0.1237533763051033,4.65242862701416,Low,Africa
South Africa,2011,9.526732444763184,0.8577031493186951,50.5,0.8354480266571045,-0.1656161695718765,0.8191819190979004,0.7200483679771423,0.2302135229110717,4.930511474609375,Low,Africa
South Africa,2012,9.537120819091797,0.9065951108932496,51.400001525878906,0.5901449918746948,-0.1745912730693817,0.8382167816162109,0.7107580900192261,0.1781832426786422,5.133887767791748,Medium,Africa
South Africa,2013,9.548055648803713,0.8394244909286499,52.29999923706055,0.7141690254211426,-0.0887124761939048,0.799543023109436,0.7401638627052307,0.1665490865707397,3.660727262496948,Low,Africa
South Africa,2014,9.546331405639648,0.8811522126197815,53.20000076293945,0.7940309643745422,-0.1284659206867218,0.8202580213546753,0.7296847105026245,0.2433581501245498,4.828456401824951,Low,Africa
South Africa,2015,9.538723945617676,0.8980962634086609,54.09999847412109,0.8624494075775146,-0.1383074671030044,0.8526947498321533,0.7165419459342957,0.1607876569032669,4.887325763702393,Low,Africa
South Africa,2016,9.535627365112305,0.8753897547721863,54.625,0.7741364240646362,-0.0819980576634407,0.8128589987754822,0.7428905367851257,0.3013277649879455,4.769739627838135,Low,Africa
South Africa,2017,9.543267250061035,0.870313286781311,55.150001525878906,0.7874279022216797,-0.1409662663936615,0.86478191614151,0.7087034583091736,0.2681752443313598,4.513655185699463,Low,Africa
South Africa,2018,9.546120643615724,0.8413439989089966,55.67499923706055,0.7527313232421875,-0.0632353201508522,0.8411926031112671,0.7359549403190613,0.2827084958553314,4.883922100067139,Low,Africa
South Africa,2019,9.536199569702148,0.8477197289466858,56.20000076293945,0.7383385300636292,-0.1470673382282257,0.8198236227035522,0.7274141311645508,0.268456220626831,5.034863471984863,Medium,Africa
South Africa,2020,9.45844268798828,0.8910503387451172,56.72499847412109,0.7569462656974792,-0.0295812543481588,0.9124072194099426,0.7605835795402527,0.294276475906372,4.946800708770752,Low,Africa
South Africa,2021,9.496415138244627,0.9222387671470642,57.25,0.7035647034645081,-0.1479175090789795,0.8915786147117615,0.7843210101127625,0.172806978225708,5.598653793334961,Medium,Africa
South Africa,2022,9.508222579956056,0.8866192102432251,57.775001525878906,0.7125131487846375,-0.0714393556118011,0.9083115458488464,0.7435177564620972,0.2392784655094146,5.581030368804932,Medium,Africa
South Africa,2023,9.502883911132812,0.8392820954322815,58.29999923706055,0.7476697564125061,-0.1092308685183525,0.8614355325698853,0.7078587412834167,0.2547310888767242,5.075719356536865,Medium,Africa
South Korea,2010,10.44565200805664,0.8155166506767273,70.9000015258789,0.6766529679298401,-0.0391003526747226,0.7516211271286011,0.6263630390167236,0.130337119102478,6.116024494171143,Medium,Asia
South Korea,2011,10.47415542602539,0.8091043829917908,71.12000274658203,0.682356059551239,-0.0543652325868606,0.8273009061813354,0.5872938632965088,0.167832612991333,6.946599006652832,High,Asia
South Korea,2012,10.492639541625977,0.7753973603248596,71.33999633789062,0.6183980703353882,-0.0216132979840039,0.8437194228172302,0.6101917624473572,0.2063646614551544,6.003286838531494,Medium,Asia
South Korea,2013,10.519244194030762,0.7966941595077515,71.55999755859375,0.6418842673301697,-0.0556947775185108,0.8318632245063782,0.5885252952575684,0.1887655109167099,5.958809852600098,Medium,Asia
South Korea,2014,10.544485092163086,0.7377541065216064,71.77999877929688,0.623193621635437,-0.0488128028810024,0.8340683579444885,0.5750686526298523,0.28280770778656,5.80132532119751,Medium,Asia
South Korea,2015,10.566916465759276,0.7683506011962891,72.0,0.6158487796783447,-0.0414774268865585,0.840721607208252,0.560941755771637,0.2443237155675888,5.780211448669434,Medium,Asia
South Korea,2016,10.59199047088623,0.8111634850502014,72.2750015258789,0.5909560322761536,0.0204649157822132,0.8618163466453552,0.5831314325332642,0.2327326834201812,5.970564365386963,Medium,Asia
South Korea,2017,10.620287895202637,0.8069299459457397,72.55000305175781,0.5381137132644653,0.0084503507241606,0.8506904244422913,0.545988142490387,0.2348256260156631,5.873887062072754,Medium,Asia
South Korea,2018,10.644612312316896,0.7977238297462463,72.82499694824219,0.6001616716384888,-0.0950105562806129,0.7968258857727051,0.5787802338600159,0.2171457260847091,5.840231418609619,Medium,Asia
South Korea,2019,10.663325309753418,0.7831608653068542,73.0999984741211,0.706032395362854,-0.0614668242633342,0.7176961302757263,0.5931780338287354,0.2359665185213089,5.9028167724609375,Medium,Asia
South Korea,2020,10.654827117919922,0.8079522848129272,73.375,0.711480438709259,-0.1123562529683113,0.6646940112113953,0.5498141050338745,0.2470596581697464,5.79269552230835,Medium,Asia
South Korea,2021,10.697208404541016,0.8107407689094543,73.6500015258789,0.7170863747596741,-0.0332092978060245,0.6851145625114441,0.5662710666656494,0.2211712598800659,6.11274528503418,Medium,Asia
South Korea,2022,10.724750518798828,0.8100351095199585,73.92500305175781,0.7234799265861511,0.0017298971069976,0.747344434261322,0.5849807858467102,0.2328554987907409,5.950013637542725,Medium,Asia
South Korea,2023,10.741768836975098,0.7994413375854492,74.19999694824219,0.7623430490493774,-0.0036658442113548,0.7135888338088989,0.6034004092216492,0.2453236579895019,6.111918926239014,Medium,Asia
Spain,2010,10.52724552154541,0.9499403834342957,71.0,0.7964955568313599,-0.1438227593898773,0.8397462964057922,0.6450886726379395,0.3218194842338562,6.188262462615967,Medium,Europe
Spain,2011,10.515514373779297,0.944443702697754,71.12000274658203,0.8186509013175964,-0.1275746673345565,0.8455434441566467,0.6669564247131348,0.3561015427112579,6.518249034881592,High,Europe
Spain,2012,10.484829902648926,0.9370233416557312,71.23999786376953,0.7545861005783081,-0.0652429834008216,0.8435930013656616,0.6443791389465332,0.3664744794368744,6.2906904220581055,Medium,Europe
Spain,2013,10.473973274230955,0.9286404848098756,71.36000061035156,0.7593564391136169,-0.1072855144739151,0.9158225655555724,0.6627190709114075,0.3718393743038177,6.150027275085449,Medium,Europe
Spain,2014,10.490824699401855,0.9478644132614136,71.4800033569336,0.7384723424911499,-0.034010887145996,0.8538879156112671,0.6826760768890381,0.3354600071907043,6.456477642059326,Medium,Europe
Spain,2015,10.529267311096191,0.956471860408783,71.5999984741211,0.732000470161438,-0.078198567032814,0.8216649293899536,0.7047021985054016,0.2846936881542206,6.3806633949279785,Medium,Europe
Spain,2016,10.558347702026367,0.9417368173599244,71.7249984741211,0.7681737542152405,-0.0539635606110096,0.8185585737228394,0.6299335956573486,0.3008293509483337,6.318612098693848,Medium,Europe
Spain,2017,10.585325241088867,0.9031581878662108,71.8499984741211,0.7555607557296753,-0.0380022190511226,0.7912687659263611,0.6011785268783569,0.3023876547813415,6.230173110961914,Medium,Europe
Spain,2018,10.603533744812012,0.910314679145813,71.9749984741211,0.7222506999969482,-0.0808747932314872,0.7765044569969177,0.635578989982605,0.3571908473968506,6.513370990753174,High,Europe
Spain,2019,10.616002082824709,0.9490134716033936,72.0999984741211,0.7779667377471924,-0.0544566474854946,0.7303376197814941,0.6361995935440063,0.315518319606781,6.457449436187744,Medium,Europe
Spain,2020,10.490920066833496,0.934934675693512,72.2249984741211,0.7832565307617188,-0.1267734616994857,0.7299774885177612,0.6711310148239136,0.3166171014308929,6.502175331115723,High,Europe
Spain,2021,10.543588638305664,0.9264167547225952,72.3499984741211,0.7817949652671814,-0.0760454759001731,0.7293469905853271,0.6390746831893921,0.3239803314208984,6.469611167907715,Medium,Europe
Spain,2022,10.592477798461914,0.9338998794555664,72.4749984741211,0.7814088463783264,-0.0010037571191787,0.6731119155883789,0.6359292268753052,0.3199615180492401,6.336902141571045,Medium,Europe
Spain,2023,10.608960151672363,0.9121345281600952,72.5999984741211,0.778683066368103,-0.0038998248055577,0.674821138381958,0.6545935869216919,0.3251374661922455,6.456033229827881,Medium,Europe
Sri Lanka,2010,9.13290309906006,0.8143672347068787,64.19999694824219,0.738208532333374,0.2520049214363098,0.769477903842926,0.7035108804702759,0.1634717732667923,3.976905107498169,Low,Asia
Sri Lanka,2011,9.206836700439451,0.8419384360313416,64.68000030517578,0.8226372599601746,0.1383030414581298,0.7603006958961487,0.7304959297180176,0.1749267280101776,4.180569171905518,Low,Asia
Sri Lanka,2012,9.282116889953612,0.824357271194458,65.16000366210938,0.8003972172737122,0.1547951847314834,0.8228790760040283,0.7611356973648071,0.1968708336353302,4.224593162536621,Low,Asia
Sri Lanka,2013,9.316396713256836,0.8091752529144287,65.63999938964844,0.8340203166007996,0.2617925107479095,0.8420135378837585,0.7758736610412598,0.2081295102834701,4.364694118499756,Low,Asia
Sri Lanka,2014,9.373141288757324,0.8047980070114136,66.12000274658203,0.8679364323616028,0.2913394272327423,0.7906268239021301,0.7848518490791321,0.1868956834077835,4.267932891845703,Low,Asia
Sri Lanka,2015,9.409771919250488,0.8625000715255737,66.5999984741211,0.9020747542381288,0.3116482198238373,0.8594709634780884,0.7894354462623596,0.2347512692213058,4.611606597900391,Low,Asia
Sri Lanka,2016,9.46175479888916,0.8426353335380554,66.70000076293945,0.8645760715007782,0.1972607299685478,0.8518404960632324,0.7590583562850952,0.25223939865827555,4.471276044845581,Low,Asia
Sri Lanka,2017,9.513737678527832,0.8227705955505371,66.80000305175781,0.8270773887634277,0.0828732401132583,0.8442100286483765,0.7286812663078308,0.2697275280952453,4.330945491790772,Low,Asia
Sri Lanka,2018,9.529016494750977,0.8328821659088135,66.9000015258789,0.8588736057281494,0.0956140533089637,0.8559076189994812,0.7733614444732666,0.3018136322498321,4.435023784637451,Low,Asia
Sri Lanka,2019,9.520689964294434,0.8149391412734985,67.0,0.8242773413658142,0.0425317473709583,0.86334228515625,0.7531707882881165,0.3145427107810974,4.21329927444458,Low,Asia
Sri Lanka,2020,9.468035697937012,0.8424999713897705,67.0999984741211,0.8034848570823669,-0.0499843247234821,0.7684542536735535,0.7581373453140259,0.285134345293045,4.778489112854004,Low,Asia
Sri Lanka,2021,9.49180030822754,0.8123739361763,67.19999694824219,0.7714300155639648,-0.0132167059928178,0.8485414981842041,0.733172595500946,0.3115836381912231,4.103446960449219,Low,Asia
Sri Lanka,2022,9.409202575683594,0.825453519821167,67.30000305175781,0.7400571703910828,0.0375008508563041,0.8998544812202454,0.7154048085212708,0.3213180303573608,3.984860181808472,Low,Asia
Sri Lanka,2023,9.364070892333984,0.790229856967926,67.4000015258789,0.7539072036743164,0.0504892766475677,0.9218783974647522,0.709381639957428,0.352604866027832,3.602454900741577,Low,Asia
Sweden,2010,10.7746000289917,0.9702426195144652,71.19999694824219,0.904699981212616,0.136419802904129,0.253086656332016,0.7881779670715332,0.2001120299100875,7.496018886566162,High,Europe
Sweden,2011,10.798501968383787,0.9205212593078612,71.23999786376953,0.9411154389381408,0.156488224864006,0.268513023853302,0.7615341544151306,0.1791519820690155,7.382232189178467,High,Europe
Sweden,2012,10.78520393371582,0.929397463798523,71.27999877929688,0.9443821907043456,0.1269543766975402,0.2535431087017059,0.7955110669136047,0.1702261269092559,7.560147762298584,High,Europe
Sweden,2013,10.788538932800291,0.9156480431556702,71.31999969482422,0.9359105229377748,0.1539112478494644,0.3244815468788147,0.7815104126930237,0.1844203025102615,7.434010505676269,High,Europe
Sweden,2014,10.804847717285156,0.9327198266983032,71.36000061035156,0.9452733993530272,0.1967401504516601,0.2503899931907654,0.7932690978050232,0.2076883167028427,7.239147663116455,High,Europe
Sweden,2015,10.838187217712402,0.9294599890708924,71.4000015258789,0.9350720643997192,0.2061920464038849,0.2319641411304474,0.7661976218223572,0.1909917742013931,7.288922309875488,High,Europe
Sweden,2016,10.84611701965332,0.9120606780052184,71.5250015258789,0.91803640127182,0.140747845172882,0.2461824417114257,0.7521624565124512,0.2006069123744964,7.368744373321533,High,Europe
Sweden,2017,10.85799789428711,0.9140167832374572,71.6500015258789,0.9345821142196656,0.1652840822935104,0.2393669188022613,0.7561716437339783,0.1750668287277221,7.286804676055908,High,Europe
Sweden,2018,10.865694046020508,0.9306795597076416,71.7750015258789,0.94172465801239,0.0716955810785293,0.2627965807914734,0.74674391746521,0.1607554256916046,7.374792098999023,High,Europe
Sweden,2019,10.875224113464355,0.9336450695991516,71.9000015258789,0.9415152072906494,0.0854249447584152,0.2500879168510437,0.7745852470397949,0.2019997090101242,7.398092746734619,High,Europe
Sweden,2020,10.84605598449707,0.9355823397636414,72.0250015258789,0.9511815905570984,0.0841714069247245,0.2034401446580886,0.7171959280967712,0.2219332903623581,7.314341068267822,High,Europe
Sweden,2021,10.892507553100586,0.9318195581436156,72.1500015258789,0.953379213809967,0.1721875071525573,0.1914730966091156,0.7628944516181946,0.1900082528591156,7.439280033111572,High,Europe
Sweden,2022,10.911781311035156,0.949338436126709,72.2750015258789,0.9394619464874268,0.2323946952819824,0.2132363468408584,0.7503734827041626,0.1632757633924484,7.431214332580566,High,Europe
Sweden,2023,10.90213680267334,0.9266175627708436,72.4000015258789,0.926378607749939,0.1466682404279709,0.2530737817287445,0.7388259768486023,0.19444540143013,7.1607770919799805,High,Europe
Switzerland,2010,11.094125747680664,0.946863889694214,71.5199966430664,0.9454280138015748,0.1314082443714141,0.3232407867908478,0.7927051186561584,0.1760070919990539,7.776208877563477,High,Europe
Switzerland,2011,11.094125747680664,0.946863889694214,71.5199966430664,0.9454280138015748,0.1314082443714141,0.3232407867908478,0.7927051186561584,0.1760070919990539,7.776208877563477,High,Europe
Switzerland,2012,11.094125747680664,0.946863889694214,71.5199966430664,0.9454280138015748,0.1314082443714141,0.3232407867908478,0.7927051186561584,0.1760070919990539,7.776208877563477,High,Europe
Switzerland,2013,11.102770805358887,0.9528301060199738,71.57999801635742,0.9474147260189056,0.0922127999365329,0.30316518247127533,0.790319174528122,0.18240062892436976,7.6345062255859375,High,Europe
Switzerland,2014,11.11141586303711,0.9587963223457336,71.63999938964844,0.9494014382362366,0.0530173555016517,0.2830895781517029,0.7879332304000854,0.1887941658496856,7.492803573608398,High,Europe
Switzerland,2015,11.116344451904297,0.9383337497711182,71.69999694824219,0.9278024435043336,0.1015988513827323,0.2095335125923156,0.7940536141395569,0.1657590717077255,7.572136878967285,High,Europe
Switzerland,2016,11.125900268554688,0.9276282787322998,71.9000015258789,0.9339470863342284,0.0808722302317619,0.3015629649162292,0.7583172917366028,0.2063167244195938,7.45851993560791,High,Europe
Switzerland,2017,11.130105018615724,0.949661374092102,72.0999984741211,0.9249969124794006,0.1725080758333206,0.316183477640152,0.7335841059684753,0.1958714872598648,7.473593235015869,High,Europe
Switzerland,2018,11.150940895080566,0.9302909970283508,72.30000305175781,0.9264145493507384,0.0936081185936927,0.3012599647045135,0.755630373954773,0.1915201544761657,7.508586883544922,High,Europe
Switzerland,2019,11.155162811279297,0.948512852191925,72.5,0.9131667017936708,0.0287198014557361,0.2937007546424866,0.7425279021263123,0.1707617789506912,7.694221019744873,High,Europe
Switzerland,2020,11.123814582824709,0.9463164806365968,72.69999694824219,0.917343258857727,-0.0727162212133407,0.2803671360015869,0.7302463054656982,0.1932289898395538,7.508435249328613,High,Europe
Switzerland,2021,11.15764045715332,0.934393048286438,72.9000015258789,0.90787535905838,0.0235143098980188,0.2866725623607635,0.7467812895774841,0.1826068460941314,7.327672481536865,High,Europe
Switzerland,2022,11.17043113708496,0.8807874321937561,73.0999984741211,0.848361074924469,0.1275789886713028,0.2346200942993164,0.7100595235824585,0.1799443662166595,6.883844375610352,High,Europe
Switzerland,2023,11.169257164001465,0.903757095336914,73.30000305175781,0.8909716606140137,0.1035542041063308,0.2467438727617263,0.7453679442405701,0.1845816373825073,6.968832969665527,High,Europe
Taiwan,2010,10.680940628051758,0.8314129114151001,69.5999984741211,0.6765872836112976,-0.0005660136812366,0.82136470079422,0.7381642460823059,0.1358673423528671,6.228530883789063,Medium,Asia
Taiwan,2011,10.693416595458984,0.8625207543373108,65.0999984741211,0.7614881992340088,0.0300891138613224,0.7545843124389648,0.727105975151062,0.11228808760643,6.308915138244629,Medium,Asia
Taiwan,2012,10.717881202697754,0.8250724077224731,65.0999984741211,0.6981951594352722,0.0155783304944634,0.8028291463851929,0.701637327671051,0.140010803937912,6.125916957855225,Medium,Asia
Taiwan,2013,10.72353172302246,0.8169928789138794,65.0999984741211,0.6900708675384521,-0.0026161312125623,0.8412318825721741,0.7544782161712646,0.1244448348879814,6.340344429016113,Medium,Asia
Taiwan,2014,10.74941062927246,0.8700118660926819,65.0999984741211,0.692899763584137,0.089406743645668,0.8657405972480774,0.7673701047897339,0.1083661392331123,6.363496780395508,Medium,Asia
Taiwan,2015,10.778759956359863,0.8853888511657715,65.0999984741211,0.7008104920387268,0.0171499066054821,0.8571948409080505,0.7503576874732971,0.1293486952781677,6.450088024139404,Medium,Asia
Taiwan,2016,10.768047332763672,0.8949892520904541,65.0999984741211,0.7189251780509949,-0.0486447289586067,0.8105210065841675,0.742680013179779,0.1083054170012474,6.512850761413574,High,Asia
Taiwan,2017,10.774065971374512,0.891119122505188,65.0999984741211,0.7596547603607178,-0.0696192234754562,0.7427800893783569,0.7153031826019287,0.1141231581568718,6.359450817108154,Medium,Asia
Taiwan,2018,10.780801773071287,0.8964587450027466,65.0999984741211,0.7410327792167664,-0.178698182106018,0.7359707355499268,0.7459191679954529,0.0926956459879875,6.467004776000977,Medium,Asia
Taiwan,2019,10.797459602355955,0.8934305906295776,65.0999984741211,0.8144844770431519,-0.1306994408369064,0.7181123495101929,0.762097179889679,0.093412384390831,6.537089824676514,High,Asia
Taiwan,2020,9.50294589996338,0.9008325338363647,65.0999984741211,0.7988347411155701,-0.0216132979840039,0.7105674147605896,0.7431688904762268,0.0827369540929794,6.751067638397217,High,Asia
Taiwan,2021,9.50294589996338,0.8662975430488586,65.0999984741211,0.818467378616333,-0.0216132979840039,0.675438642501831,0.6674166321754456,0.1229795143008232,6.246744155883789,Medium,Asia
Taiwan,2022,9.50294589996338,0.8828195333480835,65.0999984741211,0.8001916408538818,-0.0216132979840039,0.6575559377670288,0.7165868878364563,0.0953985229134559,6.607147216796875,High,Asia
Taiwan,2023,9.50294589996338,0.8715512752532959,65.0999984741211,0.794507622718811,-0.0216132979840039,0.640639066696167,0.747687041759491,0.1105352938175201,6.655351638793945,High,Asia
Tajikistan,2010,7.766415119171143,0.7591630220413208,60.900001525878906,0.7844958901405334,0.0536086335778236,0.6785277724266052,0.4826405942440033,0.191733032464981,4.380636215209961,Low,Asia
Tajikistan,2011,7.816639423370361,0.7507383823394775,61.0,0.7761799693107605,-0.1271882504224777,0.6721991896629333,0.5734552145004272,0.1656322330236435,4.26267147064209,Low,Asia
Tajikistan,2012,7.867161273956299,0.7285909056663513,61.09999847412109,0.7490345239639282,-0.0811458677053451,0.7170977592468262,0.5830215215682983,0.1981913298368454,4.49657154083252,Low,Asia
Tajikistan,2013,7.916152000427246,0.7006428241729736,61.20000076293945,0.6931197643280029,0.0549144186079502,0.7642365097999573,0.5782091021537781,0.169620931148529,4.966521263122559,Low,Asia
Tajikistan,2014,7.95795202255249,0.8098262548446655,61.29999923706055,0.852732241153717,-0.0069969501346349,0.6984307765960693,0.5868188738822937,0.1961538046598434,4.896157741546631,Low,Asia
Tajikistan,2015,7.992934703826904,0.8439325094223022,61.400001525878906,0.8465421199798584,0.0134544009342789,0.7416896224021912,0.6332980990409851,0.1956613361835479,5.124210834503174,Medium,Asia
Tajikistan,2016,8.036322593688965,0.8566569685935974,61.54999923706055,0.7030268907546997,0.0009495552512817,0.6318878531455994,0.5874475240707397,0.219799667596817,5.1037211418151855,Medium,Asia
Tajikistan,2017,8.082228660583496,0.6626933217048645,61.70000076293945,0.8320024609565735,0.1157454252243042,0.7183368802070618,0.5806174874305725,0.277725338935852,5.8292341232299805,Medium,Asia
Tajikistan,2018,8.133033752441406,0.8752434849739075,61.84999847412109,0.7711215615272522,-0.0737134590744972,0.5779459476470947,0.63173907995224,0.2197938114404678,5.497468948364258,Medium,Asia
Tajikistan,2019,8.181798934936523,0.8798229098320007,62.0,0.7711215615272522,-0.05382090061903,0.490029364824295,0.6630627512931824,0.1784971952438354,5.464015483856201,Medium,Asia
Tajikistan,2020,8.203014373779297,0.7897445559501648,62.150001525878906,0.7711215615272522,-0.0544736944139003,0.5497864484786987,0.6518939137458801,0.3441612720489502,5.373398780822754,Medium,Asia
Tajikistan,2021,8.271410942077637,0.882888913154602,62.29999923706055,0.7711215615272522,-0.0712976157665252,0.4989247322082519,0.6550133228302002,0.2401999980211258,5.2868242263793945,Medium,Asia
Tajikistan,2022,8.32779312133789,0.8651415109634399,62.45000076293945,0.7711215615272522,-0.0027092518284916,0.3968735039234161,0.7101930379867554,0.2198856323957443,5.175915241241455,Medium,Asia
Tajikistan,2023,8.371051788330078,0.8707415461540222,62.59999847412109,0.7711215615272522,-0.0543776787817478,0.4823853969573974,0.6379448175430298,0.2313464134931564,5.3794708251953125,Medium,Asia
Thailand,2010,9.559039115905762,0.8976512551307678,67.0999984741211,0.8596364259719849,0.5315203666687012,0.916693389415741,0.8214476108551025,0.1815231740474701,6.216702938079834,Medium,Asia
Thailand,2011,9.560946464538574,0.8843508362770081,67.27999877929688,0.9268818497657776,0.395811527967453,0.9231956005096436,0.8341838121414185,0.116675928235054,6.663609027862549,High,Asia
Thailand,2012,9.624428749084473,0.9060981273651124,67.45999908447266,0.8469328284263611,0.3756174445152282,0.908612072467804,0.7327033281326294,0.1375030577182769,6.300235271453857,Medium,Asia
Thailand,2013,9.64487075805664,0.9263778328895568,67.63999938964844,0.7810819745063782,0.452088713645935,0.9254300594329834,0.7818718552589417,0.1408305168151855,6.231024742126465,Medium,Asia
Thailand,2014,9.649187088012695,0.9331673979759216,67.81999969482422,0.8998463153839111,0.548465371131897,0.9198344349861144,0.7682660818099976,0.1687384396791458,6.985463619232178,High,Asia
Thailand,2015,9.675292015075684,0.8663245439529419,68.0,0.8849165439605713,0.3119364976882934,0.9136511087417604,0.8835864067077637,0.1740813553333282,6.201762676239014,Medium,Asia
Thailand,2016,9.704628944396973,0.9075436592102052,68.07499694824219,0.9241456985473632,0.3517448008060455,0.8779783844947815,0.8108561038970947,0.2178796678781509,6.073639869689941,Medium,Asia
Thailand,2017,9.74144172668457,0.8772687315940857,68.1500015258789,0.9228968024253844,0.2084763646125793,0.8838167786598206,0.7758983969688416,0.2315976172685623,5.938895225524902,Medium,Asia
Thailand,2018,9.779569625854492,0.8730524182319641,68.2249984741211,0.9048282504081726,0.2547739744186401,0.9065960049629213,0.7828506827354431,0.1981902122497558,6.011561870574951,Medium,Asia
Thailand,2019,9.797967910766602,0.9030510187149048,68.30000305175781,0.8982446193695068,0.3049118816852569,0.8770397901535034,0.7917963862419128,0.2081836014986038,6.022151470184326,Medium,Asia
Thailand,2020,9.733028411865234,0.8667026162147522,68.375,0.8404632806777954,0.2699176073074341,0.918340027332306,0.7702966928482056,0.3261685669422149,5.884544372558594,Medium,Asia
Thailand,2021,9.746085166931152,0.8828219175338745,68.44999694824219,0.8355903029441833,0.290425032377243,0.9431293606758118,0.7189294099807739,0.2977375388145447,5.638096809387207,Medium,Asia
Thailand,2022,9.770362854003906,0.8669951558113098,68.5250015258789,0.8806137442588806,0.2992846369743347,0.8679535388946533,0.7732288837432861,0.2182882577180862,6.00711727142334,Medium,Asia
Thailand,2023,9.807331085205078,0.8730815052986145,68.5999984741211,0.9258362650871276,0.3379948437213897,0.8892999291419983,0.8107097148895264,0.217497318983078,6.282364368438721,Medium,Asia
Togo,2010,7.40595006942749,0.3029550909996032,52.43999862670898,0.5840883255004883,-0.0933892875909805,0.832003653049469,0.4787817299365997,0.3953626155853271,2.93622088432312,Low,Africa
Togo,2011,7.40595006942749,0.3029550909996032,52.43999862670898,0.5840883255004883,-0.0933892875909805,0.832003653049469,0.4787817299365997,0.3953626155853271,2.93622088432312,Low,Africa
Togo,2012,7.44038184483846,0.35008306304613745,52.87999852498372,0.610456625620524,-0.09841072559356687,0.8197830319404602,0.498025894165039,0.41117947300275165,2.9038001696268716,Low,Africa
Togo,2013,7.474813620249431,0.39721103509267164,53.31999842325846,0.6368249257405599,-0.10343216359615323,0.8075624108314514,0.5172700583934784,0.42699633042017615,2.8713794549306235,Low,Africa
Togo,2014,7.5092453956604,0.4443390071392059,53.7599983215332,0.6631932258605957,-0.1084536015987396,0.7953417897224426,0.5365142226219177,0.4428131878376007,2.838958740234375,Low,Africa
Togo,2015,7.540040016174316,0.4785934090614319,54.20000076293945,0.7715772390365601,-0.0924752801656723,0.73326176404953,0.5970426797866821,0.4157807230949402,3.768301963806152,Low,Africa
Togo,2016,7.569278717041016,0.5094409584999084,54.70000076293945,0.7302867770195007,-0.0307614095509052,0.8150441646575928,0.6104782223701477,0.4828858971595764,3.878578424453736,Low,Africa
Togo,2017,7.587156772613525,0.5078052282333374,55.20000076293945,0.7166944146156311,-0.0660111308097839,0.725519597530365,0.614387571811676,0.4258242547512054,4.360805034637451,Low,Africa
Togo,2018,7.612874984741211,0.5963538885116577,55.70000076293945,0.6119662523269653,-0.0308699402958154,0.8085377216339111,0.6018683910369873,0.4464543759822845,4.022894859313965,Low,Africa
Togo,2019,7.636814594268799,0.5387021899223328,56.20000076293945,0.6174197793006897,0.0410253070294857,0.7366750240325928,0.6063945889472961,0.4438698887825012,4.1794939041137695,Low,Africa
Togo,2020,7.6518988609313965,0.5710509419441223,56.70000076293945,0.6179702281951904,0.03907014988362785,0.7512467503547668,0.6171738803386688,0.4305752366781235,4.10801887512207,Low,Africa
Togo,2021,7.666983127593994,0.6033996939659119,57.20000076293945,0.6185206770896912,0.03711499273777,0.7658184766769409,0.6279531717300415,0.4172805845737457,4.036543846130371,Low,Africa
Togo,2022,7.700154304504394,0.5789300799369812,57.70000076293945,0.6957224607467651,0.0024460118729621,0.7131811380386353,0.5939697623252869,0.4142645895481109,4.238982200622559,Low,Africa
Togo,2023,7.725253582000732,0.5471550822257996,58.20000076293945,0.6650118231773376,-0.0711567923426628,0.6849435567855835,0.5463051199913025,0.3617132306098938,4.364938735961914,Low,Africa
Tunisia,2010,9.257034301757812,0.8631876707077026,66.30000305175781,0.6235928535461426,-0.1432734876871109,0.7323792576789856,0.6968314051628113,0.2489128112792968,5.130520820617676,Medium,Africa
Tunisia,2011,9.223816871643066,0.7148914337158203,66.37999725341797,0.603123664855957,-0.2065419256687164,0.9126569032669068,0.5131894946098328,0.2481969743967056,4.876482009887695,Low,Africa
Tunisia,2012,9.25234317779541,0.6144227981567383,66.45999908447266,0.5677372217178345,-0.1839841455221176,0.8994531631469727,0.4903962910175323,0.3269998133182525,4.463531017303467,Low,Africa
Tunisia,2013,9.265148162841797,0.6479674577713013,66.54000091552734,0.5362877249717712,-0.2142590433359146,0.886026918888092,0.4346860647201538,0.2391563802957534,5.245604991912842,Medium,Africa
Tunisia,2014,9.284261703491213,0.6802605986595154,66.62000274658203,0.5889342427253723,-0.2392702847719192,0.7831341624259949,0.4236168563365936,0.3207704722881317,4.763594627380371,Low,Africa
Tunisia,2015,9.28268337249756,0.609470009803772,66.69999694824219,0.7113733887672424,-0.2331626564264297,0.8148249983787537,0.5138818025588989,0.31954225897789,5.1316118240356445,Medium,Africa
Tunisia,2016,9.282791137695312,0.7018221020698547,66.75,0.6144383549690247,-0.1720533519983291,0.8107456564903259,0.5319278836250305,0.378108263015747,4.521453380584717,Low,Africa
Tunisia,2017,9.294217109680176,0.7173815965652466,66.80000305175781,0.4779566526412964,-0.2259803712368011,0.8688267469406128,0.3666414022445678,0.3771968483924866,4.124342918395996,Low,Africa
Tunisia,2018,9.309884071350098,0.7329535484313965,66.8499984741211,0.6496800780296326,-0.1985029429197311,0.8401166200637817,0.5358704328536987,0.3650142848491668,4.7411322593688965,Low,Africa
Tunisia,2019,9.315942764282228,0.6095892786979675,66.9000015258789,0.659331738948822,-0.2167980819940567,0.8889047503471375,0.4588631987571716,0.4334134757518768,4.315479755401611,Low,Africa
Tunisia,2020,9.214345932006836,0.7190132141113281,66.94999694824219,0.6677581071853638,-0.2062155902385711,0.877354085445404,0.5193447470664978,0.4387743473052978,4.73081111907959,Low,Africa
Tunisia,2021,9.249168395996094,0.7113215327262878,67.0,0.5912299156188965,-0.2057315856218338,0.932745635509491,0.4513623118400574,0.3355037271976471,4.499485969543457,Low,Africa
Tunisia,2022,9.266504287719728,0.7547398209571838,67.05000305175781,0.4741892516613006,-0.2334614545106887,0.9084365367889404,0.4582782685756683,0.303687036037445,4.260868072509766,Low,Africa
Tunisia,2023,9.28178882598877,0.7015454769134521,67.0999984741211,0.4822421371936798,-0.2263951897621154,0.8824015855789185,0.4611584544181824,0.3641684949398041,4.505141258239746,Low,Africa
Turkey,2010,9.892935752868652,0.7949054837226868,66.9000015258789,0.5149203538894653,-0.1920642703771591,0.8108957409858704,0.532230019569397,0.3270659744739532,5.490347385406494,Medium,Asia
Turkey,2011,9.985816955566406,0.691901683807373,67.05999755859375,0.4456066489219665,-0.246971920132637,0.6485962271690369,0.5122979879379272,0.3797843158245086,5.271944046020508,Medium,Asia
Turkey,2012,10.017822265625,0.7392805814743042,67.22000122070312,0.470903217792511,-0.2208236753940582,0.7018502354621887,0.5061056017875671,0.3348328173160553,5.309076309204102,Medium,Asia
Turkey,2013,10.08216667175293,0.7954511642456055,67.37999725341797,0.5407233834266663,-0.2345621138811111,0.6980648040771484,0.5513213872909546,0.391873836517334,4.888177394866943,Low,Asia
Turkey,2014,10.110523223876951,0.8632882833480835,67.54000091552734,0.6491960883140564,-0.0285773929208517,0.7640135288238525,0.4095129668712616,0.3773249387741089,5.579794406890869,Medium,Asia
Turkey,2015,10.150138854980469,0.8512246012687683,67.69999694824219,0.6531967520713806,-0.0209728479385375,0.8060762286186218,0.3909791111946106,0.3822909891605377,5.51446533203125,Medium,Asia
Turkey,2016,10.165735244750977,0.8799946308135986,67.875,0.644146740436554,-0.0697620213031768,0.7637065649032593,0.4135866463184356,0.3899629414081573,5.326221942901611,Medium,Asia
Turkey,2017,10.22494888305664,0.8764678239822388,68.05000305175781,0.6444342136383057,-0.2421812415122985,0.6709105372428894,0.3931667804718017,0.3128461241722107,5.607262134552002,Medium,Asia
Turkey,2018,10.245586395263672,0.8470273017883301,68.2249984741211,0.5286290645599365,-0.181100457906723,0.8048785328865051,0.379292219877243,0.3507730960845947,5.185689449310303,Medium,Asia
Turkey,2019,10.245305061340332,0.7916561961174011,68.4000015258789,0.6310837864875793,-0.1414192169904709,0.7604421973228455,0.3474813401699066,0.3680886626243591,4.872073650360107,Low,Asia
Turkey,2020,10.256718635559082,0.8567302227020264,68.57499694824219,0.5103858709335327,-0.1194590255618095,0.7744171619415283,0.3315630555152893,0.4403873085975647,4.861554145812988,Low,Asia
Turkey,2021,10.356680870056152,0.736194908618927,68.75,0.4465276300907135,-0.038769956678152,0.8101659417152405,0.2970920205116272,0.4705788791179657,4.366639614105225,Low,Asia
Turkey,2022,10.404192924499512,0.8299090266227722,68.92500305175781,0.4704944789409637,-0.1953513026237487,0.767373263835907,0.3107513785362243,0.3896730244159698,5.093441486358643,Medium,Asia
Turkey,2023,10.429203033447266,0.8595265746116638,69.0999984741211,0.5227965116500854,-0.1590182781219482,0.7475614547729492,0.3443466424942016,0.3485127091407776,5.462700366973877,Medium,Asia
Turkmenistan,2010,9.146244049072266,0.9644187092781068,60.41999816894531,0.7711215615272522,0.015385253354907,0.7984966337680817,0.5766156315803528,0.1220679953694343,5.791754722595215,Medium,Asia
Turkmenistan,2011,9.146244049072266,0.9644187092781068,60.41999816894531,0.7711215615272522,0.015385253354907,0.7984966337680817,0.5766156315803528,0.1220679953694343,5.791754722595215,Medium,Asia
Turkmenistan,2012,9.23341178894043,0.9458412528038024,60.7400016784668,0.7855633497238159,-0.1258418262004852,0.7984966337680817,0.5407994389533997,0.1168806999921798,5.463827133178711,Medium,Asia
Turkmenistan,2013,9.31213092803955,0.8457331657409668,61.060001373291016,0.7045294642448425,-0.0745103731751442,0.7984966337680817,0.551942765712738,0.1596061587333679,5.391762733459473,Medium,Asia
Turkmenistan,2014,9.391798973083496,0.9089274406433104,61.380001068115234,0.8046780824661255,0.0288778692483901,0.7984966337680817,0.6138070821762085,0.1539497375488281,5.787379264831543,Medium,Asia
Turkmenistan,2015,9.436701774597168,0.9601584672927856,61.70000076293945,0.7013583779335022,0.0896777436137199,0.7984966337680817,0.6333180069923401,0.3010388910770416,5.791460037231445,Medium,Asia
Turkmenistan,2016,9.479299545288086,0.929032266139984,61.79999923706055,0.7485044002532959,0.0015324412379413,0.7984966337680817,0.5596973896026611,0.2554992437362671,5.887051582336426,Medium,Asia
Turkmenistan,2017,9.525407791137695,0.9084548950195312,61.900001525878906,0.7203992009162903,0.0629473328590393,0.7984966337680817,0.4879651367664337,0.349627673625946,5.229148864746094,Medium,Asia
Turkmenistan,2018,9.56949234008789,0.9844889640808104,62.0,0.8577740788459778,0.25655198097229,0.7984966337680817,0.5671755075454712,0.1890245378017425,4.620601654052734,Low,Asia
Turkmenistan,2019,9.615312576293944,0.9815017580986024,62.09999847412109,0.8915268778800964,0.2817543745040893,0.7984966337680817,0.4938910901546478,0.1833432465791702,5.474299907684326,Medium,Asia
Turkmenistan,2020,9.615312576293944,0.9815017580986024,62.09999847412109,0.8915268778800964,0.2817543745040893,0.7984966337680817,0.4938910901546478,0.1833432465791702,5.474299907684326,Medium,Asia
Turkmenistan,2021,9.615312576293944,0.9815017580986024,62.09999847412109,0.8915268778800964,0.2817543745040893,0.7984966337680817,0.4938910901546478,0.1833432465791702,5.474299907684326,Medium,Asia
Turkmenistan,2022,9.615312576293944,0.9815017580986024,62.09999847412109,0.8915268778800964,0.2817543745040893,0.7984966337680817,0.4938910901546478,0.1833432465791702,5.474299907684326,Medium,Asia
Turkmenistan,2023,9.615312576293944,0.9815017580986024,62.09999847412109,0.8915268778800964,0.2817543745040893,0.7984966337680817,0.4938910901546478,0.1833432465791702,5.474299907684326,Medium,Asia
USA,2010,10.906147956848145,0.9261587262153624,66.69999694824219,0.8280443549156189,0.2377413958311081,0.6895825862884521,0.7760606408119202,0.2310526371002197,7.163616180419922,High,The Americas
USA,2011,10.914259910583496,0.9217050075531006,66.68000030517578,0.8632023930549622,0.1545073539018631,0.6969257593154907,0.7369505763053894,0.2733785212039947,7.115138530731201,High,The Americas
USA,2012,10.92947483062744,0.9031922817230223,66.66000366210938,0.8226622939109802,0.2084998190402984,0.7100344300270081,0.7645198702812195,0.2596438527107239,7.026226997375488,High,The Americas
USA,2013,10.940797805786133,0.9253968596458436,66.63999938964844,0.7922556400299072,0.2677169144153595,0.7468940615653992,0.7761159539222717,0.2603283524513244,7.249285221099853,High,The Americas
USA,2014,10.956084251403809,0.9020970463752748,66.62000274658203,0.8660768866539001,0.2152560651302337,0.7022674679756165,0.7857906222343445,0.2812653481960296,7.151114463806152,High,The Americas
USA,2015,10.975425720214844,0.90357106924057,66.5999984741211,0.8487534523010254,0.2134949713945388,0.6975426077842712,0.768670916557312,0.2746877670288086,6.863946914672852,High,The Americas
USA,2016,10.984716415405272,0.8967512845993042,66.4749984741211,0.7578930854797363,0.1380158066749572,0.7389195561408997,0.7365739345550537,0.264203816652298,6.803599834442139,High,The Americas
USA,2017,11.000560760498049,0.9210028648376464,66.3499984741211,0.8684967160224915,0.1912637501955032,0.6811912655830383,0.7545582056045532,0.2682690620422363,6.991759300231934,High,The Americas
USA,2018,11.024325370788574,0.9038560390472412,66.2249984741211,0.8246066570281982,0.1100462451577186,0.7099282741546631,0.7574455142021179,0.2922262549400329,6.882684707641602,High,The Americas
USA,2019,11.04245662689209,0.9166911244392396,66.0999984741211,0.8361390233039856,0.1382370442152023,0.7067155241966248,0.7550906538963318,0.2438336610794067,6.943701267242432,High,The Americas
USA,2020,11.00474452972412,0.9373698234558104,65.9749984741211,0.8504472970962524,0.0276975259184837,0.6781246066093445,0.721989095211029,0.2954990267753601,7.028088092803955,High,The Americas
USA,2021,11.060932159423828,0.9200087189674376,65.8499984741211,0.8157348036766052,0.1884718388319015,0.6865915656089783,0.7396820187568665,0.2771919071674347,6.95908784866333,High,The Americas
USA,2022,11.07756233215332,0.9002618193626404,65.7249984741211,0.7356398105621338,0.1890648603439331,0.7011275291442871,0.7115958333015442,0.2673076689243316,6.6927900314331055,High,The Americas
USA,2023,11.089292526245115,0.8605025410652161,65.5999984741211,0.721452534198761,0.1848872303962707,0.72170090675354,0.7063676118850708,0.2839933931827545,6.520872116088867,High,The Americas
Uganda,2010,7.5382399559021,0.8301554918289185,52.09999847412109,0.8006672859191895,-0.0204451568424701,0.8549919128417969,0.6279869675636292,0.2512419819831848,4.192882061004639,Low,Africa
Uganda,2011,7.598933219909668,0.8817513585090637,52.93999862670898,0.7329739928245544,0.02552255615592,0.8301239013671875,0.6182148456573486,0.2544822096824646,4.826001167297363,Low,Africa
Uganda,2012,7.60765266418457,0.8847216963768005,53.77999877929688,0.6494632363319397,0.0749365389347076,0.8375458717346191,0.7087927460670471,0.2653223872184753,4.309237957000732,Low,Africa
Uganda,2013,7.614126205444336,0.8782752156257629,54.619998931884766,0.7630213499069214,0.046271912753582,0.8204808235168457,0.6465374827384949,0.3463567495346069,3.7095787525177,Low,Africa
Uganda,2014,7.634238243103027,0.8212057948112488,55.459999084472656,0.834174394607544,0.0025482792407274,0.8979954123497009,0.634924590587616,0.3967197835445404,3.7699191570281982,Low,Africa
Uganda,2015,7.653903007507324,0.7466331124305725,56.29999923706055,0.757835328578949,0.1280343234539032,0.8727403879165649,0.6786603331565857,0.352847546339035,4.237686634063721,Low,Africa
Uganda,2016,7.667255401611328,0.7535402178764343,56.775001525878906,0.7394097447395325,0.1245060712099075,0.8110697865486145,0.6645612120628357,0.4100666642189026,4.2332611083984375,Low,Africa
Uganda,2017,7.6631245613098145,0.7399561405181885,57.25,0.7723441123962402,0.0527845844626426,0.8157700300216675,0.6886043548583984,0.400025725364685,4.000516891479492,Low,Africa
Uganda,2018,7.690243721008301,0.7398410439491272,57.72499847412109,0.7285127639770508,0.0716442540287971,0.8561062216758728,0.6866642236709595,0.3903192281723022,4.321714878082275,Low,Africa
Uganda,2019,7.718692302703857,0.8054873943328857,58.20000076293945,0.7043766379356384,0.1315028071403503,0.8256126046180725,0.6890788078308105,0.3852207958698272,4.948051452636719,Low,Africa
Uganda,2020,7.714449882507324,0.8004611730575562,58.67499923706055,0.6874821186065674,0.1398746073246002,0.8775872588157654,0.7054356336593628,0.4247066676616668,4.640909671783447,Low,Africa
Uganda,2021,7.717090606689453,0.79334956407547,59.150001525878906,0.7106211185455322,0.0808529332280159,0.8350117206573486,0.6993089914321899,0.3588329553604126,4.224533557891846,Low,Africa
Uganda,2022,7.7325568199157715,0.7809949517250061,59.625,0.7203510403633118,0.1345215290784835,0.8356812000274658,0.7075740694999695,0.4392708837985992,4.424695491790772,Low,Africa
Uganda,2023,7.758769512176514,0.8274398446083069,60.09999847412109,0.8476566076278687,0.0670902952551841,0.911813735961914,0.7260516881942749,0.3763728439807892,4.466518878936768,Low,Africa
Ukraine,2010,9.4109468460083,0.8835551142692566,62.20000076293945,0.4838331937789917,-0.1969199627637863,0.9537522792816162,0.4721013605594635,0.2272004336118698,5.05756139755249,Medium,Europe
Ukraine,2011,9.467564582824709,0.8594586849212646,62.52000045776367,0.5786693096160889,-0.2358755022287368,0.9325352907180786,0.5385317206382751,0.2196477502584457,5.083132743835449,Medium,Europe
Ukraine,2012,9.471556663513184,0.8975734710693359,62.84000015258789,0.5636497735977173,-0.2313160151243209,0.8962370157241821,0.508998453617096,0.1928190737962722,5.030342102050781,Medium,Europe
Ukraine,2013,9.474287986755373,0.8965104222297668,63.15999984741211,0.5687156915664673,-0.2245416045188903,0.937324285507202,0.571862518787384,0.2245955020189285,4.7108025550842285,Low,Europe
Ukraine,2014,9.424306869506836,0.8767601847648621,63.47999954223633,0.5332674980163574,0.0783347636461258,0.9267889261245728,0.5425521731376648,0.2485600560903549,4.297329902648926,Low,Europe
Ukraine,2015,9.32510757446289,0.909439742565155,63.79999923706055,0.4305920302867889,-0.0388658978044986,0.9524727463722228,0.5310363173484802,0.2410758584737777,3.964542865753174,Low,Europe
Ukraine,2016,9.35325527191162,0.8849613666534424,63.92499923706055,0.5025418996810913,0.0048962268047034,0.8910751342773438,0.5499682426452637,0.219624251127243,4.028690338134766,Low,Europe
Ukraine,2017,9.380973815917969,0.8583248853683472,64.05000305175781,0.5988755226135254,-0.0078284284099936,0.9367640018463136,0.5280482769012451,0.2347638309001922,4.3110671043396,Low,Europe
Ukraine,2018,9.4203519821167,0.900936722755432,64.17500305175781,0.6630550622940063,-0.0799910351634025,0.9429607391357422,0.5504855513572693,0.2218514829874038,4.661909103393555,Low,Europe
Ukraine,2019,9.457587242126465,0.8827264904975891,64.30000305175781,0.7153117656707764,-0.0866249874234199,0.8850049376487732,0.5485344529151917,0.2011317312717437,4.701762199401856,Low,Europe
Ukraine,2020,9.426079750061035,0.884686291217804,64.42500305175781,0.7842734456062317,0.1208438947796821,0.9456689953804016,0.6287911534309387,0.2847361862659454,5.269675731658936,Medium,Europe
Ukraine,2021,9.468798637390137,0.8793085217475891,64.55000305175781,0.7699043154716492,0.1660626977682113,0.9223509430885316,0.5749099850654602,0.250389039516449,5.311355113983154,Medium,Europe
Ukraine,2022,9.280933380126951,0.8630681037902832,64.67500305175781,0.8290343880653381,0.4082977771759033,0.8518630266189575,0.5267146229743958,0.3898851871490478,4.637436389923096,Low,Europe
Ukraine,2023,9.422674179077148,0.8391851782798767,64.80000305175781,0.7722635269165039,0.3697696328163147,0.9223912954330444,0.4903583526611328,0.3849881291389465,4.672444820404053,Low,Europe
United Arab Emirates,2010,10.908971786499023,0.9117623567581176,65.0999984741211,0.8777507543563843,0.05099718272686,0.3551158905029297,0.7007490396499634,0.2330135703086853,7.0974555015563965,High,Asia
United Arab Emirates,2011,10.965006828308104,0.8813689351081848,65.16000366210938,0.889463484287262,0.0630679503083229,0.7984966337680817,0.7015542984008789,0.2158700376749038,7.118701457977295,High,Asia
United Arab Emirates,2012,11.001253128051758,0.8558768033981323,65.22000122070312,0.9197925925254822,-0.0216132979840039,0.7984966337680817,0.7194701433181763,0.223985344171524,7.217766761779785,High,Asia
United Arab Emirates,2013,11.04059600830078,0.8637157678604126,65.27999877929688,0.9359788298606871,-0.0216132979840039,0.7984966337680817,0.6634199619293213,0.2911128401756286,6.620951175689697,High,Asia
United Arab Emirates,2014,11.071845054626465,0.8343945443630219,65.33999633789062,0.7711215615272522,-0.0216132979840039,0.7984966337680817,0.6634199619293213,0.2621752023696899,6.539854526519775,High,Asia
United Arab Emirates,2015,11.128389358520508,0.8241366744041443,65.4000015258789,0.9150362014770508,0.1918977200984954,0.7984966337680817,0.7220892310142517,0.2957329750061035,6.568397521972656,High,Asia
United Arab Emirates,2016,11.173873901367188,0.84937983751297,65.55000305175781,0.949119508266449,0.1199858784675598,0.7984966337680817,0.7390806674957275,0.2446679025888443,6.8309502601623535,High,Asia
United Arab Emirates,2017,11.17300033569336,0.8355273604393005,65.69999694824219,0.9620166420936584,0.2055502831935882,0.7984966337680817,0.7373489141464233,0.2075984477996826,7.039419651031494,High,Asia
United Arab Emirates,2018,11.178159713745115,0.851041316986084,65.8499984741211,0.9436643719673156,0.0430807694792747,0.7984966337680817,0.7228230834007263,0.3020418286323547,6.603743553161621,High,Asia
United Arab Emirates,2019,11.181390762329102,0.8615332841873169,66.0,0.9114195108413696,0.1177626326680183,0.7984966337680817,0.7300516366958618,0.2837632894515991,6.710782527923584,High,Asia
United Arab Emirates,2020,11.1223726272583,0.8267555832862854,66.1500015258789,0.942161500453949,0.0489101894199848,0.7984966337680817,0.7023953199386597,0.2984803020954132,6.458392143249512,Medium,Asia
United Arab Emirates,2021,11.152440071105955,0.8260605931282043,66.30000305175781,0.951327919960022,0.1496680825948715,0.7984966337680817,0.6966699957847595,0.2171099185943603,6.733067512512207,High,Asia
United Arab Emirates,2022,11.215852737426758,0.7977370619773865,66.44999694824219,0.9322956800460817,0.1682716906070709,0.7984966337680817,0.715105414390564,0.2415391206741333,6.737605571746826,High,Asia
United Arab Emirates,2023,11.235544204711914,0.7758082151412964,66.5999984741211,0.8859221339225769,0.1552173048257827,0.7984966337680817,0.6546959280967712,0.304354578256607,6.728384017944336,High,Asia
United Republic of Tanzania,2010,7.586582183837891,0.8125317692756653,53.400001525878906,0.5971216559410095,0.1351628750562667,0.8662638664245605,0.6666023135185242,0.1461187154054641,3.2291290760040283,Low,Africa
United Republic of Tanzania,2011,7.632026672363281,0.882530152797699,54.060001373291016,0.7360303401947021,-0.0500292517244815,0.8163761496543884,0.7196798920631409,0.1451411545276641,4.073562145233154,Low,Africa
United Republic of Tanzania,2012,7.647007465362549,0.8320564031600952,54.720001220703125,0.5774533152580261,0.2093585580587387,0.8869979381561279,0.6412098407745361,0.1953071057796478,4.006897449493408,Low,Africa
United Republic of Tanzania,2013,7.682535171508789,0.8034185767173767,55.380001068115234,0.6541821360588074,0.050514880567789,0.859005868434906,0.7070013880729675,0.1912878900766372,3.852394819259644,Low,Africa
United Republic of Tanzania,2014,7.716652393341064,0.7890810370445251,56.040000915527344,0.6541250944137573,0.1066105142235755,0.8778858780860901,0.6930718421936035,0.2414306849241256,3.483278512954712,Low,Africa
United Republic of Tanzania,2015,7.743151664733887,0.7902625799179077,56.70000076293945,0.7586846947669983,0.1450671404600143,0.9064226150512696,0.6065026521682739,0.1917479634284973,3.660597324371338,Low,Africa
United Republic of Tanzania,2016,7.774961471557617,0.6377559304237366,57.150001525878906,0.7754849195480347,0.1754732280969619,0.7392472624778748,0.6491708159446716,0.2459859549999237,2.9027342796325684,Low,Africa
United Republic of Tanzania,2017,7.806948184967041,0.7050102949142456,57.59999847412109,0.8004955053329468,0.1124716624617576,0.6536060571670532,0.6623178720474243,0.2553356885910034,3.347121238708496,Low,Africa
United Republic of Tanzania,2018,7.828359127044678,0.675330400466919,58.04999923706055,0.8071421384811401,0.150271788239479,0.611534059047699,0.701750636100769,0.2210054993629455,3.44502329826355,Low,Africa
United Republic of Tanzania,2019,7.854687690734863,0.687267541885376,58.5,0.8501325249671936,0.0974972322583198,0.5892935991287231,0.6794536113739014,0.2430979460477829,3.640154838562012,Low,Africa
United Republic of Tanzania,2020,7.844439506530762,0.7398170828819275,58.95000076293945,0.83034348487854,0.2927590012550354,0.5206316709518433,0.6672738790512085,0.2711179256439209,3.785684108734131,Low,Africa
United Republic of Tanzania,2021,7.856840133666992,0.6189844012260437,59.400001525878906,0.8217728137969971,0.1100673675537109,0.5463870763778687,0.6482450366020203,0.246362492442131,3.680567979812622,Low,Africa
United Republic of Tanzania,2022,7.871994972229004,0.600180983543396,59.84999847412109,0.8561398983001709,0.1326932907104492,0.5844170451164246,0.7070612907409668,0.1951288133859634,3.615845203399658,Low,Africa
United Republic of Tanzania,2023,7.892750263214111,0.6634853482246399,60.29999923706055,0.8617294430732727,0.1216437444090843,0.6088986992835999,0.7021938562393188,0.2100706547498703,4.042028427124023,Low,Africa
Uruguay,2010,9.88035011291504,0.8930397629737854,67.0999984741211,0.8322413563728333,-0.1708339303731918,0.4713762402534485,0.7384786009788513,0.2311791777610778,6.062010765075684,Medium,The Americas
Uruguay,2011,9.928006172180176,0.8912824392318726,67.18000030517578,0.8514415621757507,-0.0928279459476471,0.5562860369682312,0.7024204730987549,0.2522500455379486,6.554047107696533,High,The Americas
Uruguay,2012,9.959955215454102,0.8646937012672424,67.26000213623047,0.8705900311470032,0.0542715191841125,0.6153495907783508,0.6919109225273132,0.2142027467489242,6.449728488922119,Medium,The Americas
Uruguay,2013,10.002311706542969,0.9172796607017516,67.33999633789062,0.8882780075073242,-0.0559814944863319,0.5856322646141052,0.7429158687591553,0.2532285153865814,6.444464683532715,Medium,The Americas
Uruguay,2014,10.03109073638916,0.9018978476524352,67.41999816894531,0.9043328762054444,-0.0856515318155288,0.5334948897361755,0.7881261110305786,0.2514989078044891,6.56144380569458,High,The Americas
Uruguay,2015,10.03150749206543,0.8914934992790222,67.5,0.916879653930664,-0.0451488755643367,0.6734756827354431,0.8119017481803894,0.299538105726242,6.628080368041992,High,The Americas
Uruguay,2016,10.045052528381348,0.9003809094429016,67.5,0.886371910572052,-0.084854356944561,0.6762127876281738,0.7347327470779419,0.2831802666187286,6.171485424041748,Medium,The Americas
Uruguay,2017,10.059839248657228,0.9138016700744628,67.5,0.8978516459465027,-0.1037971079349517,0.6265819668769836,0.7422760725021362,0.2803233563899994,6.336009979248047,Medium,The Americas
Uruguay,2018,10.05998420715332,0.9173156023025512,67.5,0.8762109279632568,-0.108686476945877,0.6829160451889038,0.774895191192627,0.2749455869197845,6.3717145919799805,Medium,The Americas
Uruguay,2019,10.067001342773438,0.9334709644317628,67.5,0.9026787877082824,-0.1074350923299789,0.5993996262550354,0.7638344168663025,0.2217301875352859,6.600337028503418,High,The Americas
Uruguay,2020,10.002127647399902,0.9210703372955322,67.5,0.9077619314193726,-0.0944271832704544,0.4910078346729278,0.7205206155776978,0.2646920680999756,6.309681415557861,Medium,The Americas
Uruguay,2021,10.054372787475586,0.9138731360435486,67.5,0.8987239003181458,-0.0541988685727119,0.6056421399116516,0.746208131313324,0.2632098197937011,6.501700401306152,High,The Americas
Uruguay,2022,10.10343074798584,0.9048252105712892,67.5,0.8779686093330383,-0.0551780797541141,0.6313366889953613,0.7746942639350891,0.2674849033355713,6.6708526611328125,High,The Americas
Uruguay,2023,10.12226390838623,0.9083744883537292,67.5,0.9041637778282166,-0.0502562001347541,0.6616575717926025,0.7534481287002563,0.2648172080516815,6.661721706390381,High,The Americas
Uzbekistan,2010,8.507943153381348,0.9032264351844788,62.29999923706055,0.7711215615272522,-0.0399318411946296,0.5187202095985413,0.6648529767990112,0.1518827080726623,5.09534215927124,Medium,Asia
Uzbekistan,2011,8.553657531738281,0.9240712523460388,62.540000915527344,0.9341326951980592,0.032398771494627,0.5218620896339417,0.6625845432281494,0.1227732375264167,5.738744258880615,Medium,Asia
Uzbekistan,2012,8.607551574707031,0.93314129114151,62.77999877929688,0.9135501384735109,-0.0468989126384258,0.4633750915527344,0.6504090428352356,0.1181768849492073,6.019331932067871,Medium,Asia
Uzbekistan,2013,8.662359237670898,0.9627806544303894,63.02000045776367,0.9495399594306946,-0.0433906614780426,0.4339317977428436,0.6861886978149414,0.1301972866058349,5.939986228942871,Medium,Asia
Uzbekistan,2014,8.711969375610352,0.9524060487747192,63.2599983215332,0.9544811844825744,0.0521736294031143,0.5364610552787781,0.7129288911819458,0.1061581745743751,6.049212455749512,Medium,Asia
Uzbekistan,2015,8.764227867126465,0.9682252407073976,63.5,0.9799371361732484,0.3656486868858337,0.4709169268608093,0.7782019972801208,0.103493794798851,5.97236442565918,Medium,Asia
Uzbekistan,2016,8.80446720123291,0.9451021552085876,63.79999923706055,0.9838030338287354,0.1992702335119247,0.7984966337680817,0.7712574601173401,0.1468976587057113,5.892539024353027,Medium,Asia
Uzbekistan,2017,8.830646514892578,0.9421311020851136,64.0999984741211,0.985177755355835,0.1136386767029762,0.4646416008472442,0.7451100945472717,0.202737495303154,6.42144775390625,Medium,Asia
Uzbekistan,2018,8.870410919189453,0.9208210110664368,64.4000015258789,0.969897985458374,0.3083947002887726,0.5203601121902466,0.7460313439369202,0.2086603045463562,6.205460071563721,Medium,Asia
Uzbekistan,2019,8.909740447998047,0.9152759313583374,64.69999694824219,0.9702945351600648,0.2948126196861267,0.5111968517303467,0.7512797713279724,0.2197455167770385,6.154049396514893,Medium,Asia
Uzbekistan,2020,8.910279273986816,0.849564790725708,65.0,0.928216278553009,0.1896978616714477,0.6420435905456543,0.6779266595840454,0.278508722782135,5.841929912567139,Medium,Asia
Uzbekistan,2021,8.961943626403809,0.8955037593841553,65.30000305175781,0.9274152517318726,0.1826717555522918,0.6615616679191589,0.6984593272209167,0.2326721251010894,6.18530797958374,Medium,Asia
Uzbekistan,2022,8.996306419372559,0.8789232969284058,65.5999984741211,0.9590192437171936,0.3057743310928345,0.6158444285392761,0.7410818338394165,0.2245799005031585,6.016238689422607,Medium,Asia
Uzbekistan,2023,9.025871276855469,0.9088593125343324,65.9000015258789,0.9267838597297668,0.2471370697021484,0.6495397686958313,0.7517470121383667,0.2022069990634918,6.3853607177734375,Medium,Asia
Venezuela,2010,9.747844696044922,0.9315758347511292,65.30000305175781,0.7682569622993469,-0.1628440767526626,0.7542689442634583,0.8473997712135315,0.1296858936548233,7.47845458984375,High,The Americas
Venezuela,2011,9.85850715637207,0.9306198954582214,65.26000213623047,0.7663350105285645,-0.2347257882356643,0.7715393304824829,0.8234338760375977,0.1986662596464157,6.579789161682129,High,The Americas
Venezuela,2012,9.8624849319458,0.9316296577453612,65.22000122070312,0.8041085600852966,-0.2010907232761383,0.7433743476867676,0.843570351600647,0.1763078570365905,7.066577434539795,High,The Americas
Venezuela,2013,9.801931381225586,0.8963010907173157,65.18000030517578,0.6419652104377747,-0.229989156126976,0.8372997045516968,0.8121441006660461,0.2376091033220291,6.552796363830566,High,The Americas
Venezuela,2014,9.365731239318848,0.9039558172225952,65.13999938964844,0.5699619054794312,-0.1907950490713119,0.8265349864959717,0.796721875667572,0.2436035722494125,6.136096477508545,Medium,The Americas
Venezuela,2015,8.532186508178711,0.9110868573188782,65.0999984741211,0.5121593475341797,-0.088825948536396,0.813096821308136,0.8370686173439026,0.2226352393627166,5.568800449371338,Medium,The Americas
Venezuela,2016,7.602412223815918,0.9019492864608764,64.92500305175781,0.4576015770435333,-0.0595121867954731,0.8901246786117554,0.6756623387336731,0.3917541205883026,4.041114807128906,Low,The Americas
Venezuela,2017,5.943209171295166,0.895879328250885,64.75,0.6355050206184387,0.0500788986682891,0.8439692258834839,0.697486162185669,0.3629848659038543,5.070750713348389,Medium,The Americas
Venezuela,2018,5.935121536254883,0.8868820667266846,64.57499694824219,0.610855221748352,0.0679524317383766,0.8275600075721741,0.7232599258422852,0.373657613992691,5.0056633949279785,Medium,The Americas
Venezuela,2019,5.526723384857178,0.8876715302467346,64.4000015258789,0.6255261898040771,0.1237920969724655,0.8393403887748718,0.7295529842376709,0.3509504497051239,5.080803394317627,Medium,The Americas
Venezuela,2020,9.50294589996338,0.8052242398262024,64.2249984741211,0.6118146181106567,-0.0216132979840039,0.81131911277771,0.6893494725227356,0.396250456571579,4.573829650878906,Low,The Americas
Venezuela,2021,9.50294589996338,0.8124180436134338,64.05000305175781,0.5956203937530518,-0.0216132979840039,0.823898434638977,0.6975867748260498,0.3893508017063141,5.107553005218506,Medium,The Americas
Venezuela,2022,9.50294589996338,0.8993663191795349,63.875,0.7704167366027832,-0.0216132979840039,0.7980164289474487,0.754336953163147,0.2922520041465759,5.9489922523498535,Medium,The Americas
Venezuela,2023,9.50294589996338,0.8846679329872131,63.70000076293945,0.756530225276947,-0.0216132979840039,0.8253929018974304,0.7576852440834045,0.3000379502773285,5.7653632164001465,Medium,The Americas
Vietnam,2010,8.752190589904785,0.7866113781929016,64.5,0.8314944505691528,-0.0266980212181806,0.7426367402076721,0.6706609129905701,0.2157984226942062,5.295780658721924,Medium,Asia
Vietnam,2011,8.803674697875977,0.8976551294326782,64.58000183105469,0.8184043765068054,0.0839643105864524,0.7421616315841675,0.4936585128307342,0.1926691085100174,5.7673444747924805,Medium,Asia
Vietnam,2012,8.846538543701172,0.7750086784362793,64.66000366210938,0.8560534715652466,-0.1314846724271774,0.8148849010467529,0.5460535287857056,0.2213559746742248,5.53456974029541,Medium,Asia
Vietnam,2013,8.889822006225586,0.7594769597053528,64.73999786376953,0.9196074604988098,-0.0483317710459232,0.7712458372116089,0.6888777017593384,0.1652252674102783,5.022698879241943,Medium,Asia
Vietnam,2014,8.941402435302734,0.7921684980392456,64.81999969482422,0.7711215615272522,-0.0215417630970478,0.7984966337680817,0.6338523030281067,0.2406067848205566,5.084923267364502,Medium,Asia
Vietnam,2015,8.998518943786621,0.8486766815185547,64.9000015258789,0.7711215615272522,0.0637003406882286,0.7984966337680817,0.5831193923950195,0.2324161380529403,5.076315402984619,Medium,Asia
Vietnam,2016,9.053183555603027,0.8763235807418823,65.0,0.8943511247634888,-0.1119746938347816,0.7992401719093323,0.487257182598114,0.2225501984357834,5.062267303466797,Medium,Asia
Vietnam,2017,9.110595703125,0.8343945443630219,65.0999984741211,0.7711215615272522,-0.0216132979840039,0.7984966337680817,0.6634199619293213,0.2621752023696899,5.175278663635254,Medium,Asia
Vietnam,2018,9.173262596130373,0.8319452404975891,65.19999694824219,0.909259796142578,-0.0633841156959533,0.8084229826927185,0.6144042611122131,0.1910613626241684,5.295547008514404,Medium,Asia
Vietnam,2019,9.235228538513184,0.8475921154022217,65.30000305175781,0.9524691700935364,-0.148436963558197,0.7878892421722412,0.6577857136726379,0.1856101900339126,5.467451095581055,Medium,Asia
Vietnam,2020,9.254416465759276,0.7645096182823181,65.4000015258789,0.9447070360183716,0.0632760971784591,0.7911338210105896,0.6991649866104126,0.2863742113113403,5.462341785430908,Medium,Asia
Vietnam,2021,9.271267890930176,0.7994939088821411,65.5,0.8968003988265991,0.1043780446052551,0.7977875471115112,0.6505981683731079,0.2804374098777771,5.540249824523926,Medium,Asia
Vietnam,2022,9.341064453125,0.8787440061569214,65.5999984741211,0.9754051566123962,-0.1821056306362152,0.7034229040145874,0.7742363810539246,0.1084734201431274,6.26650857925415,Medium,Asia
Vietnam,2023,9.392351150512695,0.8449050188064575,65.69999694824219,0.955560028553009,-0.1591136455535888,0.6552745699882507,0.7100675702095032,0.1195101514458656,6.325115203857422,Medium,Asia
West Bank,2010,8.362595558166504,0.821746289730072,65.0999984741211,0.5042622685432434,-0.1210874915122985,0.7524146437644958,0.5525127649307251,0.3814900517463684,4.702603816986084,Low,Asia
West Bank,2011,8.451590538024902,0.7508322596549988,65.0999984741211,0.5218892693519592,-0.1307514160871505,0.7502076029777527,0.4990742802619934,0.3876512348651886,4.751219749450684,Low,Asia
West Bank,2012,8.598371505737305,0.7821691036224365,65.0999984741211,0.5415828824043274,-0.1634781807661056,0.730194091796875,0.5597333312034607,0.3785038292407989,4.646608352661133,Low,Asia
West Bank,2013,8.594526290893555,0.760899543762207,65.0999984741211,0.4539033770561218,-0.1630517840385437,0.7796457409858704,0.5367389917373657,0.3652757406234741,4.844027996063232,Low,Asia
West Bank,2014,8.618412017822266,0.7750867009162903,65.0999984741211,0.657049834728241,-0.163481593132019,0.8041654229164124,0.5046320557594299,0.380452424287796,4.721938133239746,Low,Asia
West Bank,2015,8.683147430419922,0.7661012411117554,65.0999984741211,0.5560409426689148,-0.1727104783058166,0.7743013501167297,0.5364471673965454,0.369084894657135,4.695239067077637,Low,Asia
West Bank,2016,8.737954139709473,0.8177709579467773,65.0999984741211,0.6076694130897522,-0.1514524817466735,0.8124646544456482,0.5437760949134827,0.3776417970657348,4.906618118286133,Low,Asia
West Bank,2017,8.733620643615723,0.8243451118469238,65.0999984741211,0.6316112875938416,-0.1857153922319412,0.8306463360786438,0.5339183211326599,0.4160720407962799,4.6281328201293945,Low,Asia
West Bank,2018,8.717741012573242,0.8194792866706848,65.0999984741211,0.6545345187187195,-0.1627649813890457,0.8137795329093933,0.5283923149108887,0.4189285337924957,4.553921699523926,Low,Asia
West Bank,2019,8.716377258300781,0.832550048828125,65.0999984741211,0.653488278388977,-0.1352318972349167,0.8292827606201172,0.5380727648735046,0.3996722996234894,4.482537269592285,Low,Asia
West Bank,2020,8.978566805521648,0.8415849407513937,65.0999984741211,0.6672764221827189,-0.09735903081794575,0.8314534823099772,0.5534187952677408,0.3870401084423065,4.6242782274882,Low,Asia
West Bank,2021,9.240756352742514,0.8506198326746622,65.0999984741211,0.6810645659764608,-0.05948616440097483,0.8336242039998373,0.5687648256619772,0.37440791726112366,4.766019185384114,Low,Asia
West Bank,2022,9.50294589996338,0.8596547245979309,65.0999984741211,0.6948527097702026,-0.0216132979840039,0.8357949256896973,0.5841108560562134,0.3617757260799408,4.907760143280029,Low,Asia
West Bank,2023,9.50294589996338,0.831444501876831,65.0999984741211,0.7077621221542358,-0.0216132979840039,0.8081274032592773,0.5796462893486023,0.3782921731472015,4.851185321807861,Low,Asia
Yemen,2010,8.413556098937988,0.726612389087677,58.59999847412109,0.6592839956283569,-0.1068101078271865,0.8534032106399536,0.5136130452156067,0.3083327710628509,4.35031270980835,Low,Asia
Yemen,2011,8.263951301574707,0.6626795530319214,58.560001373291016,0.6382105946540833,-0.1735916435718536,0.7538824677467346,0.4159445762634277,0.2848625779151916,3.74625563621521,Low,Asia
Yemen,2012,8.179214477539062,0.681678295135498,58.52000045776367,0.705815315246582,-0.1719205528497696,0.7932327389717102,0.4125697910785675,0.2628165781497955,4.060600757598877,Low,Asia
Yemen,2013,8.166424751281738,0.6939052939414978,58.47999954223633,0.5425474643707275,-0.178859069943428,0.8851965069770813,0.4783293604850769,0.2656850516796112,4.217678546905518,Low,Asia
Yemen,2014,8.159071922302246,0.6382522583007812,58.43999862670898,0.6639087200164795,-0.165577545762062,0.8854292035102844,0.5265769958496094,0.2756737470626831,3.9679579734802246,Low,Asia
Yemen,2015,7.772318363189697,0.6686834692955017,58.400001525878906,0.6099807620048523,-0.138422206044197,0.8290975689888,0.4580022692680359,0.3213570713996887,2.9826738834381104,Low,Asia
Yemen,2016,7.552322387695312,0.7754070162773132,58.17499923706055,0.5329640507698059,-0.144254595041275,0.7984966337680817,0.4010073840618133,0.2279245257377624,3.8256309032440186,Low,Asia
Yemen,2017,7.2434773445129395,0.789555013179779,57.95000076293945,0.5951907634735107,-0.1277617216110229,0.7984966337680817,0.3681063055992126,0.2950635850429535,3.2535600662231445,Low,Asia
Yemen,2018,7.44357442855835,0.7894219160079956,57.72499847412109,0.5527260899543762,-0.1271631568670272,0.7925868630409241,0.409409612417221,0.3148699402809143,3.057513952255249,Low,Asia
Yemen,2019,7.447972774505615,0.8700428009033203,57.5,0.6513082385063171,-0.1064602360129356,0.7982282638549805,0.481123149394989,0.2130432277917862,4.19691276550293,Low,Asia
Yemen,2020,8.132963816324871,0.8707329829533895,57.27500025431315,0.6364681522051493,-0.07817792333662503,0.7946704030036926,0.47406599919001263,0.22707924246788022,3.9947346846262612,Low,Asia
Yemen,2021,8.817954858144125,0.8714231650034586,57.050000508626304,0.6216280659039816,-0.04989561066031446,0.7911125421524048,0.4670088489850362,0.24111525714397428,3.7925566037495932,Low,Asia
Yemen,2022,9.50294589996338,0.8721133470535278,56.82500076293945,0.6067879796028137,-0.0216132979840039,0.7875546813011169,0.4599516987800598,0.2551512718200683,3.590378522872925,Low,Asia
Yemen,2023,9.50294589996338,0.8249582052230835,56.59999847412109,0.5827242732048035,-0.0216132979840039,0.7714635133743286,0.4465342164039612,0.3407935500144958,3.531573534011841,Low,Asia
Zambia,2010,8.054155349731445,0.8640225529670715,50.060001373291016,0.6628500819206238,-0.0011804150417447,0.8821498155593872,0.7706850171089172,0.204069972038269,4.9991135597229,Low,Africa
Zambia,2011,8.054155349731445,0.8640225529670715,50.060001373291016,0.6628500819206238,-0.0011804150417447,0.8821498155593872,0.7706850171089172,0.204069972038269,4.9991135597229,Low,Africa
Zambia,2012,8.094368934631348,0.7800225615501404,50.720001220703125,0.787760317325592,0.0038083428516983,0.8063943982124329,0.6758915185928345,0.2503684461116791,5.01337480545044,Medium,Africa
Zambia,2013,8.110990524291992,0.7613115310668945,51.380001068115234,0.7699123620986938,-0.1081828847527504,0.7322675585746765,0.726740300655365,0.3079599440097809,5.243995666503906,Medium,Africa
Zambia,2014,8.124429702758789,0.7062227129936218,52.040000915527344,0.8118249177932739,-0.0144116841256618,0.8088409900665283,0.6389757990837097,0.3273839652538299,4.345837116241455,Low,Africa
Zambia,2015,8.121295928955078,0.6914834976196289,52.70000076293945,0.7586536407470703,-0.0424067191779613,0.8710195422172546,0.6340619921684265,0.3817313015460968,4.843164443969727,Low,Africa
Zambia,2016,8.126893043518066,0.7670466303825378,53.125,0.8115745186805725,0.1188630387187004,0.7706435918807983,0.6875138878822327,0.3722407221794128,4.347543716430664,Low,Africa
Zambia,2017,8.130200386047363,0.7437539100646973,53.54999923706055,0.8231685757637024,0.1369507014751434,0.7395406365394592,0.6603201031684875,0.3871888816356659,3.932777404785156,Low,Africa
Zambia,2018,8.13913345336914,0.7177203893661499,53.97499847412109,0.7906259298324585,0.0448529310524463,0.8107312917709351,0.6624844074249268,0.3509628474712372,4.041488170623779,Low,Africa
Zambia,2019,8.123367309570312,0.6378943920135498,54.400001525878906,0.8110398054122925,0.0744664967060089,0.8319560289382935,0.6735112071037292,0.394385278224945,3.3067965507507324,Low,Africa
Zambia,2020,8.065783500671387,0.7668716311454773,54.82500076293945,0.7504224181175232,0.0544448904693126,0.8097497820854187,0.6790427565574646,0.344525933265686,4.837992191314697,Low,Africa
Zambia,2021,8.082337379455566,0.6190710067749023,55.25,0.8325737714767456,0.1380264014005661,0.8240308165550232,0.6556898951530457,0.3485513627529144,3.0821549892425537,Low,Africa
Zambia,2022,8.101115226745605,0.7171955704689026,55.67499923706055,0.8887412548065186,-0.0087604261934757,0.7163955569267273,0.6598456501960754,0.3087406456470489,3.728098392486572,Low,Africa
Zambia,2023,8.115053176879883,0.6640986800193787,56.09999847412109,0.854004442691803,0.0923767164349556,0.8141905665397644,0.6529994606971741,0.3591322600841522,3.68556809425354,Low,Africa
Zimbabwe,2010,7.495286464691162,0.8566378355026245,45.20000076293945,0.6647182106971741,-0.0811702609062194,0.8283607959747314,0.69936603307724,0.1221499145030975,4.681569576263428,Low,Africa
Zimbabwe,2011,7.61735725402832,0.8646935224533081,46.400001525878906,0.6329779624938965,-0.0766066536307334,0.8298004269599915,0.6994909644126892,0.2105439752340316,4.845641613006592,Low,Africa
Zimbabwe,2012,7.745352268218994,0.8964762091636658,47.59999847412109,0.4695311784744262,-0.0906215235590934,0.8586905002593994,0.6132981777191162,0.1773107796907425,4.955100536346436,Low,Africa
Zimbabwe,2013,7.755186557769775,0.7992738485336304,48.79999923706055,0.5758842825889587,-0.0927844271063804,0.8309365510940552,0.6235962510108948,0.18228779733181,4.690187931060791,Low,Africa
Zimbabwe,2014,7.748008728027344,0.7658389806747437,50.0,0.6420338153839111,-0.0616248250007629,0.8202171325683594,0.661306619644165,0.2391107380390167,4.184450626373291,Low,Africa
Zimbabwe,2015,7.74668025970459,0.7358003258705139,51.20000076293945,0.6671932935714722,-0.1107486262917518,0.8104573488235474,0.6390019059181213,0.1788610965013504,3.7031912803649902,Low,Africa
Zimbabwe,2016,7.7348313331604,0.7684254050254822,51.67499923706055,0.7329714894294739,-0.0819318145513534,0.7236120104789734,0.6852555274963379,0.2085549235343933,3.7354001998901367,Low,Africa
Zimbabwe,2017,7.754387378692627,0.7541470527648926,52.150001525878906,0.7528260946273804,-0.0841049402952194,0.7512080073356628,0.7336414456367493,0.2240513414144516,3.6383001804351807,Low,Africa
Zimbabwe,2018,7.783066272735596,0.7753884792327881,52.625,0.762674868106842,-0.0545837767422199,0.8442086577415466,0.6575235724449158,0.2117258459329605,3.6164798736572266,Low,Africa
Zimbabwe,2019,7.697755336761475,0.7591623067855835,53.09999847412109,0.63190758228302,-0.0508742146193981,0.8306518793106079,0.6584336757659912,0.235354334115982,2.6935231685638428,Low,Africa
Zimbabwe,2020,7.596050262451172,0.7172426581382751,53.57500076293945,0.6433029770851135,0.0028480761684477,0.7885227799415588,0.660658061504364,0.3457363843917846,3.159802198410034,Low,Africa
Zimbabwe,2021,7.656878471374512,0.6851505041122437,54.04999923706055,0.6676361560821533,-0.079006902873516,0.7569451928138733,0.6099172234535217,0.2416818737983703,3.15457820892334,Low,Africa
Zimbabwe,2022,7.67007303237915,0.6661719083786011,54.525001525878906,0.6519871354103088,-0.0729349702596664,0.7526320815086365,0.6406092643737793,0.1913502961397171,3.29621958732605,Low,Africa
Zimbabwe,2023,7.678589820861816,0.6938174366950989,55.0,0.734612762928009,-0.0688367038965225,0.7574936747550964,0.60975182056427,0.1789533644914627,3.5723862648010254,Low,Africa
